-- phpMyAdmin SQL Dump
-- version 4.2.12
-- http://www.phpmyadmin.net
--
-- Host: localhost:3306
-- Generation Time: Feb 06, 2015 at 05:45 PM
-- Server version: 5.5.40
-- PHP Version: 5.4.35

SET SQL_MODE = "NO_AUTO_VALUE_ON_ZERO";
SET time_zone = "+00:00";


/*!40101 SET @OLD_CHARACTER_SET_CLIENT=@@CHARACTER_SET_CLIENT */;
/*!40101 SET @OLD_CHARACTER_SET_RESULTS=@@CHARACTER_SET_RESULTS */;
/*!40101 SET @OLD_COLLATION_CONNECTION=@@COLLATION_CONNECTION */;
/*!40101 SET NAMES utf8 */;

--
-- Database: `demoreal`
--

-- --------------------------------------------------------

--
-- Table structure for table `agent`
--

CREATE TABLE IF NOT EXISTS `agent` (
`agent_id` int(10) unsigned NOT NULL,
  `sfid` varchar(100) NOT NULL,
  `password` varchar(100) NOT NULL,
  `type` tinyint(3) NOT NULL DEFAULT '1'
) ENGINE=InnoDB AUTO_INCREMENT=1546 DEFAULT CHARSET=utf8;

--
-- Dumping data for table `agent`
--

INSERT INTO `agent` (`agent_id`, `sfid`, `password`, `type`) VALUES
(1, '9999', 'demoreal', 9),
(2, 'altabox', 'demoreal', 9),
(5, '16690019', 'demoreal', 1),
(6, '16690020', 'demoreal', 1),
(7, '16690021', 'demoreal', 1),
(8, '19440289', 'demoreal', 1),
(9, '19990245', 'demoreal', 1),
(10, '19990277', 'demoreal', 1),
(11, '19990278', 'demoreal', 1),
(12, '19990279', 'demoreal', 1),
(13, '29440143', 'demoreal', 1),
(14, '29990172', 'demoreal', 1),
(15, '29990174', 'demoreal', 1),
(16, '36000082', 'demoreal', 1),
(17, '36000083', 'demoreal', 1),
(18, '39440179', 'demoreal', 1),
(19, '39990129', 'demoreal', 1),
(20, '39990131', 'demoreal', 1),
(21, '46000115', 'demoreal', 1),
(22, '46000116', 'demoreal', 1),
(23, '46000153', 'demoreal', 1),
(24, '46000154', 'demoreal', 1),
(25, '56000155', 'demoreal', 1),
(26, '56000166', 'demoreal', 1),
(27, '56000167', 'demoreal', 1),
(28, '56000168', 'demoreal', 1),
(29, '56000188', 'demoreal', 1),
(30, '56000191', 'demoreal', 1),
(31, '56000192', 'demoreal', 1),
(32, '59440301', 'demoreal', 1),
(33, '69440107', 'demoreal', 1),
(34, '69990033', 'demoreal', 1),
(35, '69990054', 'demoreal', 1),
(36, '29990190', 'demoreal', 1),
(37, '29990231', 'demoreal', 1),
(38, '29990254', 'demoreal', 1),
(39, '19990246', 'demoreal', 1),
(40, '19990290', 'demoreal', 1),
(41, '19990297', 'demoreal', 1),
(42, '19990298', 'demoreal', 1),
(43, '19990300', 'demoreal', 1),
(44, '19990301', 'demoreal', 1),
(45, '29990169', 'demoreal', 1),
(46, '29990170', 'demoreal', 1),
(47, '29990236', 'demoreal', 1),
(48, '29990237', 'demoreal', 1),
(49, '36000075', 'demoreal', 1),
(50, '36000085', 'demoreal', 1),
(51, '36000086', 'demoreal', 1),
(52, '36000087', 'demoreal', 1),
(53, '39440176', 'demoreal', 1),
(54, '39440180', 'demoreal', 1),
(55, '39440219', 'demoreal', 1),
(56, '39990127', 'demoreal', 1),
(57, '39990128', 'demoreal', 1),
(58, '39990132', 'demoreal', 1),
(59, '39990133', 'demoreal', 1),
(60, '39990134', 'demoreal', 1),
(61, '46000118', 'demoreal', 1),
(62, '46000120', 'demoreal', 1),
(63, '46000123', 'demoreal', 1),
(64, '46000126', 'demoreal', 1),
(65, '46000127', 'demoreal', 1),
(66, '46000141', 'demoreal', 1),
(67, '46000142', 'demoreal', 1),
(68, '46000147', 'demoreal', 1),
(69, '46000148', 'demoreal', 1),
(70, '46000150', 'demoreal', 1),
(71, '49440214', 'demoreal', 1),
(72, '56000120', 'demoreal', 1),
(73, '56000156', 'demoreal', 1),
(74, '56000157', 'demoreal', 1),
(75, '56000158', 'demoreal', 1),
(76, '56000159', 'demoreal', 1),
(77, '56000160', 'demoreal', 1),
(78, '56000169', 'demoreal', 1),
(79, '56000170', 'demoreal', 1),
(80, '56000174', 'demoreal', 1),
(81, '56000178', 'demoreal', 1),
(82, '56000181', 'demoreal', 1),
(83, '56000193', 'demoreal', 1),
(84, '56000194', 'demoreal', 1),
(85, '56000197', 'demoreal', 1),
(86, '69440087', 'demoreal', 1),
(87, '69990050', 'demoreal', 1),
(88, '79990103', 'demoreal', 1),
(89, '26000127', 'demoreal', 1),
(90, '26000128', 'demoreal', 1),
(91, '26000129', 'demoreal', 1),
(92, '29440145', 'demoreal', 1),
(93, '16690022', 'demoreal', 1),
(94, '19440288', 'demoreal', 1),
(95, '19990231', 'demoreal', 1),
(96, '19990280', 'demoreal', 1),
(97, '19990281', 'demoreal', 1),
(98, '19990282', 'demoreal', 1),
(99, '19990283', 'demoreal', 1),
(100, '19990284', 'demoreal', 1),
(101, '19990285', 'demoreal', 1),
(102, '19990286', 'demoreal', 1),
(103, '19990287', 'demoreal', 1),
(104, '19990288', 'demoreal', 1),
(105, '19990289', 'demoreal', 1),
(106, '19990291', 'demoreal', 1),
(107, '19990299', 'demoreal', 1),
(108, '19990312', 'demoreal', 1),
(109, '26000125', 'demoreal', 1),
(110, '26000126', 'demoreal', 1),
(111, '26000130', 'demoreal', 1),
(112, '29990177', 'demoreal', 1),
(113, '29990181', 'demoreal', 1),
(114, '29990232', 'demoreal', 1),
(115, '29990233', 'demoreal', 1),
(116, '29990234', 'demoreal', 1),
(117, '36000074', 'demoreal', 1),
(118, '36000084', 'demoreal', 1),
(119, '36000088', 'demoreal', 1),
(120, '46000117', 'demoreal', 1),
(121, '46000119', 'demoreal', 1),
(122, '46000121', 'demoreal', 1),
(123, '46000124', 'demoreal', 1),
(124, '46000125', 'demoreal', 1),
(125, '46000128', 'demoreal', 1),
(126, '46000139', 'demoreal', 1),
(127, '46000140', 'demoreal', 1),
(128, '46000143', 'demoreal', 1),
(129, '46000145', 'demoreal', 1),
(130, '46000146', 'demoreal', 1),
(131, '46000149', 'demoreal', 1),
(132, '46000152', 'demoreal', 1),
(133, '49440213', 'demoreal', 1),
(134, '49440217', 'demoreal', 1),
(135, '49440232', 'demoreal', 1),
(136, '56000114', 'demoreal', 1),
(137, '56000115', 'demoreal', 1),
(138, '56000118', 'demoreal', 1),
(139, '56000119', 'demoreal', 1),
(140, '56000122', 'demoreal', 1),
(141, '56000123', 'demoreal', 1),
(142, '56000127', 'demoreal', 1),
(143, '56000131', 'demoreal', 1),
(144, '56000132', 'demoreal', 1),
(145, '56000134', 'demoreal', 1),
(146, '56000161', 'demoreal', 1),
(147, '56000162', 'demoreal', 1),
(148, '56000163', 'demoreal', 1),
(149, '56000171', 'demoreal', 1),
(150, '56000172', 'demoreal', 1),
(151, '56000173', 'demoreal', 1),
(152, '56000175', 'demoreal', 1),
(153, '56000176', 'demoreal', 1),
(154, '56000177', 'demoreal', 1),
(155, '56000179', 'demoreal', 1),
(156, '56000180', 'demoreal', 1),
(157, '56000195', 'demoreal', 1),
(158, '69440089', 'demoreal', 1),
(159, '69440093', 'demoreal', 1),
(160, '69990051', 'demoreal', 1),
(161, '69990052', 'demoreal', 1),
(162, '19440290', 'demoreal', 1),
(163, '19990229', 'demoreal', 1),
(164, '19990292', 'demoreal', 1),
(165, '16690018', 'demoreal', 1),
(166, '16690023', 'demoreal', 1),
(167, '16690024', 'demoreal', 1),
(168, '16690025', 'demoreal', 1),
(169, '16690026', 'demoreal', 1),
(170, '16690027', 'demoreal', 1),
(171, '19440293', 'demoreal', 1),
(172, '19440294', 'demoreal', 1),
(173, '19440301', 'demoreal', 1),
(174, '19990228', 'demoreal', 1),
(175, '19990293', 'demoreal', 1),
(176, '19990294', 'demoreal', 1),
(177, '19990295', 'demoreal', 1),
(178, '19990296', 'demoreal', 1),
(179, '26000135', 'demoreal', 1),
(180, '29990171', 'demoreal', 1),
(181, '29990173', 'demoreal', 1),
(182, '29990238', 'demoreal', 1),
(183, '36000089', 'demoreal', 1),
(184, '36000090', 'demoreal', 1),
(185, '39440178', 'demoreal', 1),
(186, '39990125', 'demoreal', 1),
(187, '39990126', 'demoreal', 1),
(188, '46000129', 'demoreal', 1),
(189, '46000130', 'demoreal', 1),
(190, '46000131', 'demoreal', 1),
(191, '46000132', 'demoreal', 1),
(192, '46000133', 'demoreal', 1),
(193, '46000134', 'demoreal', 1),
(194, '46000135', 'demoreal', 1),
(195, '46000136', 'demoreal', 1),
(196, '46000137', 'demoreal', 1),
(197, '46000138', 'demoreal', 1),
(198, '46000156', 'demoreal', 1),
(199, '49440218', 'demoreal', 1),
(200, '56000116', 'demoreal', 1),
(201, '56000164', 'demoreal', 1),
(202, '56000165', 'demoreal', 1),
(203, '56000182', 'demoreal', 1),
(204, '56000183', 'demoreal', 1),
(205, '56000184', 'demoreal', 1),
(206, '56000185', 'demoreal', 1),
(207, '56000186', 'demoreal', 1),
(208, '56000187', 'demoreal', 1),
(209, '56000196', 'demoreal', 1),
(210, '69440086', 'demoreal', 1),
(211, '69440088', 'demoreal', 1),
(212, '69440090', 'demoreal', 1),
(213, '69440091', 'demoreal', 1),
(214, '69440092', 'demoreal', 1),
(215, '79440085', 'demoreal', 1),
(216, '79990102', 'demoreal', 1),
(217, '26000131', 'demoreal', 1),
(218, '26000132', 'demoreal', 1),
(219, '26000133', 'demoreal', 1),
(220, '26000134', 'demoreal', 1),
(221, '29440146', 'demoreal', 1),
(222, '29990235', 'demoreal', 1),
(223, '29990240', 'demoreal', 1),
(224, '29990241', 'demoreal', 1),
(225, '29990242', 'demoreal', 1),
(226, '29990243', 'demoreal', 1),
(227, '29990244', 'demoreal', 1),
(228, '16000010', 'demoreal', 1),
(229, '16000061', 'demoreal', 1),
(230, '16000138', 'demoreal', 1),
(231, '16000807', 'demoreal', 1),
(232, '16450008', 'demoreal', 1),
(233, '16450011', 'demoreal', 1),
(234, '16540001', 'demoreal', 1),
(235, '16690014', 'demoreal', 1),
(236, '19051305', 'demoreal', 1),
(237, '19052927', 'demoreal', 1),
(238, '19440060', 'demoreal', 1),
(239, '19440120', 'demoreal', 1),
(240, '19440121', 'demoreal', 1),
(241, '19440128', 'demoreal', 1),
(242, '19440145', 'demoreal', 1),
(243, '19440150', 'demoreal', 1),
(244, '19440151', 'demoreal', 1),
(245, '19440257', 'demoreal', 1),
(246, '19440258', 'demoreal', 1),
(247, '19440317', 'demoreal', 1),
(248, '19440330', 'demoreal', 1),
(249, '19440332', 'demoreal', 1),
(250, '19440335', 'demoreal', 1),
(251, '19441248', 'demoreal', 1),
(252, '19446204', 'demoreal', 1),
(253, '19446404', 'demoreal', 1),
(254, '19446926', 'demoreal', 1),
(255, '19447026', 'demoreal', 1),
(256, '19447348', 'demoreal', 1),
(257, '19447426', 'demoreal', 1),
(258, '19448860', 'demoreal', 1),
(259, '19448882', 'demoreal', 1),
(260, '19449371', 'demoreal', 1),
(261, '19449526', 'demoreal', 1),
(262, '19990011', 'demoreal', 1),
(263, '19990022', 'demoreal', 1),
(264, '19990044', 'demoreal', 1),
(265, '19990063', 'demoreal', 1),
(266, '19990078', 'demoreal', 1),
(267, '19990092', 'demoreal', 1),
(268, '19990180', 'demoreal', 1),
(269, '19990191', 'demoreal', 1),
(270, '19990192', 'demoreal', 1),
(271, '19990210', 'demoreal', 1),
(272, '19990211', 'demoreal', 1),
(273, '19990212', 'demoreal', 1),
(274, '19990218', 'demoreal', 1),
(275, '19990243', 'demoreal', 1),
(276, '19990251', 'demoreal', 1),
(277, '19990252', 'demoreal', 1),
(278, '19990267', 'demoreal', 1),
(279, '19991743', 'demoreal', 1),
(280, '19993165', 'demoreal', 1),
(281, '19993943', 'demoreal', 1),
(282, '26000008', 'demoreal', 1),
(283, '26000014', 'demoreal', 1),
(284, '26000121', 'demoreal', 1),
(285, '26360006', 'demoreal', 1),
(286, '26360011', 'demoreal', 1),
(287, '26360012', 'demoreal', 1),
(288, '26360013', 'demoreal', 1),
(289, '28810004', 'demoreal', 1),
(290, '28810010', 'demoreal', 1),
(291, '29049438', 'demoreal', 1),
(292, '29440068', 'demoreal', 1),
(293, '29440071', 'demoreal', 1),
(294, '29445649', 'demoreal', 1),
(295, '29447450', 'demoreal', 1),
(296, '29448150', 'demoreal', 1),
(297, '29448227', 'demoreal', 1),
(298, '29448405', 'demoreal', 1),
(299, '29990003', 'demoreal', 1),
(300, '29990011', 'demoreal', 1),
(301, '29990038', 'demoreal', 1),
(302, '29990076', 'demoreal', 1),
(303, '29990080', 'demoreal', 1),
(304, '29990147', 'demoreal', 1),
(305, '29990149', 'demoreal', 1),
(306, '29990155', 'demoreal', 1),
(307, '29990165', 'demoreal', 1),
(308, '29990166', 'demoreal', 1),
(309, '29990194', 'demoreal', 1),
(310, '29990199', 'demoreal', 1),
(311, '29990203', 'demoreal', 1),
(312, '29990205', 'demoreal', 1),
(313, '29990206', 'demoreal', 1),
(314, '29990226', 'demoreal', 1),
(315, '29990227', 'demoreal', 1),
(316, '29990228', 'demoreal', 1),
(317, '29990229', 'demoreal', 1),
(318, '29990230', 'demoreal', 1),
(319, '29990255', 'demoreal', 1),
(320, '29990256', 'demoreal', 1),
(321, '29990257', 'demoreal', 1),
(322, '29992555', 'demoreal', 1),
(323, '29993088', 'demoreal', 1),
(324, '29993133', 'demoreal', 1),
(325, '29993299', 'demoreal', 1),
(326, '29993500', 'demoreal', 1),
(327, '29993622', 'demoreal', 1),
(328, '29993877', 'demoreal', 1),
(329, '29994000', 'demoreal', 1),
(330, '29994133', 'demoreal', 1),
(331, '29994266', 'demoreal', 1),
(332, '36000001', 'demoreal', 1),
(333, '36000005', 'demoreal', 1),
(334, '36000025', 'demoreal', 1),
(335, '36000026', 'demoreal', 1),
(336, '36000028', 'demoreal', 1),
(337, '36000081', 'demoreal', 1),
(338, '39440029', 'demoreal', 1),
(339, '39440043', 'demoreal', 1),
(340, '39440053', 'demoreal', 1),
(341, '39440065', 'demoreal', 1),
(342, '39440068', 'demoreal', 1),
(343, '39440079', 'demoreal', 1),
(344, '39440188', 'demoreal', 1),
(345, '39440210', 'demoreal', 1),
(346, '39445328', 'demoreal', 1),
(347, '39446106', 'demoreal', 1),
(348, '39446240', 'demoreal', 1),
(349, '39446284', 'demoreal', 1),
(350, '39446562', 'demoreal', 1),
(351, '39446617', 'demoreal', 1),
(352, '39990049', 'demoreal', 1),
(353, '39990073', 'demoreal', 1),
(354, '39990088', 'demoreal', 1),
(355, '39990089', 'demoreal', 1),
(356, '39990107', 'demoreal', 1),
(357, '39990116', 'demoreal', 1),
(358, '39990117', 'demoreal', 1),
(359, '39990118', 'demoreal', 1),
(360, '39990120', 'demoreal', 1),
(361, '39990121', 'demoreal', 1),
(362, '39992034', 'demoreal', 1),
(363, '39993023', 'demoreal', 1),
(364, '39993190', 'demoreal', 1),
(365, '39993289', 'demoreal', 1),
(366, '45351504', 'demoreal', 1),
(367, '46000322', 'demoreal', 1),
(368, '48810003', 'demoreal', 1),
(369, '48810011', 'demoreal', 1),
(370, '48810012', 'demoreal', 1),
(371, '48810017', 'demoreal', 1),
(372, '48810018', 'demoreal', 1),
(373, '48810092', 'demoreal', 1),
(374, '49050004', 'demoreal', 1),
(375, '49052953', 'demoreal', 1),
(376, '49440057', 'demoreal', 1),
(377, '49440161', 'demoreal', 1),
(378, '49440235', 'demoreal', 1),
(379, '49440256', 'demoreal', 1),
(380, '49440258', 'demoreal', 1),
(381, '49440265', 'demoreal', 1),
(382, '49442429', 'demoreal', 1),
(383, '49444918', 'demoreal', 1),
(384, '49990071', 'demoreal', 1),
(385, '49990117', 'demoreal', 1),
(386, '49990118', 'demoreal', 1),
(387, '49990144', 'demoreal', 1),
(388, '49990155', 'demoreal', 1),
(389, '49990160', 'demoreal', 1),
(390, '49990161', 'demoreal', 1),
(391, '49990162', 'demoreal', 1),
(392, '55350009', 'demoreal', 1),
(393, '56000025', 'demoreal', 1),
(394, '56000038', 'demoreal', 1),
(395, '56000055', 'demoreal', 1),
(396, '56000096', 'demoreal', 1),
(397, '56000105', 'demoreal', 1),
(398, '56001078', 'demoreal', 1),
(399, '58250000', 'demoreal', 1),
(400, '59440033', 'demoreal', 1),
(401, '59440074', 'demoreal', 1),
(402, '59440079', 'demoreal', 1),
(403, '59440113', 'demoreal', 1),
(404, '59440116', 'demoreal', 1),
(405, '59440119', 'demoreal', 1),
(406, '59440126', 'demoreal', 1),
(407, '59440129', 'demoreal', 1),
(408, '59440130', 'demoreal', 1),
(409, '59440134', 'demoreal', 1),
(410, '59440137', 'demoreal', 1),
(411, '59440268', 'demoreal', 1),
(412, '59440272', 'demoreal', 1),
(413, '59440273', 'demoreal', 1),
(414, '59440274', 'demoreal', 1),
(415, '59440314', 'demoreal', 1),
(416, '59440336', 'demoreal', 1),
(417, '59447764', 'demoreal', 1),
(418, '59449464', 'demoreal', 1),
(419, '59990076', 'demoreal', 1),
(420, '59990146', 'demoreal', 1),
(421, '59990175', 'demoreal', 1),
(422, '59990182', 'demoreal', 1),
(423, '59990204', 'demoreal', 1),
(424, '59993069', 'demoreal', 1),
(425, '59993803', 'demoreal', 1),
(426, '59993970', 'demoreal', 1),
(427, '69440011', 'demoreal', 1),
(428, '69440040', 'demoreal', 1),
(429, '69440041', 'demoreal', 1),
(430, '69440044', 'demoreal', 1),
(431, '69440073', 'demoreal', 1),
(432, '69440080', 'demoreal', 1),
(433, '69440101', 'demoreal', 1),
(434, '69440104', 'demoreal', 1),
(435, '69990046', 'demoreal', 1),
(436, '76000005', 'demoreal', 1),
(437, '76000021', 'demoreal', 1),
(438, '76000035', 'demoreal', 1),
(439, '76000054', 'demoreal', 1),
(440, '76000055', 'demoreal', 1),
(441, '79440015', 'demoreal', 1),
(442, '79440023', 'demoreal', 1),
(443, '79440063', 'demoreal', 1),
(444, '79440082', 'demoreal', 1),
(445, '79440084', 'demoreal', 1),
(446, '79990014', 'demoreal', 1),
(447, '79990016', 'demoreal', 1),
(448, '79990024', 'demoreal', 1),
(449, '79990026', 'demoreal', 1),
(450, '79990029', 'demoreal', 1),
(451, '79990030', 'demoreal', 1),
(452, '79990050', 'demoreal', 1),
(453, '79990053', 'demoreal', 1),
(454, '79990055', 'demoreal', 1),
(455, '79990062', 'demoreal', 1),
(456, '79990074', 'demoreal', 1),
(457, '79990094', 'demoreal', 1),
(458, '79990096', 'demoreal', 1),
(459, '18810088', 'demoreal', 1),
(460, '19440087', 'demoreal', 1),
(461, '19440154', 'demoreal', 1),
(462, '19440164', 'demoreal', 1),
(463, '19993132', 'demoreal', 1),
(464, '29991699', 'demoreal', 1),
(465, '36710071', 'demoreal', 1),
(466, '39446717', 'demoreal', 1),
(467, '39990040', 'demoreal', 1),
(468, '39990071', 'demoreal', 1),
(469, '39992412', 'demoreal', 1),
(470, '59440263', 'demoreal', 1),
(471, '59440281', 'demoreal', 1),
(472, '68250954', 'demoreal', 1),
(473, '79440039', 'demoreal', 1),
(474, '79990087', 'demoreal', 1),
(475, '16000101', 'demoreal', 1),
(476, '16450010', 'demoreal', 1),
(477, '19440234', 'demoreal', 1),
(478, '19990131', 'demoreal', 1),
(479, '26330003', 'demoreal', 1),
(480, '29446938', 'demoreal', 1),
(481, '29990030', 'demoreal', 1),
(482, '29990137', 'demoreal', 1),
(483, '36000077', 'demoreal', 1),
(484, '36450001', 'demoreal', 1),
(485, '39440114', 'demoreal', 1),
(486, '39440125', 'demoreal', 1),
(487, '39440155', 'demoreal', 1),
(488, '39440198', 'demoreal', 1),
(489, '39444728', 'demoreal', 1),
(490, '39445417', 'demoreal', 1),
(491, '39710649', 'demoreal', 1),
(492, '39990087', 'demoreal', 1),
(493, '39992678', 'demoreal', 1),
(494, '48810008', 'demoreal', 1),
(495, '49440132', 'demoreal', 1),
(496, '49440238', 'demoreal', 1),
(497, '49440259', 'demoreal', 1),
(498, '49990099', 'demoreal', 1),
(499, '49992657', 'demoreal', 1),
(500, '55350018', 'demoreal', 1),
(501, '56000130', 'demoreal', 1),
(502, '56001245', 'demoreal', 1),
(503, '59080368', 'demoreal', 1),
(504, '59440198', 'demoreal', 1),
(505, '59440225', 'demoreal', 1),
(506, '59440227', 'demoreal', 1),
(507, '59440231', 'demoreal', 1),
(508, '59440245', 'demoreal', 1),
(509, '59440248', 'demoreal', 1),
(510, '59440251', 'demoreal', 1),
(511, '59440276', 'demoreal', 1),
(512, '59440316', 'demoreal', 1),
(513, '59440338', 'demoreal', 1),
(514, '59990149', 'demoreal', 1),
(515, '59990180', 'demoreal', 1),
(516, '19440153', 'demoreal', 1),
(517, '29990083', 'demoreal', 1),
(518, '39990074', 'demoreal', 1),
(519, '56000036', 'demoreal', 1),
(520, '59440032', 'demoreal', 1),
(521, '59990201', 'demoreal', 1),
(522, '59993158', 'demoreal', 1),
(523, '69440047', 'demoreal', 1),
(524, '69440064', 'demoreal', 1),
(525, '16000430', 'demoreal', 1),
(526, '16540008', 'demoreal', 1),
(527, '16690005', 'demoreal', 1),
(528, '16690008', 'demoreal', 1),
(529, '16690011', 'demoreal', 1),
(530, '18810003', 'demoreal', 1),
(531, '19440158', 'demoreal', 1),
(532, '19440161', 'demoreal', 1),
(533, '19440222', 'demoreal', 1),
(534, '19440253', 'demoreal', 1),
(535, '19440324', 'demoreal', 1),
(536, '19990079', 'demoreal', 1),
(537, '19990127', 'demoreal', 1),
(538, '19990140', 'demoreal', 1),
(539, '19990273', 'demoreal', 1),
(540, '19993198', 'demoreal', 1),
(541, '19993265', 'demoreal', 1),
(542, '26000048', 'demoreal', 1),
(543, '26000853', 'demoreal', 1),
(544, '26330001', 'demoreal', 1),
(545, '26330012', 'demoreal', 1),
(546, '29043361', 'demoreal', 1),
(547, '29060252', 'demoreal', 1),
(548, '29440002', 'demoreal', 1),
(549, '29445549', 'demoreal', 1),
(550, '29446616', 'demoreal', 1),
(551, '29990044', 'demoreal', 1),
(552, '29990090', 'demoreal', 1),
(553, '29990092', 'demoreal', 1),
(554, '29990094', 'demoreal', 1),
(555, '29990126', 'demoreal', 1),
(556, '29990130', 'demoreal', 1),
(557, '29990132', 'demoreal', 1),
(558, '29990140', 'demoreal', 1),
(559, '29990146', 'demoreal', 1),
(560, '29990198', 'demoreal', 1),
(561, '29990208', 'demoreal', 1),
(562, '29993677', 'demoreal', 1),
(563, '29994022', 'demoreal', 1),
(564, '36000998', 'demoreal', 1),
(565, '39042939', 'demoreal', 1),
(566, '39440058', 'demoreal', 1),
(567, '39440075', 'demoreal', 1),
(568, '39440076', 'demoreal', 1),
(569, '39440078', 'demoreal', 1),
(570, '39440101', 'demoreal', 1),
(571, '39992356', 'demoreal', 1),
(572, '39993623', 'demoreal', 1),
(573, '46000057', 'demoreal', 1),
(574, '46000084', 'demoreal', 1),
(575, '48810013', 'demoreal', 1),
(576, '49047574', 'demoreal', 1),
(577, '49050000', 'demoreal', 1),
(578, '49440080', 'demoreal', 1),
(579, '49440133', 'demoreal', 1),
(580, '49440135', 'demoreal', 1),
(581, '49440153', 'demoreal', 1),
(582, '49440184', 'demoreal', 1),
(583, '49440270', 'demoreal', 1),
(584, '49444930', 'demoreal', 1),
(585, '49447241', 'demoreal', 1),
(586, '49990006', 'demoreal', 1),
(587, '49990061', 'demoreal', 1),
(588, '49990083', 'demoreal', 1),
(589, '49990136', 'demoreal', 1),
(590, '49990143', 'demoreal', 1),
(591, '49990152', 'demoreal', 1),
(592, '49990156', 'demoreal', 1),
(593, '56000094', 'demoreal', 1),
(594, '56000152', 'demoreal', 1),
(595, '59440055', 'demoreal', 1),
(596, '59440128', 'demoreal', 1),
(597, '59440233', 'demoreal', 1),
(598, '59440236', 'demoreal', 1),
(599, '59440240', 'demoreal', 1),
(600, '59440269', 'demoreal', 1),
(601, '59440320', 'demoreal', 1),
(602, '59440321', 'demoreal', 1),
(603, '59440329', 'demoreal', 1),
(604, '59445186', 'demoreal', 1),
(605, '59445653', 'demoreal', 1),
(606, '59448875', 'demoreal', 1),
(607, '59990098', 'demoreal', 1),
(608, '59990153', 'demoreal', 1),
(609, '69440051', 'demoreal', 1),
(610, '69440056', 'demoreal', 1),
(611, '69440068', 'demoreal', 1),
(612, '69445443', 'demoreal', 1),
(613, '79990015', 'demoreal', 1),
(614, '79990078', 'demoreal', 1),
(615, '79990079', 'demoreal', 1),
(616, '49050007', 'demoreal', 1),
(617, '16000095', 'demoreal', 1),
(618, '16000102', 'demoreal', 1),
(619, '16000132', 'demoreal', 1),
(620, '16000139', 'demoreal', 1),
(621, '16000952', 'demoreal', 1),
(622, '16001063', 'demoreal', 1),
(623, '16450004', 'demoreal', 1),
(624, '16540006', 'demoreal', 1),
(625, '16690012', 'demoreal', 1),
(626, '16690015', 'demoreal', 1),
(627, '16690040', 'demoreal', 1),
(628, '19046348', 'demoreal', 1),
(629, '19440028', 'demoreal', 1),
(630, '19440144', 'demoreal', 1),
(631, '19440162', 'demoreal', 1),
(632, '19440207', 'demoreal', 1),
(633, '19440334', 'demoreal', 1),
(634, '19447604', 'demoreal', 1),
(635, '19447971', 'demoreal', 1),
(636, '19990071', 'demoreal', 1),
(637, '19990095', 'demoreal', 1),
(638, '19990113', 'demoreal', 1),
(639, '19990139', 'demoreal', 1),
(640, '19990241', 'demoreal', 1),
(641, '19990242', 'demoreal', 1),
(642, '19990270', 'demoreal', 1),
(643, '19993187', 'demoreal', 1),
(644, '19993476', 'demoreal', 1),
(645, '26000000', 'demoreal', 1),
(646, '26000975', 'demoreal', 1),
(647, '26360000', 'demoreal', 1),
(648, '26360017', 'demoreal', 1),
(649, '28810008', 'demoreal', 1),
(650, '29060230', 'demoreal', 1),
(651, '29440172', 'demoreal', 1),
(652, '29443649', 'demoreal', 1),
(653, '29447449', 'demoreal', 1),
(654, '29990002', 'demoreal', 1),
(655, '29990040', 'demoreal', 1),
(656, '29990042', 'demoreal', 1),
(657, '29990061', 'demoreal', 1),
(658, '29990075', 'demoreal', 1),
(659, '29990087', 'demoreal', 1),
(660, '29990091', 'demoreal', 1),
(661, '29990134', 'demoreal', 1),
(662, '29990136', 'demoreal', 1),
(663, '29990141', 'demoreal', 1),
(664, '29990145', 'demoreal', 1),
(665, '29990154', 'demoreal', 1),
(666, '29990157', 'demoreal', 1),
(667, '29990163', 'demoreal', 1),
(668, '29990164', 'demoreal', 1),
(669, '29990195', 'demoreal', 1),
(670, '29990201', 'demoreal', 1),
(671, '29990202', 'demoreal', 1),
(672, '29990225', 'demoreal', 1),
(673, '29990258', 'demoreal', 1),
(674, '29992877', 'demoreal', 1),
(675, '29993122', 'demoreal', 1),
(676, '29993233', 'demoreal', 1),
(677, '29994033', 'demoreal', 1),
(678, '29994099', 'demoreal', 1),
(679, '36540005', 'demoreal', 1),
(680, '36710066', 'demoreal', 1),
(681, '36710075', 'demoreal', 1),
(682, '39040000', 'demoreal', 1),
(683, '39440064', 'demoreal', 1),
(684, '39440165', 'demoreal', 1),
(685, '39440195', 'demoreal', 1),
(686, '39440212', 'demoreal', 1),
(687, '39446040', 'demoreal', 1),
(688, '39447162', 'demoreal', 1),
(689, '39710650', 'demoreal', 1),
(690, '39990119', 'demoreal', 1),
(691, '39992067', 'demoreal', 1),
(692, '46000028', 'demoreal', 1),
(693, '46000333', 'demoreal', 1),
(694, '48810016', 'demoreal', 1),
(695, '48810019', 'demoreal', 1),
(696, '49040852', 'demoreal', 1),
(697, '49060143', 'demoreal', 1),
(698, '49099902', 'demoreal', 1),
(699, '49440051', 'demoreal', 1),
(700, '49440081', 'demoreal', 1),
(701, '49440100', 'demoreal', 1),
(702, '49440102', 'demoreal', 1),
(703, '49440106', 'demoreal', 1),
(704, '49440108', 'demoreal', 1),
(705, '49440127', 'demoreal', 1),
(706, '49440159', 'demoreal', 1),
(707, '49440181', 'demoreal', 1),
(708, '49440183', 'demoreal', 1),
(709, '49440239', 'demoreal', 1),
(710, '49440248', 'demoreal', 1),
(711, '49440266', 'demoreal', 1),
(712, '49440269', 'demoreal', 1),
(713, '49440271', 'demoreal', 1),
(714, '49444718', 'demoreal', 1),
(715, '49990078', 'demoreal', 1),
(716, '49990086', 'demoreal', 1),
(717, '49990098', 'demoreal', 1),
(718, '49990126', 'demoreal', 1),
(719, '49990135', 'demoreal', 1),
(720, '49990142', 'demoreal', 1),
(721, '49990154', 'demoreal', 1),
(722, '49990159', 'demoreal', 1),
(723, '49990164', 'demoreal', 1),
(724, '49992913', 'demoreal', 1),
(725, '55351027', 'demoreal', 1),
(726, '56000041', 'demoreal', 1),
(727, '56000091', 'demoreal', 1),
(728, '56000113', 'demoreal', 1),
(729, '56000140', 'demoreal', 1),
(730, '56000141', 'demoreal', 1),
(731, '56000144', 'demoreal', 1),
(732, '56000147', 'demoreal', 1),
(733, '56000149', 'demoreal', 1),
(734, '58250686', 'demoreal', 1),
(735, '59053065', 'demoreal', 1),
(736, '59080280', 'demoreal', 1),
(737, '59440094', 'demoreal', 1),
(738, '59440111', 'demoreal', 1),
(739, '59440117', 'demoreal', 1),
(740, '59440133', 'demoreal', 1),
(741, '59440135', 'demoreal', 1),
(742, '59440139', 'demoreal', 1),
(743, '59440188', 'demoreal', 1),
(744, '59440195', 'demoreal', 1),
(745, '59440267', 'demoreal', 1),
(746, '59440318', 'demoreal', 1),
(747, '59440319', 'demoreal', 1),
(748, '59447786', 'demoreal', 1),
(749, '59448786', 'demoreal', 1),
(750, '59449308', 'demoreal', 1),
(751, '59449542', 'demoreal', 1),
(752, '59990003', 'demoreal', 1),
(753, '59990030', 'demoreal', 1),
(754, '59990063', 'demoreal', 1),
(755, '59990170', 'demoreal', 1),
(756, '59990174', 'demoreal', 1),
(757, '59990177', 'demoreal', 1),
(758, '59990178', 'demoreal', 1),
(759, '59990181', 'demoreal', 1),
(760, '69440045', 'demoreal', 1),
(761, '69440062', 'demoreal', 1),
(762, '69440066', 'demoreal', 1),
(763, '69440078', 'demoreal', 1),
(764, '69990028', 'demoreal', 1),
(765, '69990030', 'demoreal', 1),
(766, '69990039', 'demoreal', 1),
(767, '76000016', 'demoreal', 1),
(768, '79440033', 'demoreal', 1),
(769, '79440043', 'demoreal', 1),
(770, '79440048', 'demoreal', 1),
(771, '79990021', 'demoreal', 1),
(772, '79990041', 'demoreal', 1),
(773, '79990081', 'demoreal', 1),
(774, '79990090', 'demoreal', 1),
(775, '79990092', 'demoreal', 1),
(776, '79990097', 'demoreal', 1),
(777, '16690009', 'demoreal', 1),
(778, '28250727', 'demoreal', 1),
(779, '29440124', 'demoreal', 1),
(780, '56000978', 'demoreal', 1),
(781, '15350019', 'demoreal', 1),
(782, '16000003', 'demoreal', 1),
(783, '16001096', 'demoreal', 1),
(784, '16001107', 'demoreal', 1),
(785, '16450000', 'demoreal', 1),
(786, '16450057', 'demoreal', 1),
(787, '16540012', 'demoreal', 1),
(788, '16690001', 'demoreal', 1),
(789, '16690006', 'demoreal', 1),
(790, '16690013', 'demoreal', 1),
(791, '16690016', 'demoreal', 1),
(792, '18810005', 'demoreal', 1),
(793, '19047437', 'demoreal', 1),
(794, '19099398', 'demoreal', 1),
(795, '19440083', 'demoreal', 1),
(796, '19440095', 'demoreal', 1),
(797, '19440149', 'demoreal', 1),
(798, '19440155', 'demoreal', 1),
(799, '19440156', 'demoreal', 1),
(800, '19440250', 'demoreal', 1),
(801, '19440259', 'demoreal', 1),
(802, '19440265', 'demoreal', 1),
(803, '19440314', 'demoreal', 1),
(804, '19440316', 'demoreal', 1),
(805, '19440331', 'demoreal', 1),
(806, '19440333', 'demoreal', 1),
(807, '19447104', 'demoreal', 1),
(808, '19447260', 'demoreal', 1),
(809, '19447748', 'demoreal', 1),
(810, '19447993', 'demoreal', 1),
(811, '19448115', 'demoreal', 1),
(812, '19448171', 'demoreal', 1),
(813, '19448515', 'demoreal', 1),
(814, '19448526', 'demoreal', 1),
(815, '19448837', 'demoreal', 1),
(816, '19449059', 'demoreal', 1),
(817, '19449482', 'demoreal', 1),
(818, '19990034', 'demoreal', 1),
(819, '19990046', 'demoreal', 1),
(820, '19990098', 'demoreal', 1),
(821, '19990112', 'demoreal', 1),
(822, '19990156', 'demoreal', 1),
(823, '19990213', 'demoreal', 1),
(824, '19990250', 'demoreal', 1),
(825, '19990268', 'demoreal', 1),
(826, '19990269', 'demoreal', 1),
(827, '19990271', 'demoreal', 1),
(828, '19990272', 'demoreal', 1),
(829, '19991521', 'demoreal', 1),
(830, '19992387', 'demoreal', 1),
(831, '19992987', 'demoreal', 1),
(832, '19993032', 'demoreal', 1),
(833, '19993432', 'demoreal', 1),
(834, '19993687', 'demoreal', 1),
(835, '19993776', 'demoreal', 1),
(836, '25351146', 'demoreal', 1),
(837, '26000039', 'demoreal', 1),
(838, '26000090', 'demoreal', 1),
(839, '26000101', 'demoreal', 1),
(840, '26000111', 'demoreal', 1),
(841, '26000942', 'demoreal', 1),
(842, '26330000', 'demoreal', 1),
(843, '26360001', 'demoreal', 1),
(844, '26360004', 'demoreal', 1),
(845, '26360014', 'demoreal', 1),
(846, '26360016', 'demoreal', 1),
(847, '26360071', 'demoreal', 1),
(848, '26360104', 'demoreal', 1),
(849, '28810006', 'demoreal', 1),
(850, '29042494', 'demoreal', 1),
(851, '29049705', 'demoreal', 1),
(852, '29049994', 'demoreal', 1),
(853, '29440007', 'demoreal', 1),
(854, '29440072', 'demoreal', 1),
(855, '29440073', 'demoreal', 1),
(856, '29440076', 'demoreal', 1),
(857, '29440128', 'demoreal', 1),
(858, '29440129', 'demoreal', 1),
(859, '29440158', 'demoreal', 1),
(860, '29440173', 'demoreal', 1),
(861, '29445527', 'demoreal', 1),
(862, '29446127', 'demoreal', 1),
(863, '29447005', 'demoreal', 1),
(864, '29447572', 'demoreal', 1),
(865, '29990009', 'demoreal', 1),
(866, '29990025', 'demoreal', 1),
(867, '29990032', 'demoreal', 1),
(868, '29990039', 'demoreal', 1),
(869, '29990069', 'demoreal', 1),
(870, '29990071', 'demoreal', 1),
(871, '29990085', 'demoreal', 1),
(872, '29990131', 'demoreal', 1),
(873, '29990135', 'demoreal', 1),
(874, '29990138', 'demoreal', 1),
(875, '29990139', 'demoreal', 1),
(876, '29990142', 'demoreal', 1),
(877, '29990143', 'demoreal', 1),
(878, '29990156', 'demoreal', 1),
(879, '29990193', 'demoreal', 1),
(880, '29990196', 'demoreal', 1),
(881, '29992799', 'demoreal', 1),
(882, '29993488', 'demoreal', 1),
(883, '29993522', 'demoreal', 1),
(884, '29993644', 'demoreal', 1),
(885, '29994188', 'demoreal', 1),
(886, '36000072', 'demoreal', 1),
(887, '36000073', 'demoreal', 1),
(888, '36000965', 'demoreal', 1),
(889, '36450000', 'demoreal', 1),
(890, '36450002', 'demoreal', 1),
(891, '36710011', 'demoreal', 1),
(892, '36710076', 'demoreal', 1),
(893, '36710085', 'demoreal', 1),
(894, '39042740', 'demoreal', 1),
(895, '39046917', 'demoreal', 1),
(896, '39440002', 'demoreal', 1),
(897, '39440030', 'demoreal', 1),
(898, '39440044', 'demoreal', 1),
(899, '39440156', 'demoreal', 1),
(900, '39440187', 'demoreal', 1),
(901, '39440192', 'demoreal', 1),
(902, '39440196', 'demoreal', 1),
(903, '39440197', 'demoreal', 1),
(904, '39440199', 'demoreal', 1),
(905, '39440211', 'demoreal', 1),
(906, '39443551', 'demoreal', 1),
(907, '39444573', 'demoreal', 1),
(908, '39444584', 'demoreal', 1),
(909, '39445539', 'demoreal', 1),
(910, '39445740', 'demoreal', 1),
(911, '39446140', 'demoreal', 1),
(912, '39446951', 'demoreal', 1),
(913, '39446962', 'demoreal', 1),
(914, '39447228', 'demoreal', 1),
(915, '39990051', 'demoreal', 1),
(916, '39990072', 'demoreal', 1),
(917, '39990110', 'demoreal', 1),
(918, '39990113', 'demoreal', 1),
(919, '39993212', 'demoreal', 1),
(920, '45351837', 'demoreal', 1),
(921, '46000288', 'demoreal', 1),
(922, '46530001', 'demoreal', 1),
(923, '46530036', 'demoreal', 1),
(924, '48810001', 'demoreal', 1),
(925, '48810015', 'demoreal', 1),
(926, '49050008', 'demoreal', 1),
(927, '49050631', 'demoreal', 1),
(928, '49052631', 'demoreal', 1),
(929, '49060000', 'demoreal', 1),
(930, '49440010', 'demoreal', 1),
(931, '49440050', 'demoreal', 1),
(932, '49440058', 'demoreal', 1),
(933, '49440062', 'demoreal', 1),
(934, '49440063', 'demoreal', 1),
(935, '49440086', 'demoreal', 1),
(936, '49440089', 'demoreal', 1),
(937, '49440095', 'demoreal', 1),
(938, '49440103', 'demoreal', 1),
(939, '49440105', 'demoreal', 1),
(940, '49440124', 'demoreal', 1),
(941, '49440131', 'demoreal', 1),
(942, '49440134', 'demoreal', 1),
(943, '49440163', 'demoreal', 1),
(944, '49440168', 'demoreal', 1),
(945, '49440171', 'demoreal', 1),
(946, '49440172', 'demoreal', 1),
(947, '49440186', 'demoreal', 1),
(948, '49440234', 'demoreal', 1),
(949, '49440236', 'demoreal', 1),
(950, '49440237', 'demoreal', 1),
(951, '49440249', 'demoreal', 1),
(952, '49440250', 'demoreal', 1),
(953, '49440255', 'demoreal', 1),
(954, '49440261', 'demoreal', 1),
(955, '49440264', 'demoreal', 1),
(956, '49440267', 'demoreal', 1),
(957, '49440268', 'demoreal', 1),
(958, '49440273', 'demoreal', 1),
(959, '49440274', 'demoreal', 1),
(960, '49446174', 'demoreal', 1),
(961, '49446596', 'demoreal', 1),
(962, '49446941', 'demoreal', 1),
(963, '49990058', 'demoreal', 1),
(964, '49990060', 'demoreal', 1),
(965, '49990077', 'demoreal', 1),
(966, '49990119', 'demoreal', 1),
(967, '49990134', 'demoreal', 1),
(968, '49990139', 'demoreal', 1),
(969, '49990140', 'demoreal', 1),
(970, '49990141', 'demoreal', 1),
(971, '49990145', 'demoreal', 1),
(972, '49990153', 'demoreal', 1),
(973, '49990157', 'demoreal', 1),
(974, '49990158', 'demoreal', 1),
(975, '49990163', 'demoreal', 1),
(976, '49993213', 'demoreal', 1),
(977, '49993357', 'demoreal', 1),
(978, '49993813', 'demoreal', 1),
(979, '56000010', 'demoreal', 1),
(980, '56000014', 'demoreal', 1),
(981, '56000028', 'demoreal', 1),
(982, '56000042', 'demoreal', 1),
(983, '56000046', 'demoreal', 1),
(984, '56000048', 'demoreal', 1),
(985, '56000057', 'demoreal', 1),
(986, '56000084', 'demoreal', 1),
(987, '56000095', 'demoreal', 1),
(988, '56000099', 'demoreal', 1),
(989, '56000107', 'demoreal', 1),
(990, '56000129', 'demoreal', 1),
(991, '56000143', 'demoreal', 1),
(992, '56000148', 'demoreal', 1),
(993, '56000150', 'demoreal', 1),
(994, '56000151', 'demoreal', 1),
(995, '56000153', 'demoreal', 1),
(996, '56000645', 'demoreal', 1),
(997, '56001056', 'demoreal', 1),
(998, '56001123', 'demoreal', 1),
(999, '56001145', 'demoreal', 1),
(1000, '56001189', 'demoreal', 1),
(1001, '56001190', 'demoreal', 1),
(1002, '56300012', 'demoreal', 1),
(1003, '56300056', 'demoreal', 1),
(1004, '59041108', 'demoreal', 1),
(1005, '59045819', 'demoreal', 1),
(1006, '59440009', 'demoreal', 1),
(1007, '59440025', 'demoreal', 1),
(1008, '59440072', 'demoreal', 1),
(1009, '59440078', 'demoreal', 1),
(1010, '59440103', 'demoreal', 1),
(1011, '59440106', 'demoreal', 1),
(1012, '59440114', 'demoreal', 1),
(1013, '59440115', 'demoreal', 1),
(1014, '59440123', 'demoreal', 1),
(1015, '59440142', 'demoreal', 1),
(1016, '59440145', 'demoreal', 1),
(1017, '59440161', 'demoreal', 1),
(1018, '59440237', 'demoreal', 1),
(1019, '59440260', 'demoreal', 1),
(1020, '59440265', 'demoreal', 1),
(1021, '59440266', 'demoreal', 1),
(1022, '59440315', 'demoreal', 1),
(1023, '59440337', 'demoreal', 1),
(1024, '59444653', 'demoreal', 1),
(1025, '59448486', 'demoreal', 1),
(1026, '59448920', 'demoreal', 1),
(1027, '59448975', 'demoreal', 1),
(1028, '59449142', 'demoreal', 1),
(1029, '59449175', 'demoreal', 1),
(1030, '59990029', 'demoreal', 1),
(1031, '59990039', 'demoreal', 1),
(1032, '59990070', 'demoreal', 1),
(1033, '59990082', 'demoreal', 1),
(1034, '59990083', 'demoreal', 1),
(1035, '59990114', 'demoreal', 1),
(1036, '59990147', 'demoreal', 1),
(1037, '59990148', 'demoreal', 1),
(1038, '59990179', 'demoreal', 1),
(1039, '59990203', 'demoreal', 1),
(1040, '59990205', 'demoreal', 1),
(1041, '59993081', 'demoreal', 1),
(1042, '59993436', 'demoreal', 1),
(1043, '59993447', 'demoreal', 1),
(1044, '59993470', 'demoreal', 1),
(1045, '59993981', 'demoreal', 1),
(1046, '59993992', 'demoreal', 1),
(1047, '69440010', 'demoreal', 1),
(1048, '69440067', 'demoreal', 1),
(1049, '69440079', 'demoreal', 1),
(1050, '69440102', 'demoreal', 1),
(1051, '69440105', 'demoreal', 1),
(1052, '69446443', 'demoreal', 1),
(1053, '69990011', 'demoreal', 1),
(1054, '69990026', 'demoreal', 1),
(1055, '69990040', 'demoreal', 1),
(1056, '69990041', 'demoreal', 1),
(1057, '76000002', 'demoreal', 1),
(1058, '76000006', 'demoreal', 1),
(1059, '76000018', 'demoreal', 1),
(1060, '76000031', 'demoreal', 1),
(1061, '76000032', 'demoreal', 1),
(1062, '76000049', 'demoreal', 1),
(1063, '79440055', 'demoreal', 1),
(1064, '79990005', 'demoreal', 1),
(1065, '79990025', 'demoreal', 1),
(1066, '79990027', 'demoreal', 1),
(1067, '79990032', 'demoreal', 1),
(1068, '79990046', 'demoreal', 1),
(1069, '79990089', 'demoreal', 1),
(1070, '79990091', 'demoreal', 1),
(1071, '79990095', 'demoreal', 1),
(1072, '26000808', 'demoreal', 1),
(1073, '49440123', 'demoreal', 1),
(1074, '56000008', 'demoreal', 1),
(1075, '56000109', 'demoreal', 1),
(1076, '59442753', 'demoreal', 1),
(1077, '29990246', 'demoreal', 1),
(1078, '16000152', 'demoreal', 1),
(1079, '16000171', 'demoreal', 1),
(1080, '16000144', 'demoreal', 1),
(1081, '16000146', 'demoreal', 1),
(1082, '16000147', 'demoreal', 1),
(1083, '16000149', 'demoreal', 1),
(1084, '16000150', 'demoreal', 1),
(1085, '16000151', 'demoreal', 1),
(1086, '16000169', 'demoreal', 1),
(1087, '16000170', 'demoreal', 1),
(1088, '16990000', 'demoreal', 1),
(1089, '19990307', 'demoreal', 1),
(1090, '19990309', 'demoreal', 1),
(1091, '19990309', 'demoreal', 1),
(1092, '29990239', 'demoreal', 1),
(1093, '29990245', 'demoreal', 1),
(1094, '29990248', 'demoreal', 1),
(1095, '29990250', 'demoreal', 1),
(1096, '29990251', 'demoreal', 1),
(1097, '29990252', 'demoreal', 1),
(1098, '36000063', 'demoreal', 1),
(1099, '36000068', 'demoreal', 1),
(1100, '39990122', 'demoreal', 1),
(1101, '39990123', 'demoreal', 1),
(1102, '46000091', 'demoreal', 1),
(1103, '46000092', 'demoreal', 1),
(1104, '46000093', 'demoreal', 1),
(1105, '46000095', 'demoreal', 1),
(1106, '46000096', 'demoreal', 1),
(1107, '46000144', 'demoreal', 1),
(1108, '46000151', 'demoreal', 1),
(1109, '59990183', 'demoreal', 1),
(1110, '59990185', 'demoreal', 1),
(1111, '59990188', 'demoreal', 1),
(1112, '59990189', 'demoreal', 1),
(1113, '59990190', 'demoreal', 1),
(1114, '59990191', 'demoreal', 1),
(1115, '59990192', 'demoreal', 1),
(1116, '59990194', 'demoreal', 1),
(1117, '59990195', 'demoreal', 1),
(1118, '59990196', 'demoreal', 1),
(1119, '59990197', 'demoreal', 1),
(1120, '59990198', 'demoreal', 1),
(1121, '59990199', 'demoreal', 1),
(1122, '59990200', 'demoreal', 1),
(1123, '69990047', 'demoreal', 1),
(1124, '69990048', 'demoreal', 1),
(1125, '69990049', 'demoreal', 1),
(1126, '79990100', 'demoreal', 1),
(1127, '79990101', 'demoreal', 1),
(1128, '16000168', 'demoreal', 1),
(1129, '29990247', 'demoreal', 1),
(1130, '29990249', 'demoreal', 1),
(1131, '29990253', 'demoreal', 1),
(1132, '36000078', 'demoreal', 1),
(1133, '39990124', 'demoreal', 1),
(1134, '59990184', 'demoreal', 1),
(1135, '59990186', 'demoreal', 1),
(1136, '59990187', 'demoreal', 1),
(1137, '59990193', 'demoreal', 1),
(1138, '17000000', 'demoreal', 1),
(1139, '27000002', 'demoreal', 1),
(1140, '57000000', 'demoreal', 1),
(1141, '17000006', 'demoreal', 1),
(1142, '19990065', 'demoreal', 1),
(1143, '19990067', 'demoreal', 1),
(1144, '19990068', 'demoreal', 1),
(1145, '19990084', 'demoreal', 1),
(1146, '19990087', 'demoreal', 1),
(1147, '19990109', 'demoreal', 1),
(1148, '19990137', 'demoreal', 1),
(1149, '19990141', 'demoreal', 1),
(1150, '19990149', 'demoreal', 1),
(1151, '19990160', 'demoreal', 1),
(1152, '19990170', 'demoreal', 1),
(1153, '19990182', 'demoreal', 1),
(1154, '19990186', 'demoreal', 1),
(1155, '19440326', 'demoreal', 1),
(1156, '39440208', 'demoreal', 1),
(1157, '16000050', 'demoreal', 1),
(1158, '16000054', 'demoreal', 1),
(1159, '16000055', 'demoreal', 1),
(1160, '16000079', 'demoreal', 1),
(1161, '16000088', 'demoreal', 1),
(1162, '16000108', 'demoreal', 1),
(1163, '16000158', 'demoreal', 1),
(1164, '16690002', 'demoreal', 1),
(1165, '16690007', 'demoreal', 1),
(1166, '19440103', 'demoreal', 1),
(1167, '19446560', 'demoreal', 1),
(1168, '19993587', 'demoreal', 1),
(1169, '26000089', 'demoreal', 1),
(1170, '26000797', 'demoreal', 1),
(1171, '29090000', 'demoreal', 1),
(1172, '29993599', 'demoreal', 1),
(1173, '46000034', 'demoreal', 1),
(1174, '46000076', 'demoreal', 1),
(1175, '46000077', 'demoreal', 1),
(1176, '46000078', 'demoreal', 1),
(1177, '46000080', 'demoreal', 1),
(1178, '59080302', 'demoreal', 1),
(1179, '59440001', 'demoreal', 1),
(1180, '59445420', 'demoreal', 1),
(1181, '59990075', 'demoreal', 1),
(1182, '59990202', 'demoreal', 1),
(1183, '66000009', 'demoreal', 1),
(1184, '79440002', 'demoreal', 1),
(1185, '46000075', 'demoreal', 1),
(1186, '16000028', 'demoreal', 1),
(1187, '16000119', 'demoreal', 1),
(1188, '16000133', 'demoreal', 1),
(1189, '16000136', 'demoreal', 1),
(1190, '16000165', 'demoreal', 1),
(1191, '26000097', 'demoreal', 1),
(1192, '26000108', 'demoreal', 1),
(1193, '26000123', 'demoreal', 1),
(1194, '26001031', 'demoreal', 1),
(1195, '36000041', 'demoreal', 1),
(1196, '36000062', 'demoreal', 1),
(1197, '36001010', 'demoreal', 1),
(1198, '46000065', 'demoreal', 1),
(1199, '49446585', 'demoreal', 1),
(1200, '56000017', 'demoreal', 1),
(1201, '56000026', 'demoreal', 1),
(1202, '66000017', 'demoreal', 1),
(1203, '66000018', 'demoreal', 1),
(1204, '16000082', 'demoreal', 1),
(1205, '16000167', 'demoreal', 1),
(1206, '26000033', 'demoreal', 1),
(1207, '26000096', 'demoreal', 1),
(1208, '26000137', 'demoreal', 1),
(1209, '36000932', 'demoreal', 1),
(1210, '36000976', 'demoreal', 1),
(1211, '46000079', 'demoreal', 1),
(1212, '46000107', 'demoreal', 1),
(1213, '46000158', 'demoreal', 1),
(1214, '47000010', 'demoreal', 1),
(1215, '66000025', 'demoreal', 1),
(1216, '67000001', 'demoreal', 1),
(1217, '17000021', 'demoreal', 1),
(1218, '27000000', 'demoreal', 1),
(1219, '27000001', 'demoreal', 1),
(1220, '27000024', 'demoreal', 1),
(1221, '27000025', 'demoreal', 1),
(1222, '27000026', 'demoreal', 1),
(1223, '27000027', 'demoreal', 1),
(1224, '37000000', 'demoreal', 1),
(1225, '47000000', 'demoreal', 1),
(1226, '47000008', 'demoreal', 1),
(1227, '47000011', 'demoreal', 1),
(1228, '47000012', 'demoreal', 1),
(1229, '77000000', 'demoreal', 1),
(1230, '16000033', 'demoreal', 1),
(1231, '16000041', 'demoreal', 1),
(1232, '16000045', 'demoreal', 1),
(1233, '16000047', 'demoreal', 1),
(1234, '16000049', 'demoreal', 1),
(1235, '16000089', 'demoreal', 1),
(1236, '16000098', 'demoreal', 1),
(1237, '16000099', 'demoreal', 1),
(1238, '16000112', 'demoreal', 1),
(1239, '16000160', 'demoreal', 1),
(1240, '16000172', 'demoreal', 1),
(1241, '19448871', 'demoreal', 1),
(1242, '26000023', 'demoreal', 1),
(1243, '26000034', 'demoreal', 1),
(1244, '26000036', 'demoreal', 1),
(1245, '26000051', 'demoreal', 1),
(1246, '26000071', 'demoreal', 1),
(1247, '26000092', 'demoreal', 1),
(1248, '26000105', 'demoreal', 1),
(1249, '26000107', 'demoreal', 1),
(1250, '26000112', 'demoreal', 1),
(1251, '26000124', 'demoreal', 1),
(1252, '29044749', 'demoreal', 1),
(1253, '29440074', 'demoreal', 1),
(1254, '29990072', 'demoreal', 1),
(1255, '29991966', 'demoreal', 1),
(1256, '29992488', 'demoreal', 1),
(1257, '36000019', 'demoreal', 1),
(1258, '36000047', 'demoreal', 1),
(1259, '36000053', 'demoreal', 1),
(1260, '36000080', 'demoreal', 1),
(1261, '46000010', 'demoreal', 1),
(1262, '46000014', 'demoreal', 1),
(1263, '46000035', 'demoreal', 1),
(1264, '46000048', 'demoreal', 1),
(1265, '46000049', 'demoreal', 1),
(1266, '46000061', 'demoreal', 1),
(1267, '46000101', 'demoreal', 1),
(1268, '49052842', 'demoreal', 1),
(1269, '49440082', 'demoreal', 1),
(1270, '49440084', 'demoreal', 1),
(1271, '49440090', 'demoreal', 1),
(1272, '49440162', 'demoreal', 1),
(1273, '49446007', 'demoreal', 1),
(1274, '49992646', 'demoreal', 1),
(1275, '56000027', 'demoreal', 1),
(1276, '56000053', 'demoreal', 1),
(1277, '56000062', 'demoreal', 1),
(1278, '56000066', 'demoreal', 1),
(1279, '56000145', 'demoreal', 1),
(1280, '59044964', 'demoreal', 1),
(1281, '59080257', 'demoreal', 1),
(1282, '59440186', 'demoreal', 1),
(1283, '59448686', 'demoreal', 1),
(1284, '59990206', 'demoreal', 1),
(1285, '66000016', 'demoreal', 1),
(1286, '76000042', 'demoreal', 1),
(1287, '17000020', 'demoreal', 1),
(1288, '17010000', 'demoreal', 1),
(1289, '16000037', 'demoreal', 1),
(1290, '16000053', 'demoreal', 1),
(1291, '16000117', 'demoreal', 1),
(1292, '16000134', 'demoreal', 1),
(1293, '16000157', 'demoreal', 1),
(1294, '16000166', 'demoreal', 1),
(1295, '19448193', 'demoreal', 1),
(1296, '19990072', 'demoreal', 1),
(1297, '19990157', 'demoreal', 1),
(1298, '19992621', 'demoreal', 1),
(1299, '26000003', 'demoreal', 1),
(1300, '26000044', 'demoreal', 1),
(1301, '26000045', 'demoreal', 1),
(1302, '26000047', 'demoreal', 1),
(1303, '26000070', 'demoreal', 1),
(1304, '26000074', 'demoreal', 1),
(1305, '26000080', 'demoreal', 1),
(1306, '26000088', 'demoreal', 1),
(1307, '26000091', 'demoreal', 1),
(1308, '26000093', 'demoreal', 1),
(1309, '26000103', 'demoreal', 1),
(1310, '26000686', 'demoreal', 1),
(1311, '29993433', 'demoreal', 1),
(1312, '36000007', 'demoreal', 1),
(1313, '36000012', 'demoreal', 1),
(1314, '36000016', 'demoreal', 1),
(1315, '36000017', 'demoreal', 1),
(1316, '36000018', 'demoreal', 1),
(1317, '36000031', 'demoreal', 1),
(1318, '36000054', 'demoreal', 1),
(1319, '46000013', 'demoreal', 1),
(1320, '46000063', 'demoreal', 1),
(1321, '46000067', 'demoreal', 1),
(1322, '49990032', 'demoreal', 1),
(1323, '56000020', 'demoreal', 1),
(1324, '56000021', 'demoreal', 1),
(1325, '56000049', 'demoreal', 1),
(1326, '56000083', 'demoreal', 1),
(1327, '56000106', 'demoreal', 1),
(1328, '56000138', 'demoreal', 1),
(1329, '57120000', 'demoreal', 1),
(1330, '66000010', 'demoreal', 1),
(1331, '66000014', 'demoreal', 1),
(1332, '67000000', 'demoreal', 1),
(1333, '76000040', 'demoreal', 1),
(1334, '76000041', 'demoreal', 1),
(1335, '16000035', 'demoreal', 1),
(1336, '16000063', 'demoreal', 1),
(1337, '16000068', 'demoreal', 1),
(1338, '16000091', 'demoreal', 1),
(1339, '16000124', 'demoreal', 1),
(1340, '16000129', 'demoreal', 1),
(1341, '16000131', 'demoreal', 1),
(1342, '16000161', 'demoreal', 1),
(1343, '19440000', 'demoreal', 1),
(1344, '19990133', 'demoreal', 1),
(1345, '19992165', 'demoreal', 1),
(1346, '19992465', 'demoreal', 1),
(1347, '19993887', 'demoreal', 1),
(1348, '26000031', 'demoreal', 1),
(1349, '26000056', 'demoreal', 1),
(1350, '26000086', 'demoreal', 1),
(1351, '26000104', 'demoreal', 1),
(1352, '26000113', 'demoreal', 1),
(1353, '26000115', 'demoreal', 1),
(1354, '26000116', 'demoreal', 1),
(1355, '26000118', 'demoreal', 1),
(1356, '29444861', 'demoreal', 1),
(1357, '29447838', 'demoreal', 1),
(1358, '29990088', 'demoreal', 1),
(1359, '29992922', 'demoreal', 1),
(1360, '29993166', 'demoreal', 1),
(1361, '36000021', 'demoreal', 1),
(1362, '36000058', 'demoreal', 1),
(1363, '36000061', 'demoreal', 1),
(1364, '36000076', 'demoreal', 1),
(1365, '36000079', 'demoreal', 1),
(1366, '39990044', 'demoreal', 1),
(1367, '46000037', 'demoreal', 1),
(1368, '46000055', 'demoreal', 1),
(1369, '46000081', 'demoreal', 1),
(1370, '46000082', 'demoreal', 1),
(1371, '46000087', 'demoreal', 1),
(1372, '46000089', 'demoreal', 1),
(1373, '46000100', 'demoreal', 1),
(1374, '46000105', 'demoreal', 1),
(1375, '46000110', 'demoreal', 1),
(1376, '46000112', 'demoreal', 1),
(1377, '46000113', 'demoreal', 1),
(1378, '49440180', 'demoreal', 1),
(1379, '49447174', 'demoreal', 1),
(1380, '49990046', 'demoreal', 1),
(1381, '49990066', 'demoreal', 1),
(1382, '49990076', 'demoreal', 1),
(1383, '56000033', 'demoreal', 1),
(1384, '56000050', 'demoreal', 1),
(1385, '56000061', 'demoreal', 1),
(1386, '56000080', 'demoreal', 1),
(1387, '56000092', 'demoreal', 1),
(1388, '56000103', 'demoreal', 1),
(1389, '56000111', 'demoreal', 1),
(1390, '56000133', 'demoreal', 1),
(1391, '56000198', 'demoreal', 1),
(1392, '56000200', 'demoreal', 1),
(1393, '56001201', 'demoreal', 1),
(1394, '59448531', 'demoreal', 1),
(1395, '59448964', 'demoreal', 1),
(1396, '59449253', 'demoreal', 1),
(1397, '59449375', 'demoreal', 1),
(1398, '59990104', 'demoreal', 1),
(1399, '59992025', 'demoreal', 1),
(1400, '66000024', 'demoreal', 1),
(1401, '76000048', 'demoreal', 1),
(1402, '76990000', 'demoreal', 1),
(1403, '77000007', 'demoreal', 1),
(1404, '16000038', 'demoreal', 1),
(1405, '16000044', 'demoreal', 1),
(1406, '16000094', 'demoreal', 1),
(1407, '16000116', 'demoreal', 1),
(1408, '16000126', 'demoreal', 1),
(1409, '16000156', 'demoreal', 1),
(1410, '17000017', 'demoreal', 1),
(1411, '26000035', 'demoreal', 1),
(1412, '26000049', 'demoreal', 1),
(1413, '26000079', 'demoreal', 1),
(1414, '26000102', 'demoreal', 1),
(1415, '26000106', 'demoreal', 1),
(1416, '26360002', 'demoreal', 1),
(1417, '29990074', 'demoreal', 1),
(1418, '36000029', 'demoreal', 1),
(1419, '36000043', 'demoreal', 1),
(1420, '36000051', 'demoreal', 1),
(1421, '36000060', 'demoreal', 1),
(1422, '46000042', 'demoreal', 1),
(1423, '46000052', 'demoreal', 1),
(1424, '46000090', 'demoreal', 1),
(1425, '46000097', 'demoreal', 1),
(1426, '46000106', 'demoreal', 1),
(1427, '46000111', 'demoreal', 1),
(1428, '49447052', 'demoreal', 1),
(1429, '56000023', 'demoreal', 1),
(1430, '56000024', 'demoreal', 1),
(1431, '56000054', 'demoreal', 1),
(1432, '56000082', 'demoreal', 1),
(1433, '56000086', 'demoreal', 1),
(1434, '57140000', 'demoreal', 1),
(1435, '59449719', 'demoreal', 1),
(1436, '59991792', 'demoreal', 1),
(1437, '66000008', 'demoreal', 1),
(1438, '66000022', 'demoreal', 1),
(1439, '66000026', 'demoreal', 1),
(1440, '79440062', 'demoreal', 1),
(1441, '16000025', 'demoreal', 1),
(1442, '16000031', 'demoreal', 1),
(1443, '16000051', 'demoreal', 1),
(1444, '16000057', 'demoreal', 1),
(1445, '16000058', 'demoreal', 1),
(1446, '16000059', 'demoreal', 1),
(1447, '16000083', 'demoreal', 1),
(1448, '16000086', 'demoreal', 1),
(1449, '16000096', 'demoreal', 1),
(1450, '16000097', 'demoreal', 1),
(1451, '16000103', 'demoreal', 1),
(1452, '16000105', 'demoreal', 1),
(1453, '16000106', 'demoreal', 1),
(1454, '16000111', 'demoreal', 1),
(1455, '16000137', 'demoreal', 1),
(1456, '16000155', 'demoreal', 1),
(1457, '16000874', 'demoreal', 1),
(1458, '16001241', 'demoreal', 1),
(1459, '16280027', 'demoreal', 1),
(1460, '16540003', 'demoreal', 1),
(1461, '18810011', 'demoreal', 1),
(1462, '19440113', 'demoreal', 1),
(1463, '19440152', 'demoreal', 1),
(1464, '19440209', 'demoreal', 1),
(1465, '19446337', 'demoreal', 1),
(1466, '19449237', 'demoreal', 1),
(1467, '19990090', 'demoreal', 1),
(1468, '19990122', 'demoreal', 1),
(1469, '19993109', 'demoreal', 1),
(1470, '19993443', 'demoreal', 1),
(1471, '26000042', 'demoreal', 1),
(1472, '26000058', 'demoreal', 1),
(1473, '26000075', 'demoreal', 1),
(1474, '26000076', 'demoreal', 1),
(1475, '26000114', 'demoreal', 1),
(1476, '26000122', 'demoreal', 1),
(1477, '26000136', 'demoreal', 1),
(1478, '26000319', 'demoreal', 1),
(1479, '26360082', 'demoreal', 1),
(1480, '29040194', 'demoreal', 1),
(1481, '29040727', 'demoreal', 1),
(1482, '29046783', 'demoreal', 1),
(1483, '29440006', 'demoreal', 1),
(1484, '29990041', 'demoreal', 1),
(1485, '29990084', 'demoreal', 1),
(1486, '29991566', 'demoreal', 1),
(1487, '29993466', 'demoreal', 1),
(1488, '29993777', 'demoreal', 1),
(1489, '36000015', 'demoreal', 1),
(1490, '36000020', 'demoreal', 1),
(1491, '36000024', 'demoreal', 1),
(1492, '36000033', 'demoreal', 1),
(1493, '36000040', 'demoreal', 1),
(1494, '36000070', 'demoreal', 1),
(1495, '36000071', 'demoreal', 1),
(1496, '39446628', 'demoreal', 1),
(1497, '39990043', 'demoreal', 1),
(1498, '46000068', 'demoreal', 1),
(1499, '46000073', 'demoreal', 1),
(1500, '46000074', 'demoreal', 1),
(1501, '46000083', 'demoreal', 1),
(1502, '46000086', 'demoreal', 1),
(1503, '46000098', 'demoreal', 1),
(1504, '46000099', 'demoreal', 1),
(1505, '46000102', 'demoreal', 1),
(1506, '46000103', 'demoreal', 1),
(1507, '46000104', 'demoreal', 1),
(1508, '46000108', 'demoreal', 1),
(1509, '46000109', 'demoreal', 1),
(1510, '46000114', 'demoreal', 1),
(1511, '46000159', 'demoreal', 1),
(1512, '49440034', 'demoreal', 1),
(1513, '49440173', 'demoreal', 1),
(1514, '49447230', 'demoreal', 1),
(1515, '49990008', 'demoreal', 1),
(1516, '49990072', 'demoreal', 1),
(1517, '49990075', 'demoreal', 1),
(1518, '56000012', 'demoreal', 1),
(1519, '56000029', 'demoreal', 1),
(1520, '56000030', 'demoreal', 1),
(1521, '56000040', 'demoreal', 1),
(1522, '56000051', 'demoreal', 1),
(1523, '56000069', 'demoreal', 1),
(1524, '56000088', 'demoreal', 1),
(1525, '56000102', 'demoreal', 1),
(1526, '56000146', 'demoreal', 1),
(1527, '56000154', 'demoreal', 1),
(1528, '56000199', 'demoreal', 1),
(1529, '56000201', 'demoreal', 1),
(1530, '59440112', 'demoreal', 1),
(1531, '59440187', 'demoreal', 1),
(1532, '59447408', 'demoreal', 1),
(1533, '59449408', 'demoreal', 1),
(1534, '59990065', 'demoreal', 1),
(1535, '66000020', 'demoreal', 1),
(1536, '66000023', 'demoreal', 1),
(1537, '66000027', 'demoreal', 1),
(1538, '66000028', 'demoreal', 1),
(1539, '69440039', 'demoreal', 1),
(1540, '76000007', 'demoreal', 1),
(1541, '76000034', 'demoreal', 1),
(1542, '76000045', 'demoreal', 1),
(1543, '76000046', 'demoreal', 1),
(1544, '76000050', 'demoreal', 1),
(1545, '79990007', 'demoreal', 1);

-- --------------------------------------------------------

--
-- Table structure for table `alarm`
--

CREATE TABLE IF NOT EXISTS `alarm` (
`id_alarm` smallint(5) unsigned NOT NULL,
  `type_alarm` tinyint(3) unsigned NOT NULL,
  `brand_alarm` smallint(5) unsigned NOT NULL,
  `code` varchar(45) DEFAULT NULL,
  `alarm` varchar(100) NOT NULL,
  `picture_url` varchar(200) DEFAULT NULL,
  `description` text,
  `status` enum('Alta','Baja') NOT NULL DEFAULT 'Alta'
) ENGINE=InnoDB AUTO_INCREMENT=106 DEFAULT CHARSET=utf8;

--
-- Dumping data for table `alarm`
--

INSERT INTO `alarm` (`id_alarm`, `type_alarm`, `brand_alarm`, `code`, `alarm`, `picture_url`, `description`, `status`) VALUES
(7, 57, 5, 'P0600628', 'SG_P0600628 SHUNT PLUG 4W', '1.png', '', 'Alta'),
(8, 33, 5, 'P0600695', 'Peak4W WH IL', '2.png', '', 'Alta'),
(9, 57, 5, 'P0601193', 'PSU 5V 4W with 5 outputs EU', '3.png', '', 'Alta'),
(10, 31, 5, 'P0600163', 'GRIFFE pour TELEPHONE', '4.png', '', 'Alta'),
(11, 31, 5, 'P0600164', 'GRIFFE PR TABLETTES', '5.png', '', 'Alta'),
(12, 44, 5, 'P0600166', 'OUTIL POUR OUVRIR LES GRIFFES POUR', '6.png', '', 'Alta'),
(13, 54, 5, 'P0600972', 'FLY support WH', '7.png', '', 'Alta'),
(14, 44, 5, 'P0600152', 'OUTIL OUVRE SENSOR ET PRODUITS QUIKFIX 2', '8.png', '', 'Alta'),
(15, 34, 5, 'P0600301', 'CABLE 1m 6/6', '9.png', '', 'Alta'),
(16, 38, 5, 'P0610026', 'Charg. Lead 4W microUSB 8cm BK', '10.png', '', 'Alta'),
(17, 37, 5, 'P0610094', 'Charg. Lead 4W microUSB 20cm BK', '11.png', '', 'Alta'),
(18, 41, 5, 'P0600337', 'MASTER 4 INPUTS (MARCHE AVEC ALIM P0600245)', '12.png', '', 'Alta'),
(19, 43, 5, 'P0600811', 'PSU 5 2V4A GD BLM EU', '13.png', '', 'Alta'),
(20, 32, 5, 'P0600342', 'iBOUTTON EXTERNE RALLONGE 1m 3 25 00 75 00', '14.png', '', 'Alta'),
(21, 47, 5, 'P0600286', 'CLE IBUTTON ON OFF - NOIRE code n 2', '15.png', '', 'Alta'),
(22, 48, 5, 'P0600287', 'CLE IBUTTON PROGRAMMATION ROUGE code n 2', '16.png', '', 'Alta'),
(23, 46, 5, 'P0600288', 'CLE IBUTTON MUTE JAUNE code n 3', '17.png', '', 'Alta'),
(24, 55, 5, 'P0600343', 'TIGES PR GSM 54-64 mm- POUR P0600163 4 10 00 40', '18.png', '', 'Alta'),
(25, 55, 5, 'P0600344', 'TIGES PR GSM 64-74- POUR P0600163 2 10 00 20 00', '18.png', '', 'Alta'),
(26, 55, 5, 'P0600165', 'TIGES PR GSM 44-54mm - POUR P0600163 1 10 00 10 00', '18.png', '', 'Alta'),
(27, 55, 5, 'P0600679', 'TIGES PR GSM 74-84- POUR P0600163 1 14 00 14 00', '18.png', '', 'Alta'),
(28, 56, 5, 'P0600581', 'Tiges pour tablette 205-225', '18.png', '', 'Alta'),
(29, 56, 5, 'P0600580', 'Tiges pour tablette 225-245', '18.png', '', 'Alta'),
(30, 56, 5, 'P0600579', 'Tiges pour tablette 245 - 265', '18.png', '', 'Alta'),
(31, 57, 5, 'P0600939', 'PY4W sensor drawer PA rev B', '19.png', '', 'Alta'),
(32, 36, 5, 'P0610047', 'Charg. Lead 4w microusb 8cm for apple', '20.png', '', 'Alta'),
(33, 50, 5, 'P0620028', 'Replac. sticker for Master4', '21.png', '', 'Alta'),
(34, 51, 5, 'P0620047', 'replac. sticker PY4W sensor', '22.png', '', 'Alta'),
(35, 57, 2, '5201-1001-00', 'VP-1084B/1175B DEFCON Plate', '23.png', '', 'Alta'),
(36, 57, 2, 'AD-157-20', 'Adhesive G5 Universal Sensor (20pk)', '24.png', '', 'Alta'),
(37, 57, 2, 'AD-158-25', 'Adhesive D-Sensor (25pk)', '25.png', '', 'Alta'),
(38, 57, 2, 'K-CELLBKT-01', 'DEFCON D-Sensor Boot & Bkt', '26.png', '', 'Alta'),
(39, 57, 2, 'K-DEFCON-02', 'DEFCON D-Sensor Kit  w/Bracket  Black', '27.png', '', 'Alta'),
(40, 57, 2, 'K-DEFCON-05', 'DEFCON G5 Kit no Bracket Black', '28.png', '', 'Alta'),
(41, 57, 2, 'K-TABBKT-G5', 'G5 Tablet Bracket', '29.png', '', 'Alta'),
(42, 57, 2, 'LV1005', 'LV Monitor Module LVRM', '30.png', '', 'Alta'),
(43, 57, 2, 'LV1014', 'D-Sensor Black', '31.png', '', 'Alta'),
(44, 57, 2, 'LV1031', 'D-Sensor Hardwired Black Micro USB', '32.png', '', 'Alta'),
(45, 57, 2, 'P11008', 'D-Sensor Coupler iPhone Lighting', '33.png', '', 'Alta'),
(46, 57, 2, 'P50001', 'G5 Power Coupler Micro USB', '34.png', '', 'Alta'),
(47, 57, 2, 'P50024', 'G5 Coupler Apple I5', '35.png', '', 'Alta'),
(48, 57, 2, 'P50025', 'G5 Power Coupler Micro USB Booster', '36.png', '', 'Alta'),
(49, 57, 2, 'SWPH-00612-FMZ', 'Flat Phillips Machine Screw 6-32x3/4in ', '38.png', '', 'Alta'),
(50, 57, 2, 'SWPH-00620-PMZ', 'Flat Phillips Machine Screw 6-32X1-1/4 ', '38.png', '', 'Alta'),
(51, 57, 2, 'V-103-D', '9-Volt Duracell Procell Battery', '39.png', '', 'Alta'),
(52, 57, 2, 'V-1206-RC', 'Closed Loop 6-UP Alarm Module PS', '40.png', '', 'Alta'),
(53, 57, 2, 'V-34E', '24 Volt Power Supply (125 watts) Europe', '41.png', '', 'Alta'),
(54, 57, 2, 'V-37E', '24 Volt Power Aupply (45 watts) Europe', '42.png', '', 'Alta'),
(55, 57, 2, 'V-393', 'RJ Extender Cable', '43.png', '', 'Alta'),
(56, 57, 2, 'V-500', 'Mini Sensor Coiled Cord  Black', '44.png', '', 'Alta'),
(57, 57, 2, 'V-52', 'Adhesive Tape for V-500 Mini Sensor (50pk)', '45.png', '', 'Alta'),
(58, 57, 2, 'V-60V-10', '1" x 2" Velcro Set (10pk)', '46.png', '', 'Alta'),
(59, 57, 2, 'V-8002', 'G5 Universal Sensor', '47.png', '', 'Alta'),
(60, 57, 2, 'V-916D', 'Duracell Procell AA Battery (6pk)', '48.png', '', 'Alta'),
(61, 57, 2, 'V-99PX-01', '2P Alarm Module w/RKS', '49.png', '', 'Alta'),
(62, 57, 2, 'VP-1068', 'G5 Monitor Module', '50.png', '', 'Alta'),
(63, 57, 2, 'VP-1084BW', 'G5 Tall Sloped Riser  Screw Mount  Black', '51.png', '', 'Alta'),
(64, 57, 2, 'VP-1092', 'G5 Removal Tool', '52.png', '', 'Alta'),
(65, 57, 2, 'VP-1096', 'D-Sensor Removal Tool', '53.png', '', 'Alta'),
(66, 57, 2, 'VP-1175B', 'Straight Riser  Screw Mount  Black', '54.png', '', 'Alta'),
(67, 57, 2, 'VP-1175BW', 'Straight Riser  Screw Mount White', '55.png', '', 'Alta'),
(68, 57, 2, 'VPG BANK BAG', 'VPG Tools Bag', '56.png', '', 'Alta'),
(69, 57, 2, 'V-RKS-WB', 'Remote KeySwitch White/Blue', '58.png', '', 'Alta'),
(70, 57, 2, 'V-T41', 'Security Screw Driver - ', '59.png', '', 'Alta'),
(71, 57, 2, 'V-T900', 'Security Screw Driver - 1/8"', '60.png', '', 'Alta'),
(72, 57, 2, 'V-T99', 'Small Phillips Screwdriver', '61.png', '', 'Alta'),
(73, 45, 1, 'AF4400', 'IR Key', '', '', 'Alta'),
(74, 40, 1, 'PK4401', 'IR-2 Programming Station', '', '', 'Alta'),
(75, 43, 1, 'PS5VMU-EU', '5.3V Power Supply - Micro USB - EU', '', '', 'Alta'),
(76, 41, 1, 'MP104-W', '4 PORT POD w/IR EXTENDER - WHITE  Gold LED', '', '', 'Alta'),
(77, 43, 1, 'YLR52', 'POWER SUPPLY', '', '', 'Alta'),
(78, 57, 1, 'YC11', 'YC CABLE', '', '', 'Alta'),
(79, 57, 1, 'HS124', 'HS100 BUGLE B 9 5MM-19MM', '', '', 'Alta'),
(80, 52, 1, '00.LA', 'Rosca de fijacin trasera', '', '', 'Alta'),
(81, 33, 1, 'HS110-W', 'HS100 HH PUCK - WHITE', '', '', 'Alta'),
(82, 53, 1, 'HS130-W', 'HS100 HH SENSOR SHORT ARMS - MICRO USB - WHITE', '', '', 'Alta'),
(83, 33, 1, 'HS111-W', 'HS100 TAB PUCK - WHITE', '', '', 'Alta'),
(84, 53, 1, 'HS134-W', 'HS100 TAB SENSOR - MICRO USB - WHITE.', '', '', 'Alta'),
(85, 49, 1, 'ADH2020', 'HS100 HH Puck Adhesive Replacement Kit  20 count', '', '', 'Alta'),
(86, 49, 1, 'ADH2022', 'HS100 HH Sensor Adhesive Replacement Kit  20 count', '', '', 'Alta'),
(87, 49, 1, 'ADH2021', 'HS100 TABLET PUCK ADHESIVE REPLACEMENT KIT  20 CNT', '', '', 'Alta'),
(88, 49, 1, 'ADH2023', 'HS100 TABLET SENSOR ADHESIVE REPLACEMENT KIT 20CNT', '', '', 'Alta'),
(89, 49, 1, 'EC9178', 'REPLACEMENT ADH. - S940 HEADPHONE SENSOR (20 EACH)', '', '', 'Alta'),
(90, 49, 1, 'ADH2015', 'ZIPS POWER HH MEDALLION REPLACEMENT ADHESIVE 20CNT', '', '', 'Alta'),
(91, 42, 1, 'MP103-W', '8 PORT POD w/IR EXTENDER - WHITE  Gold LED', '', '', 'Alta'),
(92, 53, 1, 'HS146-W', 'HH SENSOR SHORT ARMS - MICRO USB - WHITE Angled sensor', '', '', 'Alta'),
(93, 49, 1, 'ADH2015', 'ZIPS POWER HH MEDALLION REPLACEMENT ADHESIVE 20CNT', '', '', 'Alta'),
(94, 45, 1, 'PK4400', 'IR2 Key', '', '', 'Alta'),
(95, 39, 1, 'PK4404', 'IR-2 Charger (4 port)', '', '', 'Alta'),
(96, 43, 1, 'PS18VB2-EU', '18V Power Supply - 2.5 mm Barrel - EU', '', '', 'Alta'),
(97, 44, 1, 'AF6313', 'Multitools', '', '', 'Alta'),
(98, 33, 1, 'MP021-W', 'HH TAB NO LIFT ANGLED PUCK - WHITE', '', '', 'Alta'),
(99, 53, 1, 'MP623-W', 'HS200 TABLET SENSOR MODIFIED - POWER PORT - Portrait WHITE', '', '', 'Alta'),
(100, 53, 1, 'MP624-W', 'HS200 TABLET SENSOR MODIFIED - POWER PORT - Landscape WHITE', '', '', 'Alta'),
(101, 53, 1, 'MP625-W', 'HS200 HH SENSOR STANDARD ARMS MODIFIED - MICRO USB - WHITE', '', '', 'Alta'),
(102, 53, 1, 'MP626-W', 'HS200 HH SENSOR STANDARD ARMS MODIFIED - Apple 8 Pin - WHITE', '', '', 'Alta'),
(103, 34, 1, 'TC708', 'MICRO USB POWERED LTO2/S940HP CONN', '', '', 'Alta'),
(104, 49, 1, 'ADH2007', 'MED ROUND ADHESIVE WITH HOLE (20 COUNT)', '', '', 'Alta'),
(105, 49, 1, 'ADH2008', 'LARGE ROUND ADHESIVE WITH HOLE (20 COUNT)', '', '', 'Alta');

-- --------------------------------------------------------

--
-- Table structure for table `alarms_device_display`
--

CREATE TABLE IF NOT EXISTS `alarms_device_display` (
`id_alarms_device_display` mediumint(8) unsigned NOT NULL,
  `client_type_pds` tinyint(3) unsigned NOT NULL,
  `id_device` smallint(5) unsigned NOT NULL,
  `id_display` mediumint(8) unsigned NOT NULL,
  `id_alarm` smallint(5) unsigned NOT NULL,
  `description` text,
  `status` enum('Alta','Baja') NOT NULL DEFAULT 'Alta'
) ENGINE=InnoDB DEFAULT CHARSET=utf8;

-- --------------------------------------------------------

--
-- Table structure for table `alarms_device_pds`
--

CREATE TABLE IF NOT EXISTS `alarms_device_pds` (
`id_alarms_device_pds` mediumint(8) unsigned NOT NULL,
  `client_type_pds` tinyint(3) unsigned NOT NULL,
  `id_pds` smallint(5) unsigned NOT NULL,
  `id_devices_pds` mediumint(8) unsigned NOT NULL,
  `id_displays_pds` mediumint(8) unsigned NOT NULL,
  `id_alarm` smallint(5) unsigned NOT NULL,
  `description` text,
  `status` enum('Alta','Baja') NOT NULL DEFAULT 'Alta'
) ENGINE=InnoDB AUTO_INCREMENT=6 DEFAULT CHARSET=utf8;

-- --------------------------------------------------------

--
-- Table structure for table `alarms_display`
--

CREATE TABLE IF NOT EXISTS `alarms_display` (
`id_alarms_display` mediumint(8) unsigned NOT NULL,
  `client_type_pds` tinyint(3) unsigned NOT NULL,
  `id_display` mediumint(8) unsigned NOT NULL,
  `id_alarm` smallint(5) unsigned NOT NULL,
  `description` text,
  `status` enum('Alta','Baja') NOT NULL DEFAULT 'Alta'
) ENGINE=InnoDB DEFAULT CHARSET=utf8;

-- --------------------------------------------------------

--
-- Table structure for table `alarms_display_pds`
--

CREATE TABLE IF NOT EXISTS `alarms_display_pds` (
`id_alarms_display_pds` mediumint(8) unsigned NOT NULL,
  `client_type_pds` tinyint(3) unsigned NOT NULL,
  `id_pds` smallint(5) unsigned NOT NULL,
  `id_displays_pds` mediumint(8) unsigned NOT NULL,
  `id_alarm` smallint(5) unsigned NOT NULL,
  `description` text,
  `status` enum('Alta','Baja') NOT NULL DEFAULT 'Alta'
) ENGINE=InnoDB AUTO_INCREMENT=5 DEFAULT CHARSET=utf8;

-- --------------------------------------------------------

--
-- Table structure for table `brand_alarm`
--

CREATE TABLE IF NOT EXISTS `brand_alarm` (
`id_brand_alarm` smallint(5) unsigned NOT NULL,
  `brand` varchar(100) NOT NULL
) ENGINE=InnoDB AUTO_INCREMENT=6 DEFAULT CHARSET=utf8;

--
-- Dumping data for table `brand_alarm`
--

INSERT INTO `brand_alarm` (`id_brand_alarm`, `brand`) VALUES
(1, 'GSP'),
(5, 'Inovshop'),
(2, 'VPG');

-- --------------------------------------------------------

--
-- Table structure for table `brand_device`
--

CREATE TABLE IF NOT EXISTS `brand_device` (
`id_brand_device` smallint(5) unsigned NOT NULL,
  `brand` varchar(100) NOT NULL
) ENGINE=InnoDB AUTO_INCREMENT=18 DEFAULT CHARSET=utf8;

--
-- Dumping data for table `brand_device`
--

INSERT INTO `brand_device` (`id_brand_device`, `brand`) VALUES
(9, 'Apple'),
(10, 'HTC '),
(11, 'Huawei'),
(12, 'LG'),
(13, 'Motorola'),
(14, 'Nokia'),
(15, 'Orange'),
(16, 'Samsung'),
(17, 'Sony');

-- --------------------------------------------------------

--
-- Table structure for table `ci_sessions`
--

CREATE TABLE IF NOT EXISTS `ci_sessions` (
  `session_id` varchar(40) NOT NULL DEFAULT '0',
  `ip_address` varchar(16) NOT NULL DEFAULT '0',
  `user_agent` varchar(150) NOT NULL,
  `last_activity` int(10) unsigned NOT NULL DEFAULT '0',
  `user_data` mediumtext NOT NULL
) ENGINE=MyISAM DEFAULT CHARSET=utf8;

--
-- Dumping data for table `ci_sessions`
--

INSERT INTO `ci_sessions` (`session_id`, `ip_address`, `user_agent`, `last_activity`, `user_data`) VALUES
('b03f908a1b5c2aa98841d42355b47f8a', '::1', 'Mozilla/5.0 (Windows NT 6.1; WOW64) AppleWebKit/537.36 (KHTML, like Gecko) Chrome/40.0.2214.94 Safari/537.36', 1423240594, 'a:6:{s:9:"user_data";s:0:"";s:10:"xcrud_sess";a:4:{s:40:"60a38f5658acd49886f7b74a6e0d648cec7c20d0";a:130:{s:3:"key";s:40:"a387913661b27007076a715a4cbc8f8422c9ba70";s:4:"time";i:1423240449;s:5:"table";s:12:"displays_pds";s:10:"table_name";s:18:"Inventario muebles";s:5:"where";a:0:{}s:8:"order_by";a:2:{s:19:"displays_pds.id_pds";s:3:"asc";s:25:"displays_pds.position_abx";s:3:"asc";}s:8:"relation";a:5:{s:28:"displays_pds.client_type_pds";a:13:{s:7:"rel_tbl";s:6:"client";s:9:"rel_alias";s:10:"alias14559";s:9:"rel_field";s:9:"id_client";s:8:"rel_name";s:6:"client";s:9:"rel_where";a:0:{}s:13:"rel_separator";s:1:" ";s:8:"order_by";b:0;s:5:"multi";b:0;s:5:"table";s:12:"displays_pds";s:5:"field";s:15:"client_type_pds";s:4:"tree";b:0;s:12:"depend_field";s:0:"";s:9:"depend_on";s:0:"";}s:19:"displays_pds.id_pds";a:13:{s:7:"rel_tbl";s:3:"pds";s:9:"rel_alias";s:10:"alias22828";s:9:"rel_field";s:6:"id_pds";s:8:"rel_name";s:9:"reference";s:9:"rel_where";a:0:{}s:13:"rel_separator";s:1:" ";s:8:"order_by";b:0;s:5:"multi";b:0;s:5:"table";s:12:"displays_pds";s:5:"field";s:6:"id_pds";s:4:"tree";b:0;s:12:"depend_field";s:0:"";s:9:"depend_on";s:0:"";}s:24:"displays_pds.id_type_pds";a:13:{s:7:"rel_tbl";s:8:"type_pds";s:9:"rel_alias";s:9:"alias4085";s:9:"rel_field";s:11:"id_type_pds";s:8:"rel_name";s:3:"pds";s:9:"rel_where";a:0:{}s:13:"rel_separator";s:1:" ";s:8:"order_by";b:0;s:5:"multi";b:0;s:5:"table";s:12:"displays_pds";s:5:"field";s:11:"id_type_pds";s:4:"tree";b:0;s:12:"depend_field";s:0:"";s:9:"depend_on";s:0:"";}s:24:"displays_pds.id_panelado";a:13:{s:7:"rel_tbl";s:8:"panelado";s:9:"rel_alias";s:9:"alias8586";s:9:"rel_field";s:11:"id_panelado";s:8:"rel_name";s:8:"panelado";s:9:"rel_where";a:0:{}s:13:"rel_separator";s:1:" ";s:8:"order_by";b:0;s:5:"multi";b:0;s:5:"table";s:12:"displays_pds";s:5:"field";s:11:"id_panelado";s:4:"tree";b:0;s:12:"depend_field";s:0:"";s:9:"depend_on";s:0:"";}s:23:"displays_pds.id_display";a:13:{s:7:"rel_tbl";s:7:"display";s:9:"rel_alias";s:9:"alias1019";s:9:"rel_field";s:10:"id_display";s:8:"rel_name";s:7:"display";s:9:"rel_where";a:0:{}s:13:"rel_separator";s:1:" ";s:8:"order_by";b:0;s:5:"multi";b:0;s:5:"table";s:12:"displays_pds";s:5:"field";s:10:"id_display";s:4:"tree";b:0;s:12:"depend_field";s:0:"";s:9:"depend_on";s:0:"";}}s:13:"fields_create";a:10:{s:28:"displays_pds.client_type_pds";a:3:{s:5:"table";s:12:"displays_pds";s:5:"field";s:15:"client_type_pds";s:3:"tab";b:0;}s:28:"displays_pds.id_displays_pds";a:3:{s:5:"table";s:12:"displays_pds";s:5:"field";s:15:"id_displays_pds";s:3:"tab";b:0;}s:24:"displays_pds.id_type_pds";a:3:{s:5:"table";s:12:"displays_pds";s:5:"field";s:11:"id_type_pds";s:3:"tab";b:0;}s:19:"displays_pds.id_pds";a:3:{s:5:"table";s:12:"displays_pds";s:5:"field";s:6:"id_pds";s:3:"tab";b:0;}s:24:"displays_pds.id_panelado";a:3:{s:5:"table";s:12:"displays_pds";s:5:"field";s:11:"id_panelado";s:3:"tab";b:0;}s:23:"displays_pds.id_display";a:3:{s:5:"table";s:12:"displays_pds";s:5:"field";s:10:"id_display";s:3:"tab";b:0;}s:21:"displays_pds.position";a:3:{s:5:"table";s:12:"displays_pds";s:5:"field";s:8:"position";s:3:"tab";b:0;}s:25:"displays_pds.position_abx";a:3:{s:5:"table";s:12:"displays_pds";s:5:"field";s:12:"position_abx";s:3:"tab";b:0;}s:24:"displays_pds.description";a:3:{s:5:"table";s:12:"displays_pds";s:5:"field";s:11:"description";s:3:"tab";b:0;}s:19:"displays_pds.status";a:3:{s:5:"table";s:12:"displays_pds";s:5:"field";s:6:"status";s:3:"tab";b:0;}}s:11:"fields_edit";a:10:{s:28:"displays_pds.client_type_pds";a:3:{s:5:"table";s:12:"displays_pds";s:5:"field";s:15:"client_type_pds";s:3:"tab";b:0;}s:28:"displays_pds.id_displays_pds";a:3:{s:5:"table";s:12:"displays_pds";s:5:"field";s:15:"id_displays_pds";s:3:"tab";b:0;}s:24:"displays_pds.id_type_pds";a:3:{s:5:"table";s:12:"displays_pds";s:5:"field";s:11:"id_type_pds";s:3:"tab";b:0;}s:19:"displays_pds.id_pds";a:3:{s:5:"table";s:12:"displays_pds";s:5:"field";s:6:"id_pds";s:3:"tab";b:0;}s:24:"displays_pds.id_panelado";a:3:{s:5:"table";s:12:"displays_pds";s:5:"field";s:11:"id_panelado";s:3:"tab";b:0;}s:23:"displays_pds.id_display";a:3:{s:5:"table";s:12:"displays_pds";s:5:"field";s:10:"id_display";s:3:"tab";b:0;}s:21:"displays_pds.position";a:3:{s:5:"table";s:12:"displays_pds";s:5:"field";s:8:"position";s:3:"tab";b:0;}s:25:"displays_pds.position_abx";a:3:{s:5:"table";s:12:"displays_pds";s:5:"field";s:12:"position_abx";s:3:"tab";b:0;}s:24:"displays_pds.description";a:3:{s:5:"table";s:12:"displays_pds";s:5:"field";s:11:"description";s:3:"tab";b:0;}s:19:"displays_pds.status";a:3:{s:5:"table";s:12:"displays_pds";s:5:"field";s:6:"status";s:3:"tab";b:0;}}s:11:"fields_view";a:10:{s:28:"displays_pds.client_type_pds";a:3:{s:5:"table";s:12:"displays_pds";s:5:"field";s:15:"client_type_pds";s:3:"tab";b:0;}s:28:"displays_pds.id_displays_pds";a:3:{s:5:"table";s:12:"displays_pds";s:5:"field";s:15:"id_displays_pds";s:3:"tab";b:0;}s:24:"displays_pds.id_type_pds";a:3:{s:5:"table";s:12:"displays_pds";s:5:"field";s:11:"id_type_pds";s:3:"tab";b:0;}s:19:"displays_pds.id_pds";a:3:{s:5:"table";s:12:"displays_pds";s:5:"field";s:6:"id_pds";s:3:"tab";b:0;}s:24:"displays_pds.id_panelado";a:3:{s:5:"table";s:12:"displays_pds";s:5:"field";s:11:"id_panelado";s:3:"tab";b:0;}s:23:"displays_pds.id_display";a:3:{s:5:"table";s:12:"displays_pds";s:5:"field";s:10:"id_display";s:3:"tab";b:0;}s:21:"displays_pds.position";a:3:{s:5:"table";s:12:"displays_pds";s:5:"field";s:8:"position";s:3:"tab";b:0;}s:25:"displays_pds.position_abx";a:3:{s:5:"table";s:12:"displays_pds";s:5:"field";s:12:"position_abx";s:3:"tab";b:0;}s:24:"displays_pds.description";a:3:{s:5:"table";s:12:"displays_pds";s:5:"field";s:11:"description";s:3:"tab";b:0;}s:19:"displays_pds.status";a:3:{s:5:"table";s:12:"displays_pds";s:5:"field";s:6:"status";s:3:"tab";b:0;}}s:11:"fields_list";a:9:{s:28:"displays_pds.client_type_pds";a:2:{s:5:"table";s:12:"displays_pds";s:5:"field";s:15:"client_type_pds";}s:28:"displays_pds.id_displays_pds";a:2:{s:5:"table";s:12:"displays_pds";s:5:"field";s:15:"id_displays_pds";}s:24:"displays_pds.id_type_pds";a:2:{s:5:"table";s:12:"displays_pds";s:5:"field";s:11:"id_type_pds";}s:19:"displays_pds.id_pds";a:2:{s:5:"table";s:12:"displays_pds";s:5:"field";s:6:"id_pds";}s:24:"displays_pds.id_panelado";a:2:{s:5:"table";s:12:"displays_pds";s:5:"field";s:11:"id_panelado";}s:23:"displays_pds.id_display";a:2:{s:5:"table";s:12:"displays_pds";s:5:"field";s:10:"id_display";}s:21:"displays_pds.position";a:2:{s:5:"table";s:12:"displays_pds";s:5:"field";s:8:"position";}s:25:"displays_pds.position_abx";a:2:{s:5:"table";s:12:"displays_pds";s:5:"field";s:12:"position_abx";}s:19:"displays_pds.status";a:2:{s:5:"table";s:12:"displays_pds";s:5:"field";s:6:"status";}}s:6:"labels";a:10:{s:28:"displays_pds.client_type_pds";s:7:"Cliente";s:28:"displays_pds.id_displays_pds";s:4:"REF.";s:24:"displays_pds.id_type_pds";s:4:"Tipo";s:19:"displays_pds.id_pds";s:4:"SFID";s:24:"displays_pds.id_panelado";s:15:"Panelado Orange";s:23:"displays_pds.id_display";s:6:"Mueble";s:21:"displays_pds.position";s:16:"Posicin Orange";s:25:"displays_pds.position_abx";s:13:"Posicin ABX";s:24:"displays_pds.description";s:11:"Comentarios";s:19:"displays_pds.status";s:6:"Estado";}s:13:"columns_names";a:9:{s:28:"displays_pds.client_type_pds";s:7:"Cliente";s:28:"displays_pds.id_displays_pds";s:4:"REF.";s:24:"displays_pds.id_type_pds";s:4:"Tipo";s:19:"displays_pds.id_pds";s:4:"SFID";s:24:"displays_pds.id_panelado";s:15:"Panelado Orange";s:23:"displays_pds.id_display";s:6:"Mueble";s:21:"displays_pds.position";s:16:"Posicin Orange";s:25:"displays_pds.position_abx";s:13:"Posicin ABX";s:19:"displays_pds.status";s:6:"Estado";}s:9:"is_create";b:1;s:7:"is_edit";b:1;s:9:"is_remove";b:1;s:6:"is_csv";b:1;s:7:"buttons";a:0:{}s:19:"validation_required";a:9:{s:28:"displays_pds.id_displays_pds";i:1;s:28:"displays_pds.client_type_pds";i:1;s:24:"displays_pds.id_type_pds";i:1;s:19:"displays_pds.id_pds";i:1;s:24:"displays_pds.id_panelado";i:1;s:23:"displays_pds.id_display";i:1;s:21:"displays_pds.position";i:1;s:25:"displays_pds.position_abx";i:1;s:19:"displays_pds.status";i:1;}s:18:"validation_pattern";a:0:{}s:13:"before_insert";a:0:{}s:13:"before_update";a:0:{}s:13:"before_remove";a:0:{}s:12:"after_insert";a:0:{}s:12:"after_update";a:0:{}s:12:"after_remove";a:0:{}s:10:"field_type";a:10:{s:28:"displays_pds.id_displays_pds";s:3:"int";s:28:"displays_pds.client_type_pds";s:8:"relation";s:24:"displays_pds.id_type_pds";s:8:"relation";s:19:"displays_pds.id_pds";s:8:"relation";s:24:"displays_pds.id_panelado";s:8:"relation";s:23:"displays_pds.id_display";s:8:"relation";s:21:"displays_pds.position";s:3:"int";s:25:"displays_pds.position_abx";s:3:"int";s:24:"displays_pds.description";s:10:"texteditor";s:19:"displays_pds.status";s:6:"select";}s:10:"field_attr";a:10:{s:28:"displays_pds.id_displays_pds";a:1:{s:9:"maxlength";i:5;}s:28:"displays_pds.client_type_pds";a:1:{s:9:"maxlength";i:3;}s:24:"displays_pds.id_type_pds";a:1:{s:9:"maxlength";i:3;}s:19:"displays_pds.id_pds";a:1:{s:9:"maxlength";i:5;}s:24:"displays_pds.id_panelado";a:1:{s:9:"maxlength";i:3;}s:23:"displays_pds.id_display";a:1:{s:9:"maxlength";i:3;}s:21:"displays_pds.position";a:1:{s:9:"maxlength";i:3;}s:25:"displays_pds.position_abx";a:1:{s:9:"maxlength";i:3;}s:24:"displays_pds.description";a:0:{}s:19:"displays_pds.status";a:2:{s:9:"maxlength";i:0;s:6:"values";s:13:"''Alta'',''Baja''";}}s:5:"limit";i:10;s:10:"limit_list";a:5:{i:0;i:10;i:1;s:2:"25";i:2;s:2:"50";i:3;s:3:"100";i:4;s:3:"all";}s:10:"column_cut";i:50;s:15:"column_cut_list";a:0:{}s:9:"no_editor";a:0:{}s:21:"show_primary_ai_field";b:0;s:22:"show_primary_ai_column";b:0;s:8:"disabled";a:1:{s:28:"displays_pds.id_displays_pds";a:4:{s:4:"list";i:1;s:6:"create";i:1;s:4:"edit";i:1;s:4:"view";i:1;}}s:8:"readonly";a:0:{}s:9:"benchmark";b:0;s:14:"search_pattern";a:2:{i:0;s:1:"%";i:1;s:1:"%";}s:10:"connection";b:0;s:14:"remove_confirm";b:1;s:13:"upload_folder";a:0:{}s:13:"upload_config";a:0:{}s:8:"pass_var";a:0:{}s:14:"reverse_fields";a:4:{s:4:"list";b:0;s:6:"create";b:0;s:4:"edit";b:0;s:4:"view";b:0;}s:9:"no_quotes";a:0:{}s:20:"inner_table_instance";a:0:{}s:11:"inner_where";a:0:{}s:6:"unique";a:1:{s:28:"displays_pds.id_displays_pds";b:1;}s:5:"theme";s:9:"bootstrap";s:12:"is_duplicate";b:0;s:11:"links_label";a:0:{}s:12:"emails_label";a:0:{}s:3:"sum";a:0:{}s:12:"alert_create";N;s:10:"alert_edit";N;s:9:"is_search";b:1;s:8:"is_print";b:1;s:13:"is_pagination";b:1;s:12:"is_limitlist";b:1;s:11:"is_sortable";b:1;s:7:"is_list";b:1;s:9:"subselect";a:0:{}s:16:"subselect_before";a:0:{}s:9:"highlight";a:0:{}s:13:"highlight_row";a:0:{}s:5:"modal";a:0:{}s:12:"column_class";a:0:{}s:9:"no_select";a:0:{}s:8:"is_inner";b:0;s:4:"join";a:0:{}s:11:"fk_relation";a:0:{}s:8:"is_title";b:1;s:10:"is_numbers";b:1;s:8:"language";s:2:"es";s:12:"field_params";a:0:{}s:17:"mass_alert_create";a:0:{}s:15:"mass_alert_edit";a:0:{}s:15:"column_callback";a:0:{}s:14:"field_callback";a:0:{}s:14:"replace_insert";a:0:{}s:14:"replace_update";a:0:{}s:14:"replace_remove";a:0:{}s:20:"send_external_create";a:0:{}s:18:"send_external_edit";a:0:{}s:14:"column_pattern";a:0:{}s:10:"field_tabs";a:0:{}s:12:"field_marker";a:0:{}s:7:"is_view";b:1;s:13:"field_tooltip";a:0:{}s:13:"table_tooltip";a:0:{}s:14:"column_tooltip";a:0:{}s:14:"search_columns";a:0:{}s:14:"search_default";N;s:12:"column_width";a:0:{}s:6:"before";s:4:"list";s:13:"before_upload";a:0:{}s:12:"after_upload";a:0:{}s:12:"after_resize";a:0:{}s:11:"custom_vars";a:0:{}s:7:"tabdesc";a:0:{}s:11:"column_name";a:0:{}s:14:"upload_to_save";a:0:{}s:16:"upload_to_remove";a:0:{}s:8:"defaults";a:10:{s:28:"displays_pds.id_displays_pds";N;s:28:"displays_pds.client_type_pds";N;s:24:"displays_pds.id_type_pds";N;s:19:"displays_pds.id_pds";N;s:24:"displays_pds.id_panelado";N;s:23:"displays_pds.id_display";N;s:21:"displays_pds.position";N;s:25:"displays_pds.position_abx";N;s:24:"displays_pds.description";N;s:19:"displays_pds.status";s:4:"Alta";}s:6:"search";i:0;s:11:"inner_value";b:0;s:9:"bit_field";a:0:{}s:11:"point_field";a:0:{}s:16:"buttons_position";s:5:"right";s:14:"grid_condition";a:0:{}s:9:"condition";a:0:{}s:11:"hide_button";a:0:{}s:8:"set_lang";a:0:{}s:8:"table_ro";b:0;s:17:"grid_restrictions";a:0:{}s:9:"load_view";a:4:{s:4:"list";s:19:"xcrud_list_view.php";s:6:"create";s:21:"xcrud_detail_view.php";s:4:"edit";s:21:"xcrud_detail_view.php";s:4:"view";s:21:"xcrud_detail_view.php";}s:6:"action";a:0:{}s:6:"prefix";s:0:"";s:5:"query";s:0:"";s:11:"default_tab";b:0;s:10:"strip_tags";b:1;s:11:"safe_output";b:0;s:11:"before_list";a:0:{}s:13:"before_create";a:0:{}s:11:"before_edit";a:0:{}s:11:"before_view";a:0:{}s:14:"lists_null_opt";b:1;s:13:"custom_fields";a:0:{}s:11:"date_format";a:2:{s:5:"php_d";s:5:"d.m.Y";s:5:"php_t";s:5:"H:i:s";}}s:40:"e07d56d566c7e3fcbd71b18f2599f90690d552f2";a:130:{s:3:"key";s:40:"6a0939b757355240f849ba934afa244c4ede2c05";s:4:"time";i:1423240449;s:5:"table";s:18:"alarms_display_pds";s:10:"table_name";s:25:"Inventario alarmas mueble";s:5:"where";a:0:{}s:8:"order_by";a:2:{s:25:"alarms_display_pds.id_pds";s:3:"asc";s:34:"alarms_display_pds.id_displays_pds";s:3:"asc";}s:8:"relation";a:4:{s:34:"alarms_display_pds.client_type_pds";a:13:{s:7:"rel_tbl";s:6:"client";s:9:"rel_alias";s:10:"alias13937";s:9:"rel_field";s:9:"id_client";s:8:"rel_name";s:6:"client";s:9:"rel_where";a:0:{}s:13:"rel_separator";s:1:" ";s:8:"order_by";b:0;s:5:"multi";b:0;s:5:"table";s:18:"alarms_display_pds";s:5:"field";s:15:"client_type_pds";s:4:"tree";b:0;s:12:"depend_field";s:0:"";s:9:"depend_on";s:0:"";}s:25:"alarms_display_pds.id_pds";a:13:{s:7:"rel_tbl";s:3:"pds";s:9:"rel_alias";s:10:"alias19542";s:9:"rel_field";s:6:"id_pds";s:8:"rel_name";s:9:"reference";s:9:"rel_where";a:0:{}s:13:"rel_separator";s:1:" ";s:8:"order_by";b:0;s:5:"multi";b:0;s:5:"table";s:18:"alarms_display_pds";s:5:"field";s:6:"id_pds";s:4:"tree";b:0;s:12:"depend_field";s:0:"";s:9:"depend_on";s:0:"";}s:34:"alarms_display_pds.id_displays_pds";a:13:{s:7:"rel_tbl";s:12:"displays_pds";s:9:"rel_alias";s:10:"alias25815";s:9:"rel_field";s:15:"id_displays_pds";s:8:"rel_name";s:15:"id_displays_pds";s:9:"rel_where";a:0:{}s:13:"rel_separator";s:1:" ";s:8:"order_by";b:0;s:5:"multi";b:0;s:5:"table";s:18:"alarms_display_pds";s:5:"field";s:15:"id_displays_pds";s:4:"tree";b:0;s:12:"depend_field";s:0:"";s:9:"depend_on";s:0:"";}s:27:"alarms_display_pds.id_alarm";a:13:{s:7:"rel_tbl";s:5:"alarm";s:9:"rel_alias";s:9:"alias8644";s:9:"rel_field";s:8:"id_alarm";s:8:"rel_name";s:5:"alarm";s:9:"rel_where";a:0:{}s:13:"rel_separator";s:1:" ";s:8:"order_by";b:0;s:5:"multi";b:0;s:5:"table";s:18:"alarms_display_pds";s:5:"field";s:8:"id_alarm";s:4:"tree";b:0;s:12:"depend_field";s:0:"";s:9:"depend_on";s:0:"";}}s:13:"fields_create";a:7:{s:34:"alarms_display_pds.client_type_pds";a:3:{s:5:"table";s:18:"alarms_display_pds";s:5:"field";s:15:"client_type_pds";s:3:"tab";b:0;}s:40:"alarms_display_pds.id_alarms_display_pds";a:3:{s:5:"table";s:18:"alarms_display_pds";s:5:"field";s:21:"id_alarms_display_pds";s:3:"tab";b:0;}s:25:"alarms_display_pds.id_pds";a:3:{s:5:"table";s:18:"alarms_display_pds";s:5:"field";s:6:"id_pds";s:3:"tab";b:0;}s:34:"alarms_display_pds.id_displays_pds";a:3:{s:5:"table";s:18:"alarms_display_pds";s:5:"field";s:15:"id_displays_pds";s:3:"tab";b:0;}s:27:"alarms_display_pds.id_alarm";a:3:{s:5:"table";s:18:"alarms_display_pds";s:5:"field";s:8:"id_alarm";s:3:"tab";b:0;}s:30:"alarms_display_pds.description";a:3:{s:5:"table";s:18:"alarms_display_pds";s:5:"field";s:11:"description";s:3:"tab";b:0;}s:25:"alarms_display_pds.status";a:3:{s:5:"table";s:18:"alarms_display_pds";s:5:"field";s:6:"status";s:3:"tab";b:0;}}s:11:"fields_edit";a:7:{s:34:"alarms_display_pds.client_type_pds";a:3:{s:5:"table";s:18:"alarms_display_pds";s:5:"field";s:15:"client_type_pds";s:3:"tab";b:0;}s:40:"alarms_display_pds.id_alarms_display_pds";a:3:{s:5:"table";s:18:"alarms_display_pds";s:5:"field";s:21:"id_alarms_display_pds";s:3:"tab";b:0;}s:25:"alarms_display_pds.id_pds";a:3:{s:5:"table";s:18:"alarms_display_pds";s:5:"field";s:6:"id_pds";s:3:"tab";b:0;}s:34:"alarms_display_pds.id_displays_pds";a:3:{s:5:"table";s:18:"alarms_display_pds";s:5:"field";s:15:"id_displays_pds";s:3:"tab";b:0;}s:27:"alarms_display_pds.id_alarm";a:3:{s:5:"table";s:18:"alarms_display_pds";s:5:"field";s:8:"id_alarm";s:3:"tab";b:0;}s:30:"alarms_display_pds.description";a:3:{s:5:"table";s:18:"alarms_display_pds";s:5:"field";s:11:"description";s:3:"tab";b:0;}s:25:"alarms_display_pds.status";a:3:{s:5:"table";s:18:"alarms_display_pds";s:5:"field";s:6:"status";s:3:"tab";b:0;}}s:11:"fields_view";a:7:{s:34:"alarms_display_pds.client_type_pds";a:3:{s:5:"table";s:18:"alarms_display_pds";s:5:"field";s:15:"client_type_pds";s:3:"tab";b:0;}s:40:"alarms_display_pds.id_alarms_display_pds";a:3:{s:5:"table";s:18:"alarms_display_pds";s:5:"field";s:21:"id_alarms_display_pds";s:3:"tab";b:0;}s:25:"alarms_display_pds.id_pds";a:3:{s:5:"table";s:18:"alarms_display_pds";s:5:"field";s:6:"id_pds";s:3:"tab";b:0;}s:34:"alarms_display_pds.id_displays_pds";a:3:{s:5:"table";s:18:"alarms_display_pds";s:5:"field";s:15:"id_displays_pds";s:3:"tab";b:0;}s:27:"alarms_display_pds.id_alarm";a:3:{s:5:"table";s:18:"alarms_display_pds";s:5:"field";s:8:"id_alarm";s:3:"tab";b:0;}s:30:"alarms_display_pds.description";a:3:{s:5:"table";s:18:"alarms_display_pds";s:5:"field";s:11:"description";s:3:"tab";b:0;}s:25:"alarms_display_pds.status";a:3:{s:5:"table";s:18:"alarms_display_pds";s:5:"field";s:6:"status";s:3:"tab";b:0;}}s:11:"fields_list";a:6:{s:34:"alarms_display_pds.client_type_pds";a:2:{s:5:"table";s:18:"alarms_display_pds";s:5:"field";s:15:"client_type_pds";}s:40:"alarms_display_pds.id_alarms_display_pds";a:2:{s:5:"table";s:18:"alarms_display_pds";s:5:"field";s:21:"id_alarms_display_pds";}s:25:"alarms_display_pds.id_pds";a:2:{s:5:"table";s:18:"alarms_display_pds";s:5:"field";s:6:"id_pds";}s:34:"alarms_display_pds.id_displays_pds";a:2:{s:5:"table";s:18:"alarms_display_pds";s:5:"field";s:15:"id_displays_pds";}s:27:"alarms_display_pds.id_alarm";a:2:{s:5:"table";s:18:"alarms_display_pds";s:5:"field";s:8:"id_alarm";}s:25:"alarms_display_pds.status";a:2:{s:5:"table";s:18:"alarms_display_pds";s:5:"field";s:6:"status";}}s:6:"labels";a:7:{s:34:"alarms_display_pds.client_type_pds";s:7:"Cliente";s:40:"alarms_display_pds.id_alarms_display_pds";s:4:"REF.";s:25:"alarms_display_pds.id_pds";s:4:"SFID";s:34:"alarms_display_pds.id_displays_pds";s:11:"Cod. mueble";s:27:"alarms_display_pds.id_alarm";s:6:"Alarma";s:30:"alarms_display_pds.description";s:11:"Comentarios";s:25:"alarms_display_pds.status";s:6:"Estado";}s:13:"columns_names";a:6:{s:34:"alarms_display_pds.client_type_pds";s:7:"Cliente";s:40:"alarms_display_pds.id_alarms_display_pds";s:4:"REF.";s:25:"alarms_display_pds.id_pds";s:4:"SFID";s:34:"alarms_display_pds.id_displays_pds";s:11:"Cod. mueble";s:27:"alarms_display_pds.id_alarm";s:6:"Alarma";s:25:"alarms_display_pds.status";s:6:"Estado";}s:9:"is_create";b:1;s:7:"is_edit";b:1;s:9:"is_remove";b:1;s:6:"is_csv";b:1;s:7:"buttons";a:0:{}s:19:"validation_required";a:6:{s:40:"alarms_display_pds.id_alarms_display_pds";i:1;s:34:"alarms_display_pds.client_type_pds";i:1;s:25:"alarms_display_pds.id_pds";i:1;s:34:"alarms_display_pds.id_displays_pds";i:1;s:27:"alarms_display_pds.id_alarm";i:1;s:25:"alarms_display_pds.status";i:1;}s:18:"validation_pattern";a:0:{}s:13:"before_insert";a:0:{}s:13:"before_update";a:0:{}s:13:"before_remove";a:0:{}s:12:"after_insert";a:0:{}s:12:"after_update";a:0:{}s:12:"after_remove";a:0:{}s:10:"field_type";a:7:{s:40:"alarms_display_pds.id_alarms_display_pds";s:3:"int";s:34:"alarms_display_pds.client_type_pds";s:8:"relation";s:25:"alarms_display_pds.id_pds";s:8:"relation";s:34:"alarms_display_pds.id_displays_pds";s:8:"relation";s:27:"alarms_display_pds.id_alarm";s:8:"relation";s:30:"alarms_display_pds.description";s:10:"texteditor";s:25:"alarms_display_pds.status";s:6:"select";}s:10:"field_attr";a:7:{s:40:"alarms_display_pds.id_alarms_display_pds";a:1:{s:9:"maxlength";i:8;}s:34:"alarms_display_pds.client_type_pds";a:1:{s:9:"maxlength";i:3;}s:25:"alarms_display_pds.id_pds";a:1:{s:9:"maxlength";i:5;}s:34:"alarms_display_pds.id_displays_pds";a:1:{s:9:"maxlength";i:8;}s:27:"alarms_display_pds.id_alarm";a:1:{s:9:"maxlength";i:5;}s:30:"alarms_display_pds.description";a:0:{}s:25:"alarms_display_pds.status";a:2:{s:9:"maxlength";i:0;s:6:"values";s:13:"''Alta'',''Baja''";}}s:5:"limit";i:10;s:10:"limit_list";a:5:{i:0;i:10;i:1;s:2:"25";i:2;s:2:"50";i:3;s:3:"100";i:4;s:3:"all";}s:10:"column_cut";i:50;s:15:"column_cut_list";a:0:{}s:9:"no_editor";a:0:{}s:21:"show_primary_ai_field";b:0;s:22:"show_primary_ai_column";b:0;s:8:"disabled";a:1:{s:40:"alarms_display_pds.id_alarms_display_pds";a:4:{s:4:"list";i:1;s:6:"create";i:1;s:4:"edit";i:1;s:4:"view";i:1;}}s:8:"readonly";a:0:{}s:9:"benchmark";b:0;s:14:"search_pattern";a:2:{i:0;s:1:"%";i:1;s:1:"%";}s:10:"connection";b:0;s:14:"remove_confirm";b:1;s:13:"upload_folder";a:0:{}s:13:"upload_config";a:0:{}s:8:"pass_var";a:0:{}s:14:"reverse_fields";a:4:{s:4:"list";b:0;s:6:"create";b:0;s:4:"edit";b:0;s:4:"view";b:0;}s:9:"no_quotes";a:0:{}s:20:"inner_table_instance";a:0:{}s:11:"inner_where";a:0:{}s:6:"unique";a:1:{s:40:"alarms_display_pds.id_alarms_display_pds";b:1;}s:5:"theme";s:9:"bootstrap";s:12:"is_duplicate";b:0;s:11:"links_label";a:0:{}s:12:"emails_label";a:0:{}s:3:"sum";a:0:{}s:12:"alert_create";N;s:10:"alert_edit";N;s:9:"is_search";b:1;s:8:"is_print";b:1;s:13:"is_pagination";b:1;s:12:"is_limitlist";b:1;s:11:"is_sortable";b:1;s:7:"is_list";b:1;s:9:"subselect";a:0:{}s:16:"subselect_before";a:0:{}s:9:"highlight";a:0:{}s:13:"highlight_row";a:0:{}s:5:"modal";a:0:{}s:12:"column_class";a:0:{}s:9:"no_select";a:0:{}s:8:"is_inner";b:0;s:4:"join";a:0:{}s:11:"fk_relation";a:0:{}s:8:"is_title";b:1;s:10:"is_numbers";b:1;s:8:"language";s:2:"es";s:12:"field_params";a:0:{}s:17:"mass_alert_create";a:0:{}s:15:"mass_alert_edit";a:0:{}s:15:"column_callback";a:0:{}s:14:"field_callback";a:0:{}s:14:"replace_insert";a:0:{}s:14:"replace_update";a:0:{}s:14:"replace_remove";a:0:{}s:20:"send_external_create";a:0:{}s:18:"send_external_edit";a:0:{}s:14:"column_pattern";a:0:{}s:10:"field_tabs";a:0:{}s:12:"field_marker";a:0:{}s:7:"is_view";b:1;s:13:"field_tooltip";a:0:{}s:13:"table_tooltip";a:0:{}s:14:"column_tooltip";a:0:{}s:14:"search_columns";a:0:{}s:14:"search_default";N;s:12:"column_width";a:0:{}s:6:"before";s:4:"list";s:13:"before_upload";a:0:{}s:12:"after_upload";a:0:{}s:12:"after_resize";a:0:{}s:11:"custom_vars";a:0:{}s:7:"tabdesc";a:0:{}s:11:"column_name";a:0:{}s:14:"upload_to_save";a:0:{}s:16:"upload_to_remove";a:0:{}s:8:"defaults";a:7:{s:40:"alarms_display_pds.id_alarms_display_pds";N;s:34:"alarms_display_pds.client_type_pds";N;s:25:"alarms_display_pds.id_pds";N;s:34:"alarms_display_pds.id_displays_pds";N;s:27:"alarms_display_pds.id_alarm";N;s:30:"alarms_display_pds.description";N;s:25:"alarms_display_pds.status";s:4:"Alta";}s:6:"search";i:0;s:11:"inner_value";b:0;s:9:"bit_field";a:0:{}s:11:"point_field";a:0:{}s:16:"buttons_position";s:5:"right";s:14:"grid_condition";a:0:{}s:9:"condition";a:0:{}s:11:"hide_button";a:0:{}s:8:"set_lang";a:0:{}s:8:"table_ro";b:0;s:17:"grid_restrictions";a:0:{}s:9:"load_view";a:4:{s:4:"list";s:19:"xcrud_list_view.php";s:6:"create";s:21:"xcrud_detail_view.php";s:4:"edit";s:21:"xcrud_detail_view.php";s:4:"view";s:21:"xcrud_detail_view.php";}s:6:"action";a:0:{}s:6:"prefix";s:0:"";s:5:"query";s:0:"";s:11:"default_tab";b:0;s:10:"strip_tags";b:1;s:11:"safe_output";b:0;s:11:"before_list";a:0:{}s:13:"before_create";a:0:{}s:11:"before_edit";a:0:{}s:11:"before_view";a:0:{}s:14:"lists_null_opt";b:1;s:13:"custom_fields";a:0:{}s:11:"date_format";a:2:{s:5:"php_d";s:5:"d.m.Y";s:5:"php_t";s:5:"H:i:s";}}s:40:"e913a70fc00574ef2c09e2ebbe30e08e0c85e364";a:130:{s:3:"key";s:40:"6a3787947f09de339aa1d094f0730bc1601d7016";s:4:"time";i:1423240449;s:5:"table";s:11:"devices_pds";s:10:"table_name";s:23:"Inventario dispositivos";s:5:"where";a:0:{}s:8:"order_by";a:2:{s:18:"devices_pds.id_pds";s:3:"asc";s:27:"devices_pds.id_displays_pds";s:3:"asc";}s:8:"relation";a:8:{s:27:"devices_pds.client_type_pds";a:13:{s:7:"rel_tbl";s:6:"client";s:9:"rel_alias";s:10:"alias22498";s:9:"rel_field";s:9:"id_client";s:8:"rel_name";s:6:"client";s:9:"rel_where";a:0:{}s:13:"rel_separator";s:1:" ";s:8:"order_by";b:0;s:5:"multi";b:0;s:5:"table";s:11:"devices_pds";s:5:"field";s:15:"client_type_pds";s:4:"tree";b:0;s:12:"depend_field";s:0:"";s:9:"depend_on";s:0:"";}s:18:"devices_pds.id_pds";a:13:{s:7:"rel_tbl";s:3:"pds";s:9:"rel_alias";s:10:"alias30579";s:9:"rel_field";s:6:"id_pds";s:8:"rel_name";s:9:"reference";s:9:"rel_where";a:0:{}s:13:"rel_separator";s:1:" ";s:8:"order_by";b:0;s:5:"multi";b:0;s:5:"table";s:11:"devices_pds";s:5:"field";s:6:"id_pds";s:4:"tree";b:0;s:12:"depend_field";s:0:"";s:9:"depend_on";s:0:"";}s:27:"devices_pds.id_displays_pds";a:13:{s:7:"rel_tbl";s:12:"displays_pds";s:9:"rel_alias";s:9:"alias5680";s:9:"rel_field";s:15:"id_displays_pds";s:8:"rel_name";s:15:"id_displays_pds";s:9:"rel_where";a:0:{}s:13:"rel_separator";s:1:" ";s:8:"order_by";b:0;s:5:"multi";b:0;s:5:"table";s:11:"devices_pds";s:5:"field";s:15:"id_displays_pds";s:4:"tree";b:0;s:12:"depend_field";s:0:"";s:9:"depend_on";s:0:"";}s:21:"devices_pds.id_device";a:13:{s:7:"rel_tbl";s:6:"device";s:9:"rel_alias";s:10:"alias17065";s:9:"rel_field";s:9:"id_device";s:8:"rel_name";s:6:"device";s:9:"rel_where";a:0:{}s:13:"rel_separator";s:1:" ";s:8:"order_by";b:0;s:5:"multi";b:0;s:5:"table";s:11:"devices_pds";s:5:"field";s:9:"id_device";s:4:"tree";b:0;s:12:"depend_field";s:0:"";s:9:"depend_on";s:0:"";}s:27:"devices_pds.id_color_device";a:13:{s:7:"rel_tbl";s:12:"color_device";s:9:"rel_alias";s:9:"alias4142";s:9:"rel_field";s:15:"id_color_device";s:8:"rel_name";s:12:"color_device";s:9:"rel_where";a:0:{}s:13:"rel_separator";s:1:" ";s:8:"order_by";b:0;s:5:"multi";b:0;s:5:"table";s:11:"devices_pds";s:5:"field";s:15:"id_color_device";s:4:"tree";b:0;s:12:"depend_field";s:0:"";s:9:"depend_on";s:0:"";}s:32:"devices_pds.id_complement_device";a:13:{s:7:"rel_tbl";s:17:"complement_device";s:9:"rel_alias";s:9:"alias6095";s:9:"rel_field";s:20:"id_complement_device";s:8:"rel_name";s:17:"complement_device";s:9:"rel_where";a:0:{}s:13:"rel_separator";s:1:" ";s:8:"order_by";b:0;s:5:"multi";b:0;s:5:"table";s:11:"devices_pds";s:5:"field";s:20:"id_complement_device";s:4:"tree";b:0;s:12:"depend_field";s:0:"";s:9:"depend_on";s:0:"";}s:28:"devices_pds.id_status_device";a:13:{s:7:"rel_tbl";s:13:"status_device";s:9:"rel_alias";s:10:"alias25948";s:9:"rel_field";s:16:"id_status_device";s:8:"rel_name";s:13:"status_device";s:9:"rel_where";a:0:{}s:13:"rel_separator";s:1:" ";s:8:"order_by";b:0;s:5:"multi";b:0;s:5:"table";s:11:"devices_pds";s:5:"field";s:16:"id_status_device";s:4:"tree";b:0;s:12:"depend_field";s:0:"";s:9:"depend_on";s:0:"";}s:38:"devices_pds.id_status_packaging_device";a:13:{s:7:"rel_tbl";s:23:"status_packaging_device";s:9:"rel_alias";s:10:"alias24677";s:9:"rel_field";s:26:"id_status_packaging_device";s:8:"rel_name";s:23:"status_packaging_device";s:9:"rel_where";a:0:{}s:13:"rel_separator";s:1:" ";s:8:"order_by";b:0;s:5:"multi";b:0;s:5:"table";s:11:"devices_pds";s:5:"field";s:26:"id_status_packaging_device";s:4:"tree";b:0;s:12:"depend_field";s:0:"";s:9:"depend_on";s:0:"";}}s:13:"fields_create";a:17:{s:27:"devices_pds.client_type_pds";a:3:{s:5:"table";s:11:"devices_pds";s:5:"field";s:15:"client_type_pds";s:3:"tab";b:0;}s:26:"devices_pds.id_devices_pds";a:3:{s:5:"table";s:11:"devices_pds";s:5:"field";s:14:"id_devices_pds";s:3:"tab";b:0;}s:18:"devices_pds.id_pds";a:3:{s:5:"table";s:11:"devices_pds";s:5:"field";s:6:"id_pds";s:3:"tab";b:0;}s:27:"devices_pds.id_displays_pds";a:3:{s:5:"table";s:11:"devices_pds";s:5:"field";s:15:"id_displays_pds";s:3:"tab";b:0;}s:20:"devices_pds.position";a:3:{s:5:"table";s:11:"devices_pds";s:5:"field";s:8:"position";s:3:"tab";b:0;}s:21:"devices_pds.id_device";a:3:{s:5:"table";s:11:"devices_pds";s:5:"field";s:9:"id_device";s:3:"tab";b:0;}s:16:"devices_pds.IMEI";a:3:{s:5:"table";s:11:"devices_pds";s:5:"field";s:4:"IMEI";s:3:"tab";b:0;}s:15:"devices_pds.mac";a:3:{s:5:"table";s:11:"devices_pds";s:5:"field";s:3:"mac";s:3:"tab";b:0;}s:27:"devices_pds.id_color_device";a:3:{s:5:"table";s:11:"devices_pds";s:5:"field";s:15:"id_color_device";s:3:"tab";b:0;}s:32:"devices_pds.id_complement_device";a:3:{s:5:"table";s:11:"devices_pds";s:5:"field";s:20:"id_complement_device";s:3:"tab";b:0;}s:28:"devices_pds.id_status_device";a:3:{s:5:"table";s:11:"devices_pds";s:5:"field";s:16:"id_status_device";s:3:"tab";b:0;}s:38:"devices_pds.id_status_packaging_device";a:3:{s:5:"table";s:11:"devices_pds";s:5:"field";s:26:"id_status_packaging_device";s:3:"tab";b:0;}s:25:"devices_pds.picture_url_1";a:3:{s:5:"table";s:11:"devices_pds";s:5:"field";s:13:"picture_url_1";s:3:"tab";b:0;}s:25:"devices_pds.picture_url_2";a:3:{s:5:"table";s:11:"devices_pds";s:5:"field";s:13:"picture_url_2";s:3:"tab";b:0;}s:25:"devices_pds.picture_url_3";a:3:{s:5:"table";s:11:"devices_pds";s:5:"field";s:13:"picture_url_3";s:3:"tab";b:0;}s:23:"devices_pds.description";a:3:{s:5:"table";s:11:"devices_pds";s:5:"field";s:11:"description";s:3:"tab";b:0;}s:18:"devices_pds.status";a:3:{s:5:"table";s:11:"devices_pds";s:5:"field";s:6:"status";s:3:"tab";b:0;}}s:11:"fields_edit";a:17:{s:27:"devices_pds.client_type_pds";a:3:{s:5:"table";s:11:"devices_pds";s:5:"field";s:15:"client_type_pds";s:3:"tab";b:0;}s:26:"devices_pds.id_devices_pds";a:3:{s:5:"table";s:11:"devices_pds";s:5:"field";s:14:"id_devices_pds";s:3:"tab";b:0;}s:18:"devices_pds.id_pds";a:3:{s:5:"table";s:11:"devices_pds";s:5:"field";s:6:"id_pds";s:3:"tab";b:0;}s:27:"devices_pds.id_displays_pds";a:3:{s:5:"table";s:11:"devices_pds";s:5:"field";s:15:"id_displays_pds";s:3:"tab";b:0;}s:20:"devices_pds.position";a:3:{s:5:"table";s:11:"devices_pds";s:5:"field";s:8:"position";s:3:"tab";b:0;}s:21:"devices_pds.id_device";a:3:{s:5:"table";s:11:"devices_pds";s:5:"field";s:9:"id_device";s:3:"tab";b:0;}s:16:"devices_pds.IMEI";a:3:{s:5:"table";s:11:"devices_pds";s:5:"field";s:4:"IMEI";s:3:"tab";b:0;}s:15:"devices_pds.mac";a:3:{s:5:"table";s:11:"devices_pds";s:5:"field";s:3:"mac";s:3:"tab";b:0;}s:27:"devices_pds.id_color_device";a:3:{s:5:"table";s:11:"devices_pds";s:5:"field";s:15:"id_color_device";s:3:"tab";b:0;}s:32:"devices_pds.id_complement_device";a:3:{s:5:"table";s:11:"devices_pds";s:5:"field";s:20:"id_complement_device";s:3:"tab";b:0;}s:28:"devices_pds.id_status_device";a:3:{s:5:"table";s:11:"devices_pds";s:5:"field";s:16:"id_status_device";s:3:"tab";b:0;}s:38:"devices_pds.id_status_packaging_device";a:3:{s:5:"table";s:11:"devices_pds";s:5:"field";s:26:"id_status_packaging_device";s:3:"tab";b:0;}s:25:"devices_pds.picture_url_1";a:3:{s:5:"table";s:11:"devices_pds";s:5:"field";s:13:"picture_url_1";s:3:"tab";b:0;}s:25:"devices_pds.picture_url_2";a:3:{s:5:"table";s:11:"devices_pds";s:5:"field";s:13:"picture_url_2";s:3:"tab";b:0;}s:25:"devices_pds.picture_url_3";a:3:{s:5:"table";s:11:"devices_pds";s:5:"field";s:13:"picture_url_3";s:3:"tab";b:0;}s:23:"devices_pds.description";a:3:{s:5:"table";s:11:"devices_pds";s:5:"field";s:11:"description";s:3:"tab";b:0;}s:18:"devices_pds.status";a:3:{s:5:"table";s:11:"devices_pds";s:5:"field";s:6:"status";s:3:"tab";b:0;}}s:11:"fields_view";a:17:{s:27:"devices_pds.client_type_pds";a:3:{s:5:"table";s:11:"devices_pds";s:5:"field";s:15:"client_type_pds";s:3:"tab";b:0;}s:26:"devices_pds.id_devices_pds";a:3:{s:5:"table";s:11:"devices_pds";s:5:"field";s:14:"id_devices_pds";s:3:"tab";b:0;}s:18:"devices_pds.id_pds";a:3:{s:5:"table";s:11:"devices_pds";s:5:"field";s:6:"id_pds";s:3:"tab";b:0;}s:27:"devices_pds.id_displays_pds";a:3:{s:5:"table";s:11:"devices_pds";s:5:"field";s:15:"id_displays_pds";s:3:"tab";b:0;}s:20:"devices_pds.position";a:3:{s:5:"table";s:11:"devices_pds";s:5:"field";s:8:"position";s:3:"tab";b:0;}s:21:"devices_pds.id_device";a:3:{s:5:"table";s:11:"devices_pds";s:5:"field";s:9:"id_device";s:3:"tab";b:0;}s:16:"devices_pds.IMEI";a:3:{s:5:"table";s:11:"devices_pds";s:5:"field";s:4:"IMEI";s:3:"tab";b:0;}s:15:"devices_pds.mac";a:3:{s:5:"table";s:11:"devices_pds";s:5:"field";s:3:"mac";s:3:"tab";b:0;}s:27:"devices_pds.id_color_device";a:3:{s:5:"table";s:11:"devices_pds";s:5:"field";s:15:"id_color_device";s:3:"tab";b:0;}s:32:"devices_pds.id_complement_device";a:3:{s:5:"table";s:11:"devices_pds";s:5:"field";s:20:"id_complement_device";s:3:"tab";b:0;}s:28:"devices_pds.id_status_device";a:3:{s:5:"table";s:11:"devices_pds";s:5:"field";s:16:"id_status_device";s:3:"tab";b:0;}s:38:"devices_pds.id_status_packaging_device";a:3:{s:5:"table";s:11:"devices_pds";s:5:"field";s:26:"id_status_packaging_device";s:3:"tab";b:0;}s:25:"devices_pds.picture_url_1";a:3:{s:5:"table";s:11:"devices_pds";s:5:"field";s:13:"picture_url_1";s:3:"tab";b:0;}s:25:"devices_pds.picture_url_2";a:3:{s:5:"table";s:11:"devices_pds";s:5:"field";s:13:"picture_url_2";s:3:"tab";b:0;}s:25:"devices_pds.picture_url_3";a:3:{s:5:"table";s:11:"devices_pds";s:5:"field";s:13:"picture_url_3";s:3:"tab";b:0;}s:23:"devices_pds.description";a:3:{s:5:"table";s:11:"devices_pds";s:5:"field";s:11:"description";s:3:"tab";b:0;}s:18:"devices_pds.status";a:3:{s:5:"table";s:11:"devices_pds";s:5:"field";s:6:"status";s:3:"tab";b:0;}}s:11:"fields_list";a:9:{s:27:"devices_pds.client_type_pds";a:2:{s:5:"table";s:11:"devices_pds";s:5:"field";s:15:"client_type_pds";}s:26:"devices_pds.id_devices_pds";a:2:{s:5:"table";s:11:"devices_pds";s:5:"field";s:14:"id_devices_pds";}s:18:"devices_pds.id_pds";a:2:{s:5:"table";s:11:"devices_pds";s:5:"field";s:6:"id_pds";}s:27:"devices_pds.id_displays_pds";a:2:{s:5:"table";s:11:"devices_pds";s:5:"field";s:15:"id_displays_pds";}s:20:"devices_pds.position";a:2:{s:5:"table";s:11:"devices_pds";s:5:"field";s:8:"position";}s:21:"devices_pds.id_device";a:2:{s:5:"table";s:11:"devices_pds";s:5:"field";s:9:"id_device";}s:16:"devices_pds.IMEI";a:2:{s:5:"table";s:11:"devices_pds";s:5:"field";s:4:"IMEI";}s:15:"devices_pds.mac";a:2:{s:5:"table";s:11:"devices_pds";s:5:"field";s:3:"mac";}s:18:"devices_pds.status";a:2:{s:5:"table";s:11:"devices_pds";s:5:"field";s:6:"status";}}s:6:"labels";a:17:{s:27:"devices_pds.client_type_pds";s:7:"Cliente";s:26:"devices_pds.id_devices_pds";s:4:"REF.";s:18:"devices_pds.id_pds";s:4:"SFID";s:27:"devices_pds.id_displays_pds";s:11:"Cod. mueble";s:20:"devices_pds.position";s:9:"Posicin";s:21:"devices_pds.id_device";s:11:"Dispositivo";s:16:"devices_pds.IMEI";s:4:"IMEI";s:15:"devices_pds.mac";s:3:"MAC";s:27:"devices_pds.id_color_device";s:5:"Color";s:32:"devices_pds.id_complement_device";s:12:"Complementos";s:28:"devices_pds.id_status_device";s:18:"Estado dispositivo";s:38:"devices_pds.id_status_packaging_device";s:16:"Estado packaging";s:25:"devices_pds.picture_url_1";s:7:"Foto #1";s:25:"devices_pds.picture_url_2";s:7:"Foto #2";s:25:"devices_pds.picture_url_3";s:7:"Foto #3";s:23:"devices_pds.description";s:11:"Comentarios";s:18:"devices_pds.status";s:6:"Estado";}s:13:"columns_names";a:9:{s:27:"devices_pds.client_type_pds";s:7:"Cliente";s:26:"devices_pds.id_devices_pds";s:4:"REF.";s:18:"devices_pds.id_pds";s:4:"SFID";s:27:"devices_pds.id_displays_pds";s:11:"Cod. mueble";s:20:"devices_pds.position";s:9:"Posicin";s:21:"devices_pds.id_device";s:11:"Dispositivo";s:16:"devices_pds.IMEI";s:4:"IMEI";s:15:"devices_pds.mac";s:3:"MAC";s:18:"devices_pds.status";s:6:"Estado";}s:9:"is_create";b:1;s:7:"is_edit";b:1;s:9:"is_remove";b:1;s:6:"is_csv";b:1;s:7:"buttons";a:0:{}s:19:"validation_required";a:7:{s:26:"devices_pds.id_devices_pds";i:1;s:27:"devices_pds.client_type_pds";i:1;s:18:"devices_pds.id_pds";i:1;s:27:"devices_pds.id_displays_pds";i:1;s:20:"devices_pds.position";i:1;s:21:"devices_pds.id_device";i:1;s:18:"devices_pds.status";i:1;}s:18:"validation_pattern";a:0:{}s:13:"before_insert";a:0:{}s:13:"before_update";a:0:{}s:13:"before_remove";a:0:{}s:12:"after_insert";a:0:{}s:12:"after_update";a:0:{}s:12:"after_remove";a:0:{}s:10:"field_type";a:19:{s:25:"devices_pds.picture_url_1";s:5:"image";s:25:"devices_pds.picture_url_2";s:5:"image";s:25:"devices_pds.picture_url_3";s:5:"image";s:26:"devices_pds.id_devices_pds";s:3:"int";s:27:"devices_pds.client_type_pds";s:8:"relation";s:18:"devices_pds.id_pds";s:8:"relation";s:27:"devices_pds.id_displays_pds";s:8:"relation";s:20:"devices_pds.position";s:3:"int";s:21:"devices_pds.id_device";s:8:"relation";s:16:"devices_pds.IMEI";s:4:"text";s:15:"devices_pds.mac";s:4:"text";s:18:"devices_pds.serial";s:4:"text";s:19:"devices_pds.barcode";s:4:"text";s:27:"devices_pds.id_color_device";s:8:"relation";s:32:"devices_pds.id_complement_device";s:8:"relation";s:28:"devices_pds.id_status_device";s:8:"relation";s:38:"devices_pds.id_status_packaging_device";s:8:"relation";s:23:"devices_pds.description";s:10:"texteditor";s:18:"devices_pds.status";s:6:"select";}s:10:"field_attr";a:19:{s:26:"devices_pds.id_devices_pds";a:1:{s:9:"maxlength";i:8;}s:27:"devices_pds.client_type_pds";a:1:{s:9:"maxlength";i:3;}s:18:"devices_pds.id_pds";a:1:{s:9:"maxlength";i:5;}s:27:"devices_pds.id_displays_pds";a:1:{s:9:"maxlength";i:8;}s:20:"devices_pds.position";a:1:{s:9:"maxlength";i:3;}s:21:"devices_pds.id_device";a:1:{s:9:"maxlength";i:5;}s:16:"devices_pds.IMEI";a:1:{s:9:"maxlength";i:50;}s:15:"devices_pds.mac";a:1:{s:9:"maxlength";i:50;}s:18:"devices_pds.serial";a:1:{s:9:"maxlength";i:50;}s:19:"devices_pds.barcode";a:1:{s:9:"maxlength";i:50;}s:27:"devices_pds.id_color_device";a:1:{s:9:"maxlength";i:3;}s:32:"devices_pds.id_complement_device";a:1:{s:9:"maxlength";i:3;}s:28:"devices_pds.id_status_device";a:1:{s:9:"maxlength";i:3;}s:38:"devices_pds.id_status_packaging_device";a:1:{s:9:"maxlength";i:3;}s:25:"devices_pds.picture_url_1";a:1:{s:9:"maxlength";i:200;}s:25:"devices_pds.picture_url_2";a:1:{s:9:"maxlength";i:200;}s:25:"devices_pds.picture_url_3";a:1:{s:9:"maxlength";i:200;}s:23:"devices_pds.description";a:0:{}s:18:"devices_pds.status";a:2:{s:9:"maxlength";i:0;s:6:"values";s:13:"''Alta'',''Baja''";}}s:5:"limit";i:10;s:10:"limit_list";a:5:{i:0;i:10;i:1;s:2:"25";i:2;s:2:"50";i:3;s:3:"100";i:4;s:3:"all";}s:10:"column_cut";i:50;s:15:"column_cut_list";a:0:{}s:9:"no_editor";a:0:{}s:21:"show_primary_ai_field";b:0;s:22:"show_primary_ai_column";b:0;s:8:"disabled";a:1:{s:26:"devices_pds.id_devices_pds";a:4:{s:4:"list";i:1;s:6:"create";i:1;s:4:"edit";i:1;s:4:"view";i:1;}}s:8:"readonly";a:0:{}s:9:"benchmark";b:0;s:14:"search_pattern";a:2:{i:0;s:1:"%";i:1;s:1:"%";}s:10:"connection";b:0;s:14:"remove_confirm";b:1;s:13:"upload_folder";a:0:{}s:13:"upload_config";a:3:{s:25:"devices_pds.picture_url_1";a:0:{}s:25:"devices_pds.picture_url_2";a:0:{}s:25:"devices_pds.picture_url_3";a:0:{}}s:8:"pass_var";a:0:{}s:14:"reverse_fields";a:4:{s:4:"list";b:0;s:6:"create";b:0;s:4:"edit";b:0;s:4:"view";b:0;}s:9:"no_quotes";a:0:{}s:20:"inner_table_instance";a:0:{}s:11:"inner_where";a:0:{}s:6:"unique";a:1:{s:26:"devices_pds.id_devices_pds";b:1;}s:5:"theme";s:9:"bootstrap";s:12:"is_duplicate";b:0;s:11:"links_label";a:0:{}s:12:"emails_label";a:0:{}s:3:"sum";a:0:{}s:12:"alert_create";N;s:10:"alert_edit";N;s:9:"is_search";b:1;s:8:"is_print";b:1;s:13:"is_pagination";b:1;s:12:"is_limitlist";b:1;s:11:"is_sortable";b:1;s:7:"is_list";b:1;s:9:"subselect";a:0:{}s:16:"subselect_before";a:0:{}s:9:"highlight";a:0:{}s:13:"highlight_row";a:0:{}s:5:"modal";a:3:{s:25:"devices_pds.picture_url_1";b:0;s:25:"devices_pds.picture_url_2";b:0;s:25:"devices_pds.picture_url_3";b:0;}s:12:"column_class";a:0:{}s:9:"no_select";a:0:{}s:8:"is_inner";b:0;s:4:"join";a:0:{}s:11:"fk_relation";a:0:{}s:8:"is_title";b:1;s:10:"is_numbers";b:1;s:8:"language";s:2:"es";s:12:"field_params";a:0:{}s:17:"mass_alert_create";a:0:{}s:15:"mass_alert_edit";a:0:{}s:15:"column_callback";a:0:{}s:14:"field_callback";a:0:{}s:14:"replace_insert";a:0:{}s:14:"replace_update";a:0:{}s:14:"replace_remove";a:0:{}s:20:"send_external_create";a:0:{}s:18:"send_external_edit";a:0:{}s:14:"column_pattern";a:0:{}s:10:"field_tabs";a:0:{}s:12:"field_marker";a:0:{}s:7:"is_view";b:1;s:13:"field_tooltip";a:0:{}s:13:"table_tooltip";a:0:{}s:14:"column_tooltip";a:0:{}s:14:"search_columns";a:0:{}s:14:"search_default";N;s:12:"column_width";a:0:{}s:6:"before";s:4:"list";s:13:"before_upload";a:0:{}s:12:"after_upload";a:0:{}s:12:"after_resize";a:0:{}s:11:"custom_vars";a:0:{}s:7:"tabdesc";a:0:{}s:11:"column_name";a:0:{}s:14:"upload_to_save";a:0:{}s:16:"upload_to_remove";a:0:{}s:8:"defaults";a:19:{s:25:"devices_pds.picture_url_1";b:0;s:25:"devices_pds.picture_url_2";b:0;s:25:"devices_pds.picture_url_3";b:0;s:26:"devices_pds.id_devices_pds";N;s:27:"devices_pds.client_type_pds";N;s:18:"devices_pds.id_pds";N;s:27:"devices_pds.id_displays_pds";N;s:20:"devices_pds.position";N;s:21:"devices_pds.id_device";N;s:16:"devices_pds.IMEI";N;s:15:"devices_pds.mac";N;s:18:"devices_pds.serial";N;s:19:"devices_pds.barcode";N;s:27:"devices_pds.id_color_device";N;s:32:"devices_pds.id_complement_device";N;s:28:"devices_pds.id_status_device";N;s:38:"devices_pds.id_status_packaging_device";N;s:23:"devices_pds.description";N;s:18:"devices_pds.status";s:4:"Alta";}s:6:"search";i:0;s:11:"inner_value";b:0;s:9:"bit_field";a:0:{}s:11:"point_field";a:0:{}s:16:"buttons_position";s:5:"right";s:14:"grid_condition";a:0:{}s:9:"condition";a:0:{}s:11:"hide_button";a:0:{}s:8:"set_lang";a:0:{}s:8:"table_ro";b:0;s:17:"grid_restrictions";a:0:{}s:9:"load_view";a:4:{s:4:"list";s:19:"xcrud_list_view.php";s:6:"create";s:21:"xcrud_detail_view.php";s:4:"edit";s:21:"xcrud_detail_view.php";s:4:"view";s:21:"xcrud_detail_view.php";}s:6:"action";a:0:{}s:6:"prefix";s:0:"";s:5:"query";s:0:"";s:11:"default_tab";b:0;s:10:"strip_tags";b:1;s:11:"safe_output";b:0;s:11:"before_list";a:0:{}s:13:"before_create";a:0:{}s:11:"before_edit";a:0:{}s:11:"before_view";a:0:{}s:14:"lists_null_opt";b:1;s:13:"custom_fields";a:0:{}s:11:"date_format";a:2:{s:5:"php_d";s:5:"d.m.Y";s:5:"php_t";s:5:"H:i:s";}}s:40:"80a9f881b8ac5474d225d0a18e181383b120a13f";a:130:{s:3:"key";s:40:"dc970c93a58b986f75cc6b9cce8fd3ed0338d54e";s:4:"time";i:1423240449;s:5:"table";s:17:"alarms_device_pds";s:10:"table_name";s:30:"Inventario alarmas dispositivo";s:5:"where";a:0:{}s:8:"order_by";a:3:{s:24:"alarms_device_pds.id_pds";s:3:"asc";s:33:"alarms_device_pds.id_displays_pds";s:3:"asc";s:32:"alarms_device_pds.id_devices_pds";s:3:"asc";}s:8:"relation";a:5:{s:33:"alarms_device_pds.client_type_pds";a:13:{s:7:"rel_tbl";s:6:"client";s:9:"rel_alias";s:10:"alias25067";s:9:"rel_field";s:9:"id_client";s:8:"rel_name";s:6:"client";s:9:"rel_where";a:0:{}s:13:"rel_separator";s:1:" ";s:8:"order_by";b:0;s:5:"multi";b:0;s:5:"table";s:17:"alarms_device_pds";s:5:"field";s:15:"client_type_pds";s:4:"tree";b:0;s:12:"depend_field";s:0:"";s:9:"depend_on";s:0:"";}s:24:"alarms_device_pds.id_pds";a:13:{s:7:"rel_tbl";s:3:"pds";s:9:"rel_alias";s:10:"alias31560";s:9:"rel_field";s:6:"id_pds";s:8:"rel_name";s:9:"reference";s:9:"rel_where";a:0:{}s:13:"rel_separator";s:1:" ";s:8:"order_by";b:0;s:5:"multi";b:0;s:5:"table";s:17:"alarms_device_pds";s:5:"field";s:6:"id_pds";s:4:"tree";b:0;s:12:"depend_field";s:0:"";s:9:"depend_on";s:0:"";}s:32:"alarms_device_pds.id_devices_pds";a:13:{s:7:"rel_tbl";s:11:"devices_pds";s:9:"rel_alias";s:9:"alias7649";s:9:"rel_field";s:14:"id_devices_pds";s:8:"rel_name";s:14:"id_devices_pds";s:9:"rel_where";a:0:{}s:13:"rel_separator";s:1:" ";s:8:"order_by";b:0;s:5:"multi";b:0;s:5:"table";s:17:"alarms_device_pds";s:5:"field";s:14:"id_devices_pds";s:4:"tree";b:0;s:12:"depend_field";s:0:"";s:9:"depend_on";s:0:"";}s:33:"alarms_device_pds.id_displays_pds";a:13:{s:7:"rel_tbl";s:12:"displays_pds";s:9:"rel_alias";s:10:"alias30470";s:9:"rel_field";s:15:"id_displays_pds";s:8:"rel_name";s:15:"id_displays_pds";s:9:"rel_where";a:0:{}s:13:"rel_separator";s:1:" ";s:8:"order_by";b:0;s:5:"multi";b:0;s:5:"table";s:17:"alarms_device_pds";s:5:"field";s:15:"id_displays_pds";s:4:"tree";b:0;s:12:"depend_field";s:0:"";s:9:"depend_on";s:0:"";}s:26:"alarms_device_pds.id_alarm";a:13:{s:7:"rel_tbl";s:5:"alarm";s:9:"rel_alias";s:10:"alias12743";s:9:"rel_field";s:8:"id_alarm";s:8:"rel_name";s:5:"alarm";s:9:"rel_where";a:0:{}s:13:"rel_separator";s:1:" ";s:8:"order_by";b:0;s:5:"multi";b:0;s:5:"table";s:17:"alarms_device_pds";s:5:"field";s:8:"id_alarm";s:4:"tree";b:0;s:12:"depend_field";s:0:"";s:9:"depend_on";s:0:"";}}s:13:"fields_create";a:8:{s:33:"alarms_device_pds.client_type_pds";a:3:{s:5:"table";s:17:"alarms_device_pds";s:5:"field";s:15:"client_type_pds";s:3:"tab";b:0;}s:38:"alarms_device_pds.id_alarms_device_pds";a:3:{s:5:"table";s:17:"alarms_device_pds";s:5:"field";s:20:"id_alarms_device_pds";s:3:"tab";b:0;}s:24:"alarms_device_pds.id_pds";a:3:{s:5:"table";s:17:"alarms_device_pds";s:5:"field";s:6:"id_pds";s:3:"tab";b:0;}s:32:"alarms_device_pds.id_devices_pds";a:3:{s:5:"table";s:17:"alarms_device_pds";s:5:"field";s:14:"id_devices_pds";s:3:"tab";b:0;}s:33:"alarms_device_pds.id_displays_pds";a:3:{s:5:"table";s:17:"alarms_device_pds";s:5:"field";s:15:"id_displays_pds";s:3:"tab";b:0;}s:26:"alarms_device_pds.id_alarm";a:3:{s:5:"table";s:17:"alarms_device_pds";s:5:"field";s:8:"id_alarm";s:3:"tab";b:0;}s:29:"alarms_device_pds.description";a:3:{s:5:"table";s:17:"alarms_device_pds";s:5:"field";s:11:"description";s:3:"tab";b:0;}s:24:"alarms_device_pds.status";a:3:{s:5:"table";s:17:"alarms_device_pds";s:5:"field";s:6:"status";s:3:"tab";b:0;}}s:11:"fields_edit";a:8:{s:33:"alarms_device_pds.client_type_pds";a:3:{s:5:"table";s:17:"alarms_device_pds";s:5:"field";s:15:"client_type_pds";s:3:"tab";b:0;}s:38:"alarms_device_pds.id_alarms_device_pds";a:3:{s:5:"table";s:17:"alarms_device_pds";s:5:"field";s:20:"id_alarms_device_pds";s:3:"tab";b:0;}s:24:"alarms_device_pds.id_pds";a:3:{s:5:"table";s:17:"alarms_device_pds";s:5:"field";s:6:"id_pds";s:3:"tab";b:0;}s:32:"alarms_device_pds.id_devices_pds";a:3:{s:5:"table";s:17:"alarms_device_pds";s:5:"field";s:14:"id_devices_pds";s:3:"tab";b:0;}s:33:"alarms_device_pds.id_displays_pds";a:3:{s:5:"table";s:17:"alarms_device_pds";s:5:"field";s:15:"id_displays_pds";s:3:"tab";b:0;}s:26:"alarms_device_pds.id_alarm";a:3:{s:5:"table";s:17:"alarms_device_pds";s:5:"field";s:8:"id_alarm";s:3:"tab";b:0;}s:29:"alarms_device_pds.description";a:3:{s:5:"table";s:17:"alarms_device_pds";s:5:"field";s:11:"description";s:3:"tab";b:0;}s:24:"alarms_device_pds.status";a:3:{s:5:"table";s:17:"alarms_device_pds";s:5:"field";s:6:"status";s:3:"tab";b:0;}}s:11:"fields_view";a:8:{s:33:"alarms_device_pds.client_type_pds";a:3:{s:5:"table";s:17:"alarms_device_pds";s:5:"field";s:15:"client_type_pds";s:3:"tab";b:0;}s:38:"alarms_device_pds.id_alarms_device_pds";a:3:{s:5:"table";s:17:"alarms_device_pds";s:5:"field";s:20:"id_alarms_device_pds";s:3:"tab";b:0;}s:24:"alarms_device_pds.id_pds";a:3:{s:5:"table";s:17:"alarms_device_pds";s:5:"field";s:6:"id_pds";s:3:"tab";b:0;}s:32:"alarms_device_pds.id_devices_pds";a:3:{s:5:"table";s:17:"alarms_device_pds";s:5:"field";s:14:"id_devices_pds";s:3:"tab";b:0;}s:33:"alarms_device_pds.id_displays_pds";a:3:{s:5:"table";s:17:"alarms_device_pds";s:5:"field";s:15:"id_displays_pds";s:3:"tab";b:0;}s:26:"alarms_device_pds.id_alarm";a:3:{s:5:"table";s:17:"alarms_device_pds";s:5:"field";s:8:"id_alarm";s:3:"tab";b:0;}s:29:"alarms_device_pds.description";a:3:{s:5:"table";s:17:"alarms_device_pds";s:5:"field";s:11:"description";s:3:"tab";b:0;}s:24:"alarms_device_pds.status";a:3:{s:5:"table";s:17:"alarms_device_pds";s:5:"field";s:6:"status";s:3:"tab";b:0;}}s:11:"fields_list";a:7:{s:33:"alarms_device_pds.client_type_pds";a:2:{s:5:"table";s:17:"alarms_device_pds";s:5:"field";s:15:"client_type_pds";}s:38:"alarms_device_pds.id_alarms_device_pds";a:2:{s:5:"table";s:17:"alarms_device_pds";s:5:"field";s:20:"id_alarms_device_pds";}s:24:"alarms_device_pds.id_pds";a:2:{s:5:"table";s:17:"alarms_device_pds";s:5:"field";s:6:"id_pds";}s:32:"alarms_device_pds.id_devices_pds";a:2:{s:5:"table";s:17:"alarms_device_pds";s:5:"field";s:14:"id_devices_pds";}s:33:"alarms_device_pds.id_displays_pds";a:2:{s:5:"table";s:17:"alarms_device_pds";s:5:"field";s:15:"id_displays_pds";}s:26:"alarms_device_pds.id_alarm";a:2:{s:5:"table";s:17:"alarms_device_pds";s:5:"field";s:8:"id_alarm";}s:24:"alarms_device_pds.status";a:2:{s:5:"table";s:17:"alarms_device_pds";s:5:"field";s:6:"status";}}s:6:"labels";a:8:{s:33:"alarms_device_pds.client_type_pds";s:7:"Cliente";s:38:"alarms_device_pds.id_alarms_device_pds";s:4:"REF.";s:24:"alarms_device_pds.id_pds";s:4:"SFID";s:32:"alarms_device_pds.id_devices_pds";s:16:"Cod. dispositivo";s:33:"alarms_device_pds.id_displays_pds";s:11:"Cod. mueble";s:26:"alarms_device_pds.id_alarm";s:6:"Alarma";s:29:"alarms_device_pds.description";s:11:"Comentarios";s:24:"alarms_device_pds.status";s:6:"Estado";}s:13:"columns_names";a:7:{s:33:"alarms_device_pds.client_type_pds";s:7:"Cliente";s:38:"alarms_device_pds.id_alarms_device_pds";s:4:"REF.";s:24:"alarms_device_pds.id_pds";s:4:"SFID";s:32:"alarms_device_pds.id_devices_pds";s:16:"Cod. dispositivo";s:33:"alarms_device_pds.id_displays_pds";s:11:"Cod. mueble";s:26:"alarms_device_pds.id_alarm";s:6:"Alarma";s:24:"alarms_device_pds.status";s:6:"Estado";}s:9:"is_create";b:1;s:7:"is_edit";b:1;s:9:"is_remove";b:1;s:6:"is_csv";b:1;s:7:"buttons";a:0:{}s:19:"validation_required";a:7:{s:38:"alarms_device_pds.id_alarms_device_pds";i:1;s:33:"alarms_device_pds.client_type_pds";i:1;s:24:"alarms_device_pds.id_pds";i:1;s:32:"alarms_device_pds.id_devices_pds";i:1;s:33:"alarms_device_pds.id_displays_pds";i:1;s:26:"alarms_device_pds.id_alarm";i:1;s:24:"alarms_device_pds.status";i:1;}s:18:"validation_pattern";a:0:{}s:13:"before_insert";a:0:{}s:13:"before_update";a:0:{}s:13:"before_remove";a:0:{}s:12:"after_insert";a:0:{}s:12:"after_update";a:0:{}s:12:"after_remove";a:0:{}s:10:"field_type";a:8:{s:38:"alarms_device_pds.id_alarms_device_pds";s:3:"int";s:33:"alarms_device_pds.client_type_pds";s:8:"relation";s:24:"alarms_device_pds.id_pds";s:8:"relation";s:32:"alarms_device_pds.id_devices_pds";s:8:"relation";s:33:"alarms_device_pds.id_displays_pds";s:8:"relation";s:26:"alarms_device_pds.id_alarm";s:8:"relation";s:29:"alarms_device_pds.description";s:10:"texteditor";s:24:"alarms_device_pds.status";s:6:"select";}s:10:"field_attr";a:8:{s:38:"alarms_device_pds.id_alarms_device_pds";a:1:{s:9:"maxlength";i:8;}s:33:"alarms_device_pds.client_type_pds";a:1:{s:9:"maxlength";i:3;}s:24:"alarms_device_pds.id_pds";a:1:{s:9:"maxlength";i:5;}s:32:"alarms_device_pds.id_devices_pds";a:1:{s:9:"maxlength";i:8;}s:33:"alarms_device_pds.id_displays_pds";a:1:{s:9:"maxlength";i:8;}s:26:"alarms_device_pds.id_alarm";a:1:{s:9:"maxlength";i:5;}s:29:"alarms_device_pds.description";a:0:{}s:24:"alarms_device_pds.status";a:2:{s:9:"maxlength";i:0;s:6:"values";s:13:"''Alta'',''Baja''";}}s:5:"limit";i:10;s:10:"limit_list";a:5:{i:0;i:10;i:1;s:2:"25";i:2;s:2:"50";i:3;s:3:"100";i:4;s:3:"all";}s:10:"column_cut";i:50;s:15:"column_cut_list";a:0:{}s:9:"no_editor";a:0:{}s:21:"show_primary_ai_field";b:0;s:22:"show_primary_ai_column";b:0;s:8:"disabled";a:1:{s:38:"alarms_device_pds.id_alarms_device_pds";a:4:{s:4:"list";i:1;s:6:"create";i:1;s:4:"edit";i:1;s:4:"view";i:1;}}s:8:"readonly";a:0:{}s:9:"benchmark";b:0;s:14:"search_pattern";a:2:{i:0;s:1:"%";i:1;s:1:"%";}s:10:"connection";b:0;s:14:"remove_confirm";b:1;s:13:"upload_folder";a:0:{}s:13:"upload_config";a:0:{}s:8:"pass_var";a:0:{}s:14:"reverse_fields";a:4:{s:4:"list";b:0;s:6:"create";b:0;s:4:"edit";b:0;s:4:"view";b:0;}s:9:"no_quotes";a:0:{}s:20:"inner_table_instance";a:0:{}s:11:"inner_where";a:0:{}s:6:"unique";a:1:{s:38:"alarms_device_pds.id_alarms_device_pds";b:1;}s:5:"theme";s:9:"bootstrap";s:12:"is_duplicate";b:0;s:11:"links_label";a:0:{}s:12:"emails_label";a:0:{}s:3:"sum";a:0:{}s:12:"alert_create";N;s:10:"alert_edit";N;s:9:"is_search";b:1;s:8:"is_print";b:1;s:13:"is_pagination";b:1;s:12:"is_limitlist";b:1;s:11:"is_sortable";b:1;s:7:"is_list";b:1;s:9:"subselect";a:0:{}s:16:"subselect_before";a:0:{}s:9:"highlight";a:0:{}s:13:"highlight_row";a:0:{}s:5:"modal";a:0:{}s:12:"column_class";a:0:{}s:9:"no_select";a:0:{}s:8:"is_inner";b:0;s:4:"join";a:0:{}s:11:"fk_relation";a:0:{}s:8:"is_title";b:1;s:10:"is_numbers";b:1;s:8:"language";s:2:"es";s:12:"field_params";a:0:{}s:17:"mass_alert_create";a:0:{}s:15:"mass_alert_edit";a:0:{}s:15:"column_callback";a:0:{}s:14:"field_callback";a:0:{}s:14:"replace_insert";a:0:{}s:14:"replace_update";a:0:{}s:14:"replace_remove";a:0:{}s:20:"send_external_create";a:0:{}s:18:"send_external_edit";a:0:{}s:14:"column_pattern";a:0:{}s:10:"field_tabs";a:0:{}s:12:"field_marker";a:0:{}s:7:"is_view";b:1;s:13:"field_tooltip";a:0:{}s:13:"table_tooltip";a:0:{}s:14:"column_tooltip";a:0:{}s:14:"search_columns";a:0:{}s:14:"search_default";N;s:12:"column_width";a:0:{}s:6:"before";s:4:"list";s:13:"before_upload";a:0:{}s:12:"after_upload";a:0:{}s:12:"after_resize";a:0:{}s:11:"custom_vars";a:0:{}s:7:"tabdesc";a:0:{}s:11:"column_name";a:0:{}s:14:"upload_to_save";a:0:{}s:16:"upload_to_remove";a:0:{}s:8:"defaults";a:8:{s:38:"alarms_device_pds.id_alarms_device_pds";N;s:33:"alarms_device_pds.client_type_pds";N;s:24:"alarms_device_pds.id_pds";N;s:32:"alarms_device_pds.id_devices_pds";N;s:33:"alarms_device_pds.id_displays_pds";N;s:26:"alarms_device_pds.id_alarm";N;s:29:"alarms_device_pds.description";N;s:24:"alarms_device_pds.status";s:4:"Alta";}s:6:"search";i:0;s:11:"inner_value";b:0;s:9:"bit_field";a:0:{}s:11:"point_field";a:0:{}s:16:"buttons_position";s:5:"right";s:14:"grid_condition";a:0:{}s:9:"condition";a:0:{}s:11:"hide_button";a:0:{}s:8:"set_lang";a:0:{}s:8:"table_ro";b:0;s:17:"grid_restrictions";a:0:{}s:9:"load_view";a:4:{s:4:"list";s:19:"xcrud_list_view.php";s:6:"create";s:21:"xcrud_detail_view.php";s:4:"edit";s:21:"xcrud_detail_view.php";s:4:"view";s:21:"xcrud_detail_view.php";}s:6:"action";a:0:{}s:6:"prefix";s:0:"";s:5:"query";s:0:"";s:11:"default_tab";b:0;s:10:"strip_tags";b:1;s:11:"safe_output";b:0;s:11:"before_list";a:0:{}s:13:"before_create";a:0:{}s:11:"before_edit";a:0:{}s:11:"before_view";a:0:{}s:14:"lists_null_opt";b:1;s:13:"custom_fields";a:0:{}s:11:"date_format";a:2:{s:5:"php_d";s:5:"d.m.Y";s:5:"php_t";s:5:"H:i:s";}}}s:8:"agent_id";s:1:"2";s:4:"sfid";s:7:"altabox";s:4:"type";s:1:"9";s:9:"logged_in";b:1;}');

-- --------------------------------------------------------

--
-- Table structure for table `client`
--

CREATE TABLE IF NOT EXISTS `client` (
`id_client` tinyint(3) unsigned NOT NULL,
  `type_profile_client` tinyint(3) unsigned NOT NULL,
  `client` varchar(200) NOT NULL,
  `picture_url` varchar(200) DEFAULT NULL,
  `description` text,
  `status` enum('Alta','Baja') NOT NULL DEFAULT 'Alta'
) ENGINE=InnoDB AUTO_INCREMENT=4 DEFAULT CHARSET=utf8;

--
-- Dumping data for table `client`
--

INSERT INTO `client` (`id_client`, `type_profile_client`, `client`, `picture_url`, `description`, `status`) VALUES
(1, 1, 'Orange', '18bn18463wdcog8.jpg', NULL, 'Alta'),
(2, 5, 'Focus on Emotions', NULL, NULL, 'Alta'),
(3, 2, 'Samsung', NULL, NULL, 'Alta');

-- --------------------------------------------------------

--
-- Table structure for table `color_device`
--

CREATE TABLE IF NOT EXISTS `color_device` (
`id_color_device` tinyint(3) unsigned NOT NULL,
  `color_device` varchar(200) NOT NULL
) ENGINE=InnoDB AUTO_INCREMENT=12 DEFAULT CHARSET=utf8;

--
-- Dumping data for table `color_device`
--

INSERT INTO `color_device` (`id_color_device`, `color_device`) VALUES
(1, 'Black'),
(2, 'Black / Black'),
(3, 'Gray'),
(4, 'Gray back panel'),
(5, 'Green'),
(6, 'Navy blue'),
(7, 'Purple'),
(8, 'Silver back panel'),
(9, 'Titan / Titan'),
(10, 'Various'),
(11, 'White');

-- --------------------------------------------------------

--
-- Table structure for table `complement_device`
--

CREATE TABLE IF NOT EXISTS `complement_device` (
`id_complement_device` tinyint(3) unsigned NOT NULL,
  `complement_device` varchar(200) NOT NULL
) ENGINE=InnoDB AUTO_INCREMENT=7 DEFAULT CHARSET=utf8;

--
-- Dumping data for table `complement_device`
--

INSERT INTO `complement_device` (`id_complement_device`, `complement_device`) VALUES
(1, 'Desconocido'),
(2, 'No'),
(3, 'S'),
(4, 'Solo cargador y cable de datos blanco'),
(5, 'Solo mvil'),
(6, 'Solo tablet');

-- --------------------------------------------------------

--
-- Table structure for table `contact`
--

CREATE TABLE IF NOT EXISTS `contact` (
`id_contact` smallint(5) unsigned NOT NULL,
  `client_contact` tinyint(3) unsigned NOT NULL,
  `type_profile_contact` tinyint(3) unsigned NOT NULL,
  `contact` varchar(200) NOT NULL,
  `email` varchar(100) DEFAULT NULL,
  `phone` varchar(20) DEFAULT NULL,
  `status` enum('Alta','Baja') NOT NULL DEFAULT 'Alta'
) ENGINE=InnoDB AUTO_INCREMENT=4 DEFAULT CHARSET=utf8;

--
-- Dumping data for table `contact`
--

INSERT INTO `contact` (`id_contact`, `client_contact`, `type_profile_contact`, `contact`, `email`, `phone`, `status`) VALUES
(1, 2, 5, 'Focus on Emotions', 'bcn@focusonemotions.com', '+34933689985', 'Alta'),
(2, 1, 1, 'Adrin Martnez', 'adrian.martinez@orange.com', NULL, 'Alta');

-- --------------------------------------------------------

--
-- Table structure for table `county`
--

CREATE TABLE IF NOT EXISTS `county` (
`id_county` tinyint(4) unsigned NOT NULL,
  `county` varchar(100) NOT NULL
) ENGINE=InnoDB AUTO_INCREMENT=20 DEFAULT CHARSET=utf8;

--
-- Dumping data for table `county`
--

INSERT INTO `county` (`id_county`, `county`) VALUES
(1, 'Andaluca'),
(2, 'Aragn'),
(3, 'Asturias, Principado de'),
(4, 'Balears, Illes'),
(5, 'Canarias'),
(6, 'Cantabria'),
(8, 'Castilla - La Mancha'),
(7, 'Castilla y Len'),
(9, 'Catalunya'),
(18, 'Ceuta'),
(10, 'Comunitat Valenciana'),
(11, 'Extremadura'),
(12, 'Galicia'),
(13, 'Madrid, Comunidad de'),
(19, 'Melilla'),
(14, 'Murcia, Regin de'),
(15, 'Navarra, Comunidad Foral de'),
(16, 'Pas Vasco'),
(17, 'Rioja, La');

-- --------------------------------------------------------

--
-- Table structure for table `device`
--

CREATE TABLE IF NOT EXISTS `device` (
`id_device` smallint(5) unsigned NOT NULL,
  `type_device` tinyint(3) unsigned NOT NULL,
  `brand_device` smallint(5) unsigned NOT NULL,
  `device` varchar(100) NOT NULL,
  `brand_name` varchar(100) DEFAULT NULL,
  `picture_url` varchar(200) DEFAULT NULL,
  `description` text,
  `status` enum('Alta','Baja') NOT NULL DEFAULT 'Alta'
) ENGINE=InnoDB AUTO_INCREMENT=80 DEFAULT CHARSET=utf8;

--
-- Dumping data for table `device`
--

INSERT INTO `device` (`id_device`, `type_device`, `brand_device`, `device`, `brand_name`, `picture_url`, `description`, `status`) VALUES
(24, 1, 9, 'iPhone 5c', '', '', '', 'Alta'),
(25, 1, 9, 'iPhone 5S', '', '', '', 'Alta'),
(26, 1, 9, 'iPhone 6', '', '', '', 'Alta'),
(27, 1, 9, 'iPhone 6 Plus', '', '', '', 'Alta'),
(28, 1, 10, 'HTC Desire 610', '', '', '', 'Alta'),
(29, 1, 10, 'HTC Desire 816', '', '', '', 'Alta'),
(30, 1, 10, 'HTC M8', '', '', '', 'Alta'),
(31, 1, 11, 'Huawei Ascend G7', '', '', '', 'Alta'),
(32, 1, 11, 'Huawei Ascend P7', '', '', '', 'Alta'),
(33, 1, 12, 'LG F60', '', '', '', 'Alta'),
(34, 1, 12, 'LG F70', '', '', '', 'Alta'),
(35, 1, 12, 'LG G2 mini', '', '', '', 'Alta'),
(36, 1, 12, 'LG G3', '', '', '', 'Alta'),
(37, 1, 12, 'LG G3s', '', '', '', 'Alta'),
(38, 1, 12, 'LG L65', '', '', '', 'Alta'),
(39, 1, 13, 'Motorola Moto G', '', '', '', 'Alta'),
(40, 1, 13, 'Motorola Moto X 2', '', '', '', 'Alta'),
(41, 1, 14, 'Nokia 1320', '', '', '', 'Alta'),
(42, 1, 14, 'Nokia 530', '', '', '', 'Alta'),
(43, 1, 14, 'Nokia Lumia 635', '', '', '', 'Alta'),
(44, 1, 14, 'Nokia Lumia 735', '', '', '', 'Alta'),
(45, 1, 15, 'Orange Fova', '', '', '', 'Alta'),
(46, 1, 15, 'Orange Nura', '', '', '', 'Alta'),
(47, 1, 15, 'Orange Hi', '', '', '', 'Alta'),
(48, 1, 15, 'Orange Luno', '', '', '', 'Alta'),
(50, 1, 15, 'Orange Rono ', '', '', '', 'Alta'),
(51, 1, 15, 'Orange Roya', '', '', '', 'Alta'),
(52, 1, 16, 'Samsung Core', '', '', '', 'Alta'),
(53, 1, 16, 'Samsung Galaxy A3', '', '', '', 'Alta'),
(54, 1, 16, 'Samsung Galaxy Ace 4', '', '', '', 'Alta'),
(55, 1, 16, 'Samsung Galaxy Alpha', '', '', '', 'Alta'),
(56, 1, 16, 'Samsung Galaxy Grand 2', '', '', '', 'Alta'),
(57, 1, 16, 'Samsung Galaxy S4', '', '', '', 'Alta'),
(58, 1, 16, 'Samsung Galaxy S5', '', '', '', 'Alta'),
(59, 1, 16, 'Samsung Galaxy Trend Plus', '', '', '', 'Alta'),
(60, 1, 16, 'Samsung Galaxy Young 2', '', '', '', 'Alta'),
(61, 1, 16, 'Samsung Note 3', '', '', '', 'Alta'),
(62, 1, 16, 'Samsung Note 4', '', '', '', 'Alta'),
(63, 1, 17, 'Sony Xperia E1', '', '', '', 'Alta'),
(64, 1, 17, 'Sony Xperia E3', '', '', '', 'Alta'),
(65, 1, 17, 'Sony Xperia M2', '', '', '', 'Alta'),
(66, 1, 17, 'Sony Xperia T3', '', '', '', 'Alta'),
(67, 1, 17, 'Sony Xperia Z', '', '', '', 'Alta'),
(68, 1, 17, 'Sony Xperia Z2', '', '', '', 'Alta'),
(69, 1, 17, 'Sony Xperia Z3', '', '', '', 'Alta'),
(70, 1, 17, 'Sony Xperia Z3 compact', '', '', '', 'Alta'),
(71, 2, 11, 'Huawei Mediapad 10 Link', '', '', '', 'Alta'),
(72, 2, 11, 'Huawei Mediapad M1 8', '', '', '', 'Alta'),
(73, 2, 12, 'LG GPAD 8', '', '', '', 'Alta'),
(74, 2, 16, 'Samsung Galaxy Tab 4', '', '', '', 'Alta'),
(75, 2, 16, 'Samsung Galaxy Tab Lite', '', '', '', 'Alta'),
(76, 2, 16, 'Samsung Galaxy Tab S', '', '', '', 'Alta'),
(77, 2, 16, 'Samsung Galaxy Tab3 Lite 7" wifi', '', '', '', 'Alta'),
(78, 2, 17, 'Sony Xperia Tablet Z', '', '', '', 'Alta'),
(79, 2, 17, 'Sony Xperia Tablet Z2', '', '', '', 'Alta');

-- --------------------------------------------------------

--
-- Table structure for table `devices_display`
--

CREATE TABLE IF NOT EXISTS `devices_display` (
`id_devices_display` smallint(5) unsigned NOT NULL,
  `client_panelado` tinyint(3) unsigned NOT NULL DEFAULT '1',
  `id_display` tinyint(3) unsigned NOT NULL,
  `id_device` tinyint(3) unsigned NOT NULL,
  `position` tinyint(3) unsigned NOT NULL,
  `description` text,
  `status` enum('Alta','Baja') NOT NULL DEFAULT 'Alta'
) ENGINE=InnoDB AUTO_INCREMENT=172 DEFAULT CHARSET=utf8;

--
-- Dumping data for table `devices_display`
--

INSERT INTO `devices_display` (`id_devices_display`, `client_panelado`, `id_display`, `id_device`, `position`, `description`, `status`) VALUES
(1, 1, 55, 25, 1, NULL, 'Alta'),
(2, 1, 55, 26, 2, NULL, 'Alta'),
(3, 1, 55, 27, 3, NULL, 'Alta'),
(4, 1, 52, 36, 1, NULL, 'Alta'),
(5, 1, 52, 35, 2, NULL, 'Alta'),
(6, 1, 52, 37, 3, NULL, 'Alta'),
(7, 1, 52, 33, 4, NULL, 'Alta'),
(8, 1, 51, 62, 1, NULL, 'Alta'),
(9, 1, 51, 58, 2, NULL, 'Alta'),
(10, 1, 51, 55, 3, NULL, 'Alta'),
(11, 1, 51, 76, 4, NULL, 'Alta'),
(12, 1, 50, 69, 1, NULL, 'Alta'),
(13, 1, 50, 70, 2, NULL, 'Alta'),
(14, 1, 50, 79, 3, NULL, 'Alta'),
(15, 1, 50, 66, 4, NULL, 'Alta'),
(16, 1, 54, 58, 1, NULL, 'Alta'),
(17, 1, 54, 61, 2, NULL, 'Alta'),
(18, 1, 54, 55, 3, NULL, 'Alta'),
(19, 1, 54, 52, 4, NULL, 'Alta'),
(20, 1, 54, 60, 5, NULL, 'Alta'),
(21, 1, 54, 77, 6, NULL, 'Alta'),
(22, 1, 53, 69, 1, NULL, 'Alta'),
(23, 1, 53, 70, 2, NULL, 'Alta'),
(24, 1, 53, 66, 3, NULL, 'Alta'),
(25, 1, 53, 78, 4, NULL, 'Alta'),
(26, 1, 53, 68, 5, NULL, 'Alta'),
(27, 1, 53, 65, 6, NULL, 'Alta'),
(28, 1, 37, 26, 1, NULL, 'Alta'),
(29, 1, 68, 26, 1, NULL, 'Alta'),
(30, 1, 36, 25, 1, NULL, 'Alta'),
(31, 1, 36, 26, 2, NULL, 'Alta'),
(32, 1, 36, 27, 3, NULL, 'Alta'),
(33, 1, 67, 26, 1, NULL, 'Alta'),
(34, 1, 67, 27, 2, NULL, 'Alta'),
(35, 1, 69, 26, 1, NULL, 'Alta'),
(36, 1, 69, 27, 2, NULL, 'Alta'),
(37, 1, 70, 26, 1, NULL, 'Alta'),
(38, 1, 70, 27, 2, NULL, 'Alta'),
(39, 1, 44, 67, 1, NULL, 'Alta'),
(40, 1, 44, 78, 2, NULL, 'Alta'),
(41, 1, 45, 26, 1, NULL, 'Alta'),
(42, 1, 45, 27, 2, NULL, 'Alta'),
(43, 1, 65, 74, 1, NULL, 'Alta'),
(44, 1, 65, 62, 2, NULL, 'Alta'),
(45, 1, 32, 66, 1, NULL, 'Alta'),
(46, 1, 32, 69, 2, NULL, 'Alta'),
(47, 1, 32, 70, 3, NULL, 'Alta'),
(48, 1, 34, 72, 1, NULL, 'Alta'),
(49, 1, 34, 71, 2, NULL, 'Alta'),
(50, 1, 34, 79, 3, NULL, 'Alta'),
(51, 1, 31, 74, 1, NULL, 'Alta'),
(52, 1, 31, 62, 2, NULL, 'Alta'),
(53, 1, 31, 55, 3, NULL, 'Alta'),
(54, 1, 61, 46, 1, NULL, 'Alta'),
(55, 1, 61, 62, 2, NULL, 'Alta'),
(56, 1, 61, 30, 3, NULL, 'Alta'),
(57, 1, 61, 69, 4, NULL, 'Alta'),
(58, 1, 75, 36, 1, NULL, 'Alta'),
(59, 1, 75, 58, 2, NULL, 'Alta'),
(60, 1, 75, 30, 3, NULL, 'Alta'),
(61, 1, 75, 68, 4, NULL, 'Alta'),
(62, 1, 60, 71, 1, NULL, 'Alta'),
(63, 1, 60, 74, 2, NULL, 'Alta'),
(64, 1, 60, 73, 3, NULL, 'Alta'),
(65, 1, 60, 72, 4, NULL, 'Alta'),
(66, 1, 35, 72, 1, NULL, 'Alta'),
(67, 1, 35, 79, 2, NULL, 'Alta'),
(68, 1, 35, 71, 3, NULL, 'Alta'),
(69, 1, 35, 73, 4, NULL, 'Alta'),
(70, 1, 38, 24, 1, '', 'Alta'),
(71, 1, 38, 35, 2, '', 'Alta'),
(72, 1, 38, 43, 3, '', 'Alta'),
(73, 1, 38, 30, 4, '', 'Alta'),
(74, 1, 38, 32, 5, '', 'Alta'),
(75, 1, 38, 66, 6, '', 'Alta'),
(76, 1, 39, 62, 1, '', 'Alta'),
(77, 1, 39, 58, 2, '', 'Alta'),
(78, 1, 39, 66, 3, '', 'Alta'),
(79, 1, 39, 56, 4, '', 'Alta'),
(80, 1, 39, 36, 5, '', 'Alta'),
(81, 1, 39, 29, 6, '', 'Alta'),
(82, 1, 39, 65, 7, '', 'Alta'),
(83, 1, 39, 46, 8, '', 'Alta'),
(84, 1, 39, 78, 9, '', 'Alta'),
(85, 1, 39, 71, 10, '', 'Alta'),
(86, 1, 43, 26, 1, '', 'Alta'),
(87, 1, 43, 27, 2, '', 'Alta'),
(88, 1, 43, 62, 3, '', 'Alta'),
(89, 1, 43, 69, 4, '', 'Alta'),
(90, 1, 43, 71, 5, '', 'Alta'),
(91, 1, 43, 37, 6, '', 'Alta'),
(92, 1, 43, 32, 7, '', 'Alta'),
(93, 1, 43, 53, 8, '', 'Alta'),
(94, 1, 43, 46, 9, '', 'Alta'),
(95, 1, 43, 71, 10, '', 'Alta'),
(96, 1, 40, 26, 1, '', 'Alta'),
(97, 1, 40, 27, 2, '', 'Alta'),
(98, 1, 40, 62, 3, '', 'Alta'),
(99, 1, 40, 69, 4, '', 'Alta'),
(100, 1, 40, 55, 5, '', 'Alta'),
(101, 1, 40, 58, 6, '', 'Alta'),
(102, 1, 40, 68, 7, '', 'Alta'),
(103, 1, 40, 70, 8, '', 'Alta'),
(104, 1, 40, 36, 9, '', 'Alta'),
(105, 1, 40, 71, 10, '', 'Alta'),
(106, 1, 40, 57, 11, '', 'Alta'),
(107, 1, 40, 56, 12, '', 'Alta'),
(108, 1, 40, 32, 13, '', 'Alta'),
(109, 1, 40, 65, 14, '', 'Alta'),
(110, 1, 40, 39, 15, '', 'Alta'),
(111, 1, 40, 64, 16, '', 'Alta'),
(112, 1, 40, 54, 17, '', 'Alta'),
(113, 1, 40, 59, 18, '', 'Alta'),
(114, 1, 40, 63, 19, '', 'Alta'),
(115, 1, 40, 71, 20, '', 'Alta'),
(116, 1, 42, 26, 1, '', 'Alta'),
(117, 1, 42, 27, 2, '', 'Alta'),
(118, 1, 42, 62, 3, '', 'Alta'),
(119, 1, 42, 69, 4, '', 'Alta'),
(120, 1, 42, 71, 5, '', 'Alta'),
(121, 1, 42, 37, 6, '', 'Alta'),
(122, 1, 42, 32, 7, '', 'Alta'),
(123, 1, 42, 46, 8, '', 'Alta'),
(124, 1, 42, 53, 9, '', 'Alta'),
(125, 1, 42, 71, 10, '', 'Alta'),
(126, 1, 41, 77, 1, '', 'Alta'),
(127, 1, 41, 69, 2, '', 'Alta'),
(128, 1, 41, 62, 3, '', 'Alta'),
(129, 1, 41, 26, 4, '', 'Alta'),
(130, 1, 41, 27, 5, '', 'Alta'),
(131, 1, 41, 71, 6, '', 'Alta'),
(132, 1, 41, 54, 7, '', 'Alta'),
(133, 1, 41, 64, 8, '', 'Alta'),
(134, 1, 41, 32, 9, '', 'Alta'),
(135, 1, 41, 36, 10, '', 'Alta'),
(136, 1, 74, 65, 1, '', 'Alta'),
(137, 1, 74, 35, 2, '', 'Alta'),
(138, 1, 74, 28, 3, '', 'Alta'),
(139, 1, 74, 43, 4, '', 'Alta'),
(140, 1, 74, 52, 5, '', 'Alta'),
(141, 1, 74, 39, 6, '', 'Alta'),
(142, 1, 49, 35, 1, '', 'Alta'),
(143, 1, 49, 64, 2, '', 'Alta'),
(144, 1, 49, 51, 3, '', 'Alta'),
(145, 1, 49, 65, 4, '', 'Alta'),
(146, 1, 49, 54, 5, '', 'Alta'),
(147, 1, 49, 43, 6, '', 'Alta'),
(148, 1, 48, 24, 1, '', 'Alta'),
(149, 1, 48, 28, 2, '', 'Alta'),
(150, 1, 48, 33, 3, '', 'Alta'),
(151, 1, 48, 75, 4, '', 'Alta'),
(152, 1, 48, 70, 5, '', 'Alta'),
(153, 1, 48, 44, 6, '', 'Alta'),
(154, 1, 48, 43, 7, '', 'Alta'),
(155, 1, 48, 63, 8, '', 'Alta'),
(156, 1, 72, 61, 1, '', 'Alta'),
(157, 1, 72, 36, 2, '', 'Alta'),
(158, 1, 72, 41, 3, '', 'Alta'),
(159, 1, 72, 29, 4, '', 'Alta'),
(160, 1, 72, 66, 5, '', 'Alta'),
(161, 1, 72, 56, 6, '', 'Alta'),
(162, 1, 72, 32, 7, '', 'Alta'),
(163, 1, 72, 50, 8, '', 'Alta'),
(164, 1, 73, 34, 1, '', 'Alta'),
(165, 1, 73, 43, 2, '', 'Alta'),
(166, 1, 73, 45, 3, '', 'Alta'),
(167, 1, 73, 47, 4, '', 'Alta'),
(168, 1, 73, 38, 5, '', 'Alta'),
(169, 1, 73, 42, 6, '', 'Alta'),
(170, 1, 73, 48, 7, '', 'Alta'),
(171, 1, 73, 60, 8, '', 'Alta');

-- --------------------------------------------------------

--
-- Table structure for table `devices_pds`
--

CREATE TABLE IF NOT EXISTS `devices_pds` (
`id_devices_pds` mediumint(8) unsigned NOT NULL,
  `client_type_pds` tinyint(3) unsigned NOT NULL,
  `id_pds` smallint(5) unsigned NOT NULL,
  `id_displays_pds` mediumint(8) unsigned NOT NULL,
  `position` tinyint(3) unsigned NOT NULL,
  `id_device` smallint(5) unsigned NOT NULL,
  `IMEI` varchar(50) DEFAULT NULL,
  `mac` varchar(50) DEFAULT NULL,
  `serial` varchar(50) DEFAULT NULL,
  `barcode` varchar(50) DEFAULT NULL,
  `id_color_device` tinyint(3) unsigned DEFAULT NULL,
  `id_complement_device` tinyint(3) unsigned DEFAULT NULL,
  `id_status_device` tinyint(3) unsigned DEFAULT NULL,
  `id_status_packaging_device` tinyint(3) unsigned DEFAULT NULL,
  `picture_url_1` varchar(200) DEFAULT NULL,
  `picture_url_2` varchar(200) DEFAULT NULL,
  `picture_url_3` varchar(200) DEFAULT NULL,
  `description` text,
  `status` enum('Alta','Baja') NOT NULL DEFAULT 'Alta'
) ENGINE=InnoDB AUTO_INCREMENT=7 DEFAULT CHARSET=utf8;

-- --------------------------------------------------------

--
-- Table structure for table `display`
--

CREATE TABLE IF NOT EXISTS `display` (
`id_display` tinyint(3) unsigned NOT NULL,
  `client_display` tinyint(3) unsigned NOT NULL,
  `display` varchar(100) NOT NULL,
  `picture_url` varchar(200) DEFAULT NULL,
  `canvas_url` varchar(200) DEFAULT NULL,
  `description` text,
  `positions` tinyint(3) unsigned NOT NULL,
  `status` enum('Alta','Baja') NOT NULL DEFAULT 'Alta'
) ENGINE=InnoDB AUTO_INCREMENT=76 DEFAULT CHARSET=utf8;

--
-- Dumping data for table `display`
--

INSERT INTO `display` (`id_display`, `client_display`, `display`, `picture_url`, `canvas_url`, `description`, `positions`, `status`) VALUES
(31, 1, 'Samsung 900', '', '', '', 3, 'Alta'),
(32, 1, 'Mueble Demo Sony ', '', '', '', 3, 'Alta'),
(33, 1, 'Mesa Experiencia TP', '', '', '', 10, 'Alta'),
(34, 1, 'Panelado Pared 3', '', '', '', 3, 'Alta'),
(35, 1, 'Panelado Pared 4', '', '', '', 4, 'Alta'),
(36, 1, 'Iphone 900', '', '', '', 3, 'Alta'),
(37, 1, 'Iphone 500', '', '', '', 1, 'Alta'),
(38, 1, 'Los mas vendidos', '', '', '', 6, 'Alta'),
(39, 1, 'Mesa de Luz 10 Ruzafa', '', '', '', 10, 'Alta'),
(40, 1, 'Mesa Experiencia ECI 20', '', '', '', 20, 'Alta'),
(41, 1, 'Mesa Experiencia ECI Plaza Catalunya', '', '', '', 10, 'Alta'),
(42, 1, 'Mesa Experiencia ECI Goya', '', '', '', 10, 'Alta'),
(43, 1, 'Mesa Experiencia ECI 10', '', '', '', 10, 'Alta'),
(44, 1, 'Mesa Experiencia ECI 4G', '', '', '', 1, 'Alta'),
(45, 1, 'Mesa Experiencia Iphone', '', '', '', 2, 'Alta'),
(46, 1, 'Escaparate', '', '', '', 0, 'Alta'),
(47, 1, 'Orluz 180', '', '', '', 8, 'Alta'),
(48, 1, 'Orluz 180 acc', '', '', '', 8, 'Alta'),
(49, 1, 'Orluz 140', '', '', '', 6, 'Alta'),
(50, 1, 'Fabricante 100 Sony', '', '', '', 4, 'Alta'),
(51, 1, 'Fabricante 100 Samsung', '', '', '', 4, 'Alta'),
(52, 1, 'Fabricante 100 LG', '', '', '', 4, 'Alta'),
(53, 1, 'Fabricante 140 Sony', '', '', '', 6, 'Alta'),
(54, 1, 'Fabricante 140 Samsung', '', '', '', 6, 'Alta'),
(55, 1, 'Apple 120', '', '', '', 3, 'Alta'),
(56, 1, 'Accesorios 120', '', '', '', 0, 'Alta'),
(57, 1, 'TV 180', '', '', '', 0, 'Alta'),
(58, 1, 'Autorrecarga', '', '', '', 0, 'Alta'),
(59, 1, 'Autogestion', '', '', '', 1, 'Alta'),
(60, 1, 'Mesa experiencia 120', '', '', '', 4, 'Alta'),
(61, 1, 'Mesa experiencia 100', '', '', '', 4, 'Alta'),
(62, 1, 'Orluz 50x137 mqt', '', '', '', 0, 'Alta'),
(63, 1, 'Orluz orange TV', '', '', '', 0, 'Alta'),
(64, 1, 'Orluz 50x137 acc', '', '', '', 0, 'Alta'),
(65, 1, 'Orluz 50x137 mqt + samsung', '', '', '', 2, 'Alta'),
(66, 1, 'Los mas vendidos mqt', '', '', '', 0, 'Alta'),
(67, 1, 'Iphone Carrefour', '', '', '', 2, 'Alta'),
(68, 1, 'Iphone 500 + mqt', '', '', '', 1, 'Alta'),
(69, 1, 'Iphone DHO', '', '', '', 2, 'Alta'),
(70, 1, 'Iphone DHO sobremesa', '', '', '', 2, 'Alta'),
(71, 1, 'orluz 70', '', '', '', 0, 'Alta'),
(72, 1, 'Orluz 180 acc goya 1', '', '', '', 8, 'Alta'),
(73, 1, 'Orluz 180 acc goya 2', '', '', '', 8, 'Alta'),
(74, 1, 'Orluz 120', '', '', '', 6, 'Alta'),
(75, 1, 'Mesa experiencia 100 Goya', '', '', '', 4, 'Alta');

-- --------------------------------------------------------

--
-- Table structure for table `displays_panelado`
--

CREATE TABLE IF NOT EXISTS `displays_panelado` (
`id_displays_panelado` smallint(5) unsigned NOT NULL,
  `client_panelado` tinyint(3) unsigned NOT NULL,
  `id_panelado` tinyint(3) unsigned NOT NULL,
  `id_display` tinyint(3) unsigned NOT NULL,
  `position` tinyint(3) unsigned NOT NULL,
  `description` text,
  `status` enum('Alta','Baja') NOT NULL DEFAULT 'Alta'
) ENGINE=InnoDB AUTO_INCREMENT=296 DEFAULT CHARSET=utf8;

--
-- Dumping data for table `displays_panelado`
--

INSERT INTO `displays_panelado` (`id_displays_panelado`, `client_panelado`, `id_panelado`, `id_display`, `position`, `description`, `status`) VALUES
(1, 1, 50, 45, 1, '', 'Alta'),
(2, 1, 51, 44, 1, '', 'Alta'),
(3, 1, 53, 43, 1, '', 'Alta'),
(4, 1, 54, 40, 1, '', 'Alta'),
(5, 1, 55, 41, 1, '', 'Alta'),
(6, 1, 60, 67, 1, '', 'Alta'),
(7, 1, 66, 69, 1, '', 'Alta'),
(8, 1, 67, 70, 1, '', 'Alta'),
(9, 1, 49, 64, 1, '', 'Alta'),
(10, 1, 49, 62, 2, '', 'Alta'),
(11, 1, 49, 62, 3, '', 'Alta'),
(12, 1, 49, 62, 4, '', 'Alta'),
(13, 1, 48, 64, 1, '', 'Alta'),
(14, 1, 48, 64, 2, '', 'Alta'),
(15, 1, 48, 71, 3, '', 'Alta'),
(16, 1, 48, 62, 4, '', 'Alta'),
(17, 1, 48, 62, 5, '', 'Alta'),
(18, 1, 48, 68, 6, '', 'Alta'),
(19, 1, 48, 66, 7, '', 'Alta'),
(20, 1, 47, 64, 1, '', 'Alta'),
(21, 1, 47, 64, 2, '', 'Alta'),
(22, 1, 47, 62, 3, '', 'Alta'),
(23, 1, 47, 65, 4, '', 'Alta'),
(24, 1, 47, 71, 5, '', 'Alta'),
(25, 1, 47, 62, 6, '', 'Alta'),
(26, 1, 47, 62, 7, '', 'Alta'),
(27, 1, 47, 36, 8, '', 'Alta'),
(28, 1, 47, 66, 9, '', 'Alta'),
(29, 1, 47, 64, 1, '', 'Alta'),
(30, 1, 47, 64, 1, '', 'Alta'),
(31, 1, 47, 64, 1, '', 'Alta'),
(32, 1, 46, 64, 1, '', 'Alta'),
(33, 1, 46, 64, 2, '', 'Alta'),
(34, 1, 46, 31, 3, '', 'Alta'),
(35, 1, 46, 62, 4, '', 'Alta'),
(36, 1, 46, 62, 5, '', 'Alta'),
(37, 1, 46, 62, 6, '', 'Alta'),
(38, 1, 46, 62, 7, '', 'Alta'),
(39, 1, 46, 62, 8, '', 'Alta'),
(40, 1, 46, 36, 9, '', 'Alta'),
(41, 1, 46, 66, 10, '', 'Alta'),
(42, 1, 45, 62, 1, '', 'Alta'),
(43, 1, 45, 62, 2, '', 'Alta'),
(44, 1, 45, 62, 3, '', 'Alta'),
(45, 1, 45, 64, 4, '', 'Alta'),
(46, 1, 39, 66, 1, '', 'Alta'),
(47, 1, 39, 36, 2, '', 'Alta'),
(48, 1, 39, 62, 3, '', 'Alta'),
(49, 1, 39, 62, 4, '', 'Alta'),
(50, 1, 39, 62, 5, '', 'Alta'),
(51, 1, 39, 62, 6, '', 'Alta'),
(52, 1, 39, 62, 7, '', 'Alta'),
(53, 1, 39, 31, 8, '', 'Alta'),
(54, 1, 39, 64, 9, '', 'Alta'),
(55, 1, 39, 64, 10, '', 'Alta'),
(56, 1, 44, 32, 1, '', 'Alta'),
(57, 1, 44, 68, 2, '', 'Alta'),
(58, 1, 44, 62, 3, '', 'Alta'),
(59, 1, 44, 62, 4, '', 'Alta'),
(60, 1, 44, 71, 5, '', 'Alta'),
(61, 1, 44, 64, 6, '', 'Alta'),
(62, 1, 44, 64, 7, '', 'Alta'),
(63, 1, 43, 66, 1, '', 'Alta'),
(64, 1, 43, 68, 2, '', 'Alta'),
(65, 1, 43, 62, 3, '', 'Alta'),
(66, 1, 43, 62, 4, '', 'Alta'),
(67, 1, 43, 71, 5, '', 'Alta'),
(68, 1, 43, 64, 6, '', 'Alta'),
(69, 1, 43, 64, 7, '', 'Alta'),
(70, 1, 42, 32, 1, '', 'Alta'),
(71, 1, 42, 36, 2, '', 'Alta'),
(72, 1, 42, 62, 3, '', 'Alta'),
(73, 1, 42, 62, 4, '', 'Alta'),
(74, 1, 42, 71, 5, '', 'Alta'),
(75, 1, 42, 65, 6, '', 'Alta'),
(76, 1, 42, 62, 7, '', 'Alta'),
(77, 1, 42, 64, 8, '', 'Alta'),
(78, 1, 42, 64, 9, '', 'Alta'),
(79, 1, 41, 66, 1, '', 'Alta'),
(80, 1, 41, 36, 2, '', 'Alta'),
(81, 1, 41, 62, 3, '', 'Alta'),
(82, 1, 41, 62, 4, '', 'Alta'),
(83, 1, 41, 71, 5, '', 'Alta'),
(84, 1, 41, 65, 6, '', 'Alta'),
(85, 1, 41, 62, 7, '', 'Alta'),
(86, 1, 41, 64, 8, '', 'Alta'),
(87, 1, 41, 64, 9, '', 'Alta'),
(88, 1, 40, 32, 1, '', 'Alta'),
(89, 1, 40, 36, 2, '', 'Alta'),
(90, 1, 40, 62, 3, '', 'Alta'),
(91, 1, 40, 62, 4, '', 'Alta'),
(92, 1, 40, 62, 5, '', 'Alta'),
(93, 1, 40, 62, 6, '', 'Alta'),
(94, 1, 40, 62, 7, '', 'Alta'),
(95, 1, 40, 31, 8, '', 'Alta'),
(96, 1, 40, 64, 9, '', 'Alta'),
(97, 1, 40, 64, 10, '', 'Alta'),
(98, 1, 35, 64, 1, '', 'Alta'),
(99, 1, 35, 63, 2, '', 'Alta'),
(100, 1, 35, 34, 3, '', 'Alta'),
(101, 1, 35, 62, 4, '', 'Alta'),
(102, 1, 35, 37, 5, '', 'Alta'),
(103, 1, 35, 32, 6, '', 'Alta'),
(104, 1, 34, 64, 1, '', 'Alta'),
(105, 1, 34, 63, 2, '', 'Alta'),
(106, 1, 34, 34, 3, '', 'Alta'),
(107, 1, 34, 62, 4, '', 'Alta'),
(108, 1, 34, 37, 5, '', 'Alta'),
(109, 1, 34, 38, 6, '', 'Alta'),
(110, 1, 33, 64, 1, '', 'Alta'),
(111, 1, 33, 63, 2, '', 'Alta'),
(112, 1, 33, 35, 3, '', 'Alta'),
(113, 1, 33, 65, 4, '', 'Alta'),
(114, 1, 33, 62, 5, '', 'Alta'),
(115, 1, 33, 62, 6, '', 'Alta'),
(116, 1, 33, 36, 7, '', 'Alta'),
(117, 1, 33, 32, 8, '', 'Alta'),
(118, 1, 32, 64, 1, '', 'Alta'),
(119, 1, 32, 63, 2, '', 'Alta'),
(120, 1, 32, 35, 3, '', 'Alta'),
(121, 1, 32, 65, 4, '', 'Alta'),
(122, 1, 32, 62, 5, '', 'Alta'),
(123, 1, 32, 62, 6, '', 'Alta'),
(124, 1, 32, 36, 7, '', 'Alta'),
(125, 1, 32, 38, 8, '', 'Alta'),
(126, 1, 27, 32, 1, '', 'Alta'),
(127, 1, 27, 37, 2, '', 'Alta'),
(128, 1, 27, 62, 3, '', 'Alta'),
(129, 1, 27, 34, 4, '', 'Alta'),
(130, 1, 27, 63, 5, '', 'Alta'),
(131, 1, 27, 64, 6, '', 'Alta'),
(132, 1, 26, 38, 1, '', 'Alta'),
(133, 1, 26, 37, 2, '', 'Alta'),
(134, 1, 26, 62, 3, '', 'Alta'),
(135, 1, 26, 34, 4, '', 'Alta'),
(136, 1, 26, 63, 5, '', 'Alta'),
(137, 1, 26, 64, 6, '', 'Alta'),
(138, 1, 24, 32, 1, '', 'Alta'),
(139, 1, 24, 36, 2, '', 'Alta'),
(140, 1, 24, 62, 3, '', 'Alta'),
(141, 1, 24, 62, 4, '', 'Alta'),
(142, 1, 24, 65, 5, '', 'Alta'),
(143, 1, 24, 35, 6, '', 'Alta'),
(144, 1, 24, 63, 7, '', 'Alta'),
(145, 1, 24, 64, 8, '', 'Alta'),
(146, 1, 23, 38, 1, '', 'Alta'),
(147, 1, 23, 36, 2, '', 'Alta'),
(148, 1, 23, 62, 3, '', 'Alta'),
(149, 1, 23, 62, 4, '', 'Alta'),
(150, 1, 23, 65, 5, '', 'Alta'),
(151, 1, 23, 35, 6, '', 'Alta'),
(152, 1, 23, 63, 7, '', 'Alta'),
(153, 1, 23, 64, 8, '', 'Alta'),
(154, 1, 31, 64, 1, '', 'Alta'),
(155, 1, 31, 31, 2, '', 'Alta'),
(156, 1, 31, 63, 3, '', 'Alta'),
(157, 1, 31, 35, 4, '', 'Alta'),
(158, 1, 31, 62, 5, '', 'Alta'),
(159, 1, 31, 62, 6, '', 'Alta'),
(160, 1, 31, 62, 7, '', 'Alta'),
(161, 1, 31, 36, 8, '', 'Alta'),
(162, 1, 31, 32, 9, '', 'Alta'),
(163, 1, 30, 64, 1, '', 'Alta'),
(164, 1, 30, 31, 2, '', 'Alta'),
(165, 1, 30, 63, 3, '', 'Alta'),
(166, 1, 30, 35, 4, '', 'Alta'),
(167, 1, 30, 62, 5, '', 'Alta'),
(168, 1, 30, 62, 6, '', 'Alta'),
(169, 1, 30, 62, 7, '', 'Alta'),
(170, 1, 30, 36, 8, '', 'Alta'),
(171, 1, 30, 38, 9, '', 'Alta'),
(172, 1, 25, 38, 1, '', 'Alta'),
(173, 1, 25, 36, 2, '', 'Alta'),
(174, 1, 25, 62, 3, '', 'Alta'),
(175, 1, 25, 62, 4, '', 'Alta'),
(176, 1, 25, 65, 5, '', 'Alta'),
(177, 1, 25, 35, 6, '', 'Alta'),
(178, 1, 25, 63, 7, '', 'Alta'),
(179, 1, 25, 64, 8, '', 'Alta'),
(180, 1, 25, 33, 9, '', 'Alta'),
(181, 1, 22, 32, 1, '', 'Alta'),
(182, 1, 22, 36, 2, '', 'Alta'),
(183, 1, 22, 62, 3, '', 'Alta'),
(184, 1, 22, 62, 4, '', 'Alta'),
(185, 1, 22, 62, 5, '', 'Alta'),
(186, 1, 22, 35, 6, '', 'Alta'),
(187, 1, 22, 63, 7, '', 'Alta'),
(188, 1, 22, 31, 8, '', 'Alta'),
(189, 1, 22, 64, 9, '', 'Alta'),
(190, 1, 21, 38, 1, '', 'Alta'),
(191, 1, 21, 36, 2, '', 'Alta'),
(192, 1, 21, 62, 3, '', 'Alta'),
(193, 1, 21, 62, 4, '', 'Alta'),
(194, 1, 21, 62, 5, '', 'Alta'),
(195, 1, 21, 35, 6, '', 'Alta'),
(196, 1, 21, 63, 7, '', 'Alta'),
(197, 1, 21, 31, 8, '', 'Alta'),
(198, 1, 21, 64, 9, '', 'Alta'),
(199, 1, 20, 32, 1, '', 'Alta'),
(200, 1, 20, 36, 2, '', 'Alta'),
(201, 1, 20, 62, 3, '', 'Alta'),
(202, 1, 20, 62, 4, '', 'Alta'),
(203, 1, 20, 62, 5, '', 'Alta'),
(204, 1, 20, 62, 6, '', 'Alta'),
(205, 1, 20, 35, 7, '', 'Alta'),
(206, 1, 20, 63, 8, '', 'Alta'),
(207, 1, 20, 31, 9, '', 'Alta'),
(208, 1, 20, 64, 10, '', 'Alta'),
(209, 1, 20, 64, 11, '', 'Alta'),
(210, 1, 20, 33, 12, '', 'Alta'),
(211, 1, 19, 32, 1, '', 'Alta'),
(212, 1, 19, 36, 2, '', 'Alta'),
(213, 1, 19, 62, 3, '', 'Alta'),
(214, 1, 19, 62, 4, '', 'Alta'),
(215, 1, 19, 62, 5, '', 'Alta'),
(216, 1, 19, 62, 6, '', 'Alta'),
(217, 1, 19, 35, 7, '', 'Alta'),
(218, 1, 19, 63, 8, '', 'Alta'),
(219, 1, 19, 31, 9, '', 'Alta'),
(220, 1, 18, 38, 1, '', 'Alta'),
(221, 1, 18, 36, 2, '', 'Alta'),
(222, 1, 18, 62, 3, '', 'Alta'),
(223, 1, 18, 62, 4, '', 'Alta'),
(224, 1, 18, 62, 5, '', 'Alta'),
(225, 1, 18, 62, 6, '', 'Alta'),
(226, 1, 18, 35, 7, '', 'Alta'),
(227, 1, 18, 63, 8, '', 'Alta'),
(228, 1, 18, 31, 9, '', 'Alta'),
(229, 1, 18, 64, 10, '', 'Alta'),
(230, 1, 18, 64, 11, '', 'Alta'),
(231, 1, 17, 72, 1, '', 'Alta'),
(232, 1, 17, 73, 2, '', 'Alta'),
(233, 1, 17, 49, 3, '', 'Alta'),
(234, 1, 17, 55, 4, '', 'Alta'),
(235, 1, 17, 57, 5, '', 'Alta'),
(236, 1, 17, 58, 6, '', 'Alta'),
(237, 1, 17, 59, 7, '', 'Alta'),
(238, 1, 17, 53, 8, '', 'Alta'),
(239, 1, 17, 54, 9, '', 'Alta'),
(240, 1, 17, 60, 10, '', 'Alta'),
(241, 1, 17, 75, 11, '', 'Alta'),
(242, 1, 16, 46, 1, '', 'Alta'),
(243, 1, 16, 48, 2, '', 'Alta'),
(244, 1, 16, 49, 3, '', 'Alta'),
(245, 1, 16, 51, 4, '', 'Alta'),
(246, 1, 16, 55, 5, '', 'Alta'),
(247, 1, 16, 56, 6, '', 'Alta'),
(248, 1, 16, 57, 7, '', 'Alta'),
(249, 1, 16, 58, 8, '', 'Alta'),
(250, 1, 16, 59, 9, '', 'Alta'),
(251, 1, 16, 60, 10, '', 'Alta'),
(253, 1, 15, 46, 1, '', 'Alta'),
(254, 1, 15, 48, 2, '', 'Alta'),
(255, 1, 15, 49, 3, '', 'Alta'),
(256, 1, 15, 51, 4, '', 'Alta'),
(257, 1, 15, 50, 5, '', 'Alta'),
(258, 1, 15, 55, 6, '', 'Alta'),
(259, 1, 15, 56, 7, '', 'Alta'),
(260, 1, 15, 56, 8, '', 'Alta'),
(261, 1, 15, 57, 9, '', 'Alta'),
(262, 1, 15, 58, 10, '', 'Alta'),
(263, 1, 15, 59, 11, '', 'Alta'),
(264, 1, 15, 60, 12, '', 'Alta'),
(265, 1, 14, 46, 1, '', 'Alta'),
(266, 1, 14, 47, 2, '', 'Alta'),
(267, 1, 14, 48, 3, '', 'Alta'),
(268, 1, 14, 49, 4, '', 'Alta'),
(269, 1, 14, 51, 5, '', 'Alta'),
(270, 1, 14, 50, 6, '', 'Alta'),
(271, 1, 14, 55, 7, '', 'Alta'),
(272, 1, 14, 56, 8, '', 'Alta'),
(273, 1, 14, 56, 9, '', 'Alta'),
(274, 1, 14, 56, 10, '', 'Alta'),
(275, 1, 14, 57, 11, '', 'Alta'),
(276, 1, 14, 58, 12, '', 'Alta'),
(277, 1, 14, 59, 13, '', 'Alta'),
(278, 1, 14, 60, 14, '', 'Alta'),
(279, 1, 13, 46, 1, '', 'Alta'),
(280, 1, 13, 47, 2, '', 'Alta'),
(281, 1, 13, 48, 3, '', 'Alta'),
(282, 1, 13, 49, 4, '', 'Alta'),
(283, 1, 13, 51, 5, '', 'Alta'),
(284, 1, 13, 50, 6, '', 'Alta'),
(285, 1, 13, 52, 7, '', 'Alta'),
(286, 1, 13, 55, 8, '', 'Alta'),
(287, 1, 13, 56, 9, '', 'Alta'),
(288, 1, 13, 56, 10, '', 'Alta'),
(289, 1, 13, 56, 11, '', 'Alta'),
(290, 1, 13, 56, 12, '', 'Alta'),
(291, 1, 13, 57, 13, '', 'Alta'),
(292, 1, 13, 58, 14, '', 'Alta'),
(293, 1, 13, 59, 15, '', 'Alta'),
(294, 1, 13, 60, 16, '', 'Alta'),
(295, 1, 13, 61, 17, '', 'Alta');

-- --------------------------------------------------------

--
-- Table structure for table `displays_pds`
--

CREATE TABLE IF NOT EXISTS `displays_pds` (
`id_displays_pds` smallint(5) unsigned NOT NULL,
  `client_type_pds` tinyint(3) unsigned NOT NULL,
  `id_type_pds` tinyint(3) unsigned NOT NULL,
  `id_pds` smallint(5) unsigned NOT NULL,
  `id_panelado` tinyint(3) unsigned NOT NULL,
  `id_display` tinyint(3) unsigned NOT NULL,
  `position` tinyint(3) unsigned NOT NULL,
  `position_abx` tinyint(3) unsigned NOT NULL,
  `description` text,
  `status` enum('Alta','Baja') NOT NULL DEFAULT 'Alta'
) ENGINE=InnoDB AUTO_INCREMENT=8 DEFAULT CHARSET=utf8;

-- --------------------------------------------------------

--
-- Table structure for table `groups`
--

CREATE TABLE IF NOT EXISTS `groups` (
`id` mediumint(8) unsigned NOT NULL,
  `name` varchar(20) NOT NULL,
  `description` varchar(100) NOT NULL
) ENGINE=InnoDB AUTO_INCREMENT=3 DEFAULT CHARSET=utf8;

--
-- Dumping data for table `groups`
--

INSERT INTO `groups` (`id`, `name`, `description`) VALUES
(1, 'admin', 'Administrator'),
(2, 'members', 'General User');

-- --------------------------------------------------------

--
-- Table structure for table `incidencias`
--

CREATE TABLE IF NOT EXISTS `incidencias` (
`id_incidencia` int(10) unsigned NOT NULL,
  `fecha` timestamp NULL DEFAULT CURRENT_TIMESTAMP,
  `id_pds` smallint(5) unsigned NOT NULL,
  `id_displays_pds` smallint(5) unsigned DEFAULT NULL,
  `id_devices_pds` mediumint(8) unsigned DEFAULT NULL,
  `alarm_display` tinyint(1) DEFAULT NULL,
  `alarm_device` tinyint(1) DEFAULT NULL,
  `description` text,
  `parte_pdf` varchar(100) DEFAULT NULL,
  `denuncia` varchar(100) DEFAULT NULL,
  `foto_url` varchar(100) DEFAULT NULL,
  `contacto` varchar(50) DEFAULT NULL,
  `phone` varchar(50) DEFAULT NULL,
  `email` varchar(50) DEFAULT NULL,
  `id_operador` smallint(5) unsigned DEFAULT NULL,
  `status_pds` enum('Revisin de incidencia','Asignar instalador','Asignar materiales','Imprimir documentacin','Resolucin de incidencia','Emisin de recogida de material','Material recogido') NOT NULL DEFAULT 'Revisin de incidencia',
  `status` enum('Alta realizada','En proceso','Visita prevista','Finalizada') NOT NULL DEFAULT 'Alta realizada'
) ENGINE=InnoDB AUTO_INCREMENT=11 DEFAULT CHARSET=utf8;

--
-- Dumping data for table `incidencias`
--

INSERT INTO `incidencias` (`id_incidencia`, `fecha`, `id_pds`, `id_displays_pds`, `id_devices_pds`, `alarm_display`, `alarm_device`, `description`, `parte_pdf`, `denuncia`, `foto_url`, `contacto`, `phone`, `email`, `id_operador`, `status_pds`, `status`) VALUES
(4, '2015-02-02 09:26:43', 2897, 55, 31, 0, 0, 'Han intentado robar el dispositivo y la alarma no deja de sonar.', NULL, NULL, NULL, 'Magallu', '675678300', 'mollet@ispgrup.cat', 1, 'Revisin de incidencia', 'Alta realizada'),
(5, '2015-02-02 11:57:39', 2902, NULL, 71, 0, 0, 'Alarma de la tablet salta sin tocarla', NULL, NULL, NULL, NULL, '691877263', 'alcampovigo@franquiciasconexion.com', 1, 'Revisin de incidencia', 'Alta realizada'),
(6, '2015-02-02 12:02:10', 2718, 35, 71, 0, 0, 'Robo cable de carga', NULL, NULL, NULL, NULL, '665501053', NULL, 1, 'Revisin de incidencia', 'Alta realizada'),
(8, '2015-02-05 12:23:09', 1765, 56, 28, 1, 1, 'Prueba *** prueba', NULL, NULL, NULL, 'Gustavo Zapico', '+34608037206', 'gzapico@altabox.net', 1, 'Revisin de incidencia', 'En proceso'),
(9, '2015-02-05 18:04:15', 2902, 36, 25, 0, 0, NULL, NULL, NULL, NULL, NULL, NULL, NULL, 1, 'Revisin de incidencia', 'Alta realizada'),
(10, '2015-02-05 18:26:09', 2902, 38, 35, 0, 0, NULL, NULL, NULL, NULL, NULL, NULL, NULL, 1, 'Revisin de incidencia', 'Visita prevista');

-- --------------------------------------------------------

--
-- Table structure for table `login_attempts`
--

CREATE TABLE IF NOT EXISTS `login_attempts` (
`id` int(11) unsigned NOT NULL,
  `ip_address` varchar(15) NOT NULL,
  `login` varchar(100) NOT NULL,
  `time` int(11) unsigned DEFAULT NULL
) ENGINE=InnoDB DEFAULT CHARSET=utf8;

-- --------------------------------------------------------

--
-- Table structure for table `panelado`
--

CREATE TABLE IF NOT EXISTS `panelado` (
`id_panelado` tinyint(3) unsigned NOT NULL,
  `client_panelado` tinyint(3) unsigned NOT NULL,
  `type_pds` tinyint(3) unsigned NOT NULL,
  `panelado` varchar(200) NOT NULL,
  `panelado_abx` varchar(200) NOT NULL,
  `picture_url` varchar(200) DEFAULT NULL,
  `description` text,
  `status` enum('Alta','Baja') NOT NULL DEFAULT 'Alta'
) ENGINE=InnoDB AUTO_INCREMENT=69 DEFAULT CHARSET=utf8;

--
-- Dumping data for table `panelado`
--

INSERT INTO `panelado` (`id_panelado`, `client_panelado`, `type_pds`, `panelado`, `panelado_abx`, `picture_url`, `description`, `status`) VALUES
(13, 1, 19, 'XXL', 'MAINXXL', '', '', 'Alta'),
(14, 1, 19, 'XL', 'MAINXL', '', '', 'Alta'),
(15, 1, 19, 'L', 'MAINL', '', '', 'Alta'),
(16, 1, 19, 'M', 'MAINM', '', '', 'Alta'),
(17, 1, 19, 'GOYA', 'MAINGOYA', '', '', 'Alta'),
(18, 1, 14, 'TIPO A', 'TTPP/FFTIPO A', '', '', 'Alta'),
(19, 1, 14, 'TIPO A/SONY', 'TTPP/FFTIPO A/SONY', '', '', 'Alta'),
(20, 1, 14, 'TIPO A/SONY/MESAEXPERIENCIA', 'TTPP/FFTIPO A/SONY/MESAEXPERIENCIA', '', '', 'Alta'),
(21, 1, 14, 'TIPO B', 'TTPP/FFTIPO B', '', '', 'Alta'),
(22, 1, 14, 'TIPO B/SONY', 'TTPP/FFTIPO B/SONY', '', '', 'Alta'),
(23, 1, 14, 'TIPO C', 'TTPP/FFTIPO C', '', '', 'Alta'),
(24, 1, 14, 'TIPO C/SONY', 'TTPP/FFTIPO C/SONY', '', '', 'Alta'),
(25, 1, 14, 'TIPO C/MESAEXPERIENCIA', 'TTPP/FFTIPO C/MESAEXPERIENCIA', '', '', 'Alta'),
(26, 1, 14, 'TIPO D', 'TTPP/FFTIPO D', '', '', 'Alta'),
(27, 1, 14, 'TIPO D/SONY', 'TTPP/FFTIPO D/SONY', '', '', 'Alta'),
(28, 1, 14, 'AI', 'TTPP/FFAI', '', '', 'Alta'),
(29, 1, 14, 'AI/SONY', 'TTPP/FFAI/SONY', '', '', 'Alta'),
(30, 1, 14, 'BI', 'TTPP/FFBI', '', '', 'Alta'),
(31, 1, 14, 'BI/SONY', 'TTPP/FFBI/SONY', '', '', 'Alta'),
(32, 1, 14, 'CI', 'TTPP/FFCI', '', '', 'Alta'),
(33, 1, 14, 'CI/SONY', 'TTPP/FFCI/SONY', '', '', 'Alta'),
(34, 1, 14, 'DI', 'TTPP/FFDI', '', '', 'Alta'),
(35, 1, 14, 'DI/SONY', 'TTPP/FFDI/SONY', '', '', 'Alta'),
(36, 1, 14, 'RURAL', 'TTPP/FFRURAL', '', '', 'Alta'),
(37, 1, 14, 'TIPO B (AD HOC) PLANTA BAJA', 'TTPP/FFTIPO B (AD HOC) PLANTA BAJA', '', '', 'Alta'),
(38, 1, 14, 'TIPO B (Sin Orluz Convergencia ni empreas) + ', 'TTPP/FFTIPO B (Sin Orluz Convergencia ni empreas) + ', '', '', 'Alta'),
(39, 1, 13, 'TIPO A', 'DHO NEXT PLUSTIPO A', '', '', 'Alta'),
(40, 1, 13, 'TIPO A/SONY', 'DHO NEXT PLUSTIPO A/SONY', '', '', 'Alta'),
(41, 1, 13, 'TIPO B', 'DHO NEXT PLUSTIPO B', '', '', 'Alta'),
(42, 1, 13, 'TIPO B/SONY', 'DHO NEXT PLUSTIPO B/SONY', '', '', 'Alta'),
(43, 1, 13, 'TIPO D', 'DHO NEXT PLUSTIPO D', '', '', 'Alta'),
(44, 1, 13, 'TIPO D/SONY', 'DHO NEXT PLUSTIPO D/SONY', '', '', 'Alta'),
(45, 1, 13, 'RURAL', 'DHO NEXT PLUSRURAL', '', '', 'Alta'),
(46, 1, 13, 'AI', 'DHO NEXT PLUSAI', '', '', 'Alta'),
(47, 1, 13, 'BI', 'DHO NEXT PLUSBI', '', '', 'Alta'),
(48, 1, 13, 'DI', 'DHO NEXT PLUSDI', '', '', 'Alta'),
(49, 1, 13, 'RRI', 'DHO NEXT PLUSRRI', '', '', 'Alta'),
(50, 1, 15, 'TIPO A', 'ECITIPO A', '', '', 'Alta'),
(51, 1, 15, 'TIPO A+4G', 'ECITIPO A+4G', '', '', 'Alta'),
(52, 1, 15, 'TIPO D', 'ECITIPO D', '', '', 'Alta'),
(53, 1, 15, 'mesa TIPO 10', 'ECImesa TIPO 10', '', '', 'Alta'),
(54, 1, 15, 'mesa TIPO 20', 'ECImesa TIPO 20', '', '', 'Alta'),
(55, 1, 15, 'mesa ECI PLAZA CATALUNYA', 'ECImesa ECI PLAZA CATALUNYA', '', '', 'Alta'),
(56, 1, 17, 'DHO-GGSS CASTELLANO ', 'DHO GGSS ALCAMPODHO-GGSS CASTELLANO ', '', '', 'Alta'),
(57, 1, 17, 'DHO-GGSS CAT', 'DHO GGSS ALCAMPODHO-GGSS CAT', '', '', 'Alta'),
(58, 1, 18, 'DHO-GGSS CASTELLANO ', 'DHO GGSS CARREFOURDHO-GGSS CASTELLANO ', '', '', 'Alta'),
(59, 1, 18, 'DHO-GGSS CAT', 'DHO GGSS CARREFOURDHO-GGSS CAT', '', '', 'Alta'),
(60, 1, 18, 'DHO-GSS-IPHONE', 'DHO GGSS CARREFOURDHO-GSS-IPHONE', '', '', 'Alta'),
(61, 1, 16, 'DHO-GGSS CASTELLANO ', 'DHO GGSS MEDIAMARKTDHO-GGSS CASTELLANO ', '', '', 'Alta'),
(62, 1, 16, 'DHO-GGSS CAT', 'DHO GGSS MEDIAMARKTDHO-GGSS CAT', '', '', 'Alta'),
(63, 1, 20, 'DHO-GGSS CASTELLANO ', 'DHO GGSS E.LECLERCDHO-GGSS CASTELLANO ', '', '', 'Alta'),
(64, 1, 14, 'DHO-GGSS CASTELLANO ', 'TELANDCOMDHO-GGSS CASTELLANO ', '', '', 'Alta'),
(65, 1, 21, 'RURAL', 'TIENDA MOVILRURAL', '', '', 'Alta'),
(66, 1, 13, 'DHO BLANCO', 'DHO NEXT PLUSDHO BLANCO', '', '', 'Alta'),
(67, 1, 13, 'DHO BLANCO SOBREMESA', 'DHO NEXT PLUSDHO BLANCO SOBREMESA', '', '', 'Alta'),
(68, 1, 13, 'STAND', 'DHO NEXT PLUSSTAND', '', '', 'Alta');

-- --------------------------------------------------------

--
-- Table structure for table `pds`
--

CREATE TABLE IF NOT EXISTS `pds` (
`id_pds` smallint(5) unsigned NOT NULL,
  `client_pds` tinyint(3) NOT NULL,
  `reference` varchar(50) NOT NULL,
  `type_pds` tinyint(3) unsigned DEFAULT NULL,
  `territory` tinyint(3) unsigned DEFAULT NULL,
  `panelado_pds` tinyint(3) unsigned DEFAULT NULL,
  `dispo` enum('Normal','Inversa','Mixta') NOT NULL DEFAULT 'Normal',
  `commercial` varchar(200) NOT NULL,
  `cif` varchar(12) DEFAULT NULL,
  `picture_url` varchar(200) DEFAULT NULL,
  `m2_fo` int(10) unsigned DEFAULT NULL,
  `m2_bo` int(10) unsigned DEFAULT NULL,
  `m2_total` int(10) unsigned DEFAULT NULL,
  `type_via` tinyint(3) unsigned DEFAULT NULL,
  `address` text,
  `zip` varchar(10) DEFAULT NULL,
  `city` varchar(200) DEFAULT NULL,
  `province` smallint(6) unsigned DEFAULT NULL,
  `county` tinyint(4) unsigned DEFAULT NULL,
  `schedule` text,
  `phone` varchar(20) DEFAULT NULL,
  `mobile` varchar(20) DEFAULT NULL,
  `email` varchar(100) DEFAULT NULL,
  `contact_contact_person` smallint(5) unsigned DEFAULT NULL,
  `contact_in_charge` smallint(5) unsigned DEFAULT NULL,
  `contact_supervisor` smallint(5) unsigned DEFAULT NULL,
  `status` enum('Alta','Baja') NOT NULL DEFAULT 'Alta'
) ENGINE=InnoDB AUTO_INCREMENT=3083 DEFAULT CHARSET=utf8;

--
-- Dumping data for table `pds`
--

INSERT INTO `pds` (`id_pds`, `client_pds`, `reference`, `type_pds`, `territory`, `panelado_pds`, `dispo`, `commercial`, `cif`, `picture_url`, `m2_fo`, `m2_bo`, `m2_total`, `type_via`, `address`, `zip`, `city`, `province`, `county`, `schedule`, `phone`, `mobile`, `email`, `contact_contact_person`, `contact_in_charge`, `contact_supervisor`, `status`) VALUES
(1542, 1, '16690019', 17, 1, 56, '', 'STAND ORANGE ALCAMPO TORREJON - GGSS', '', '', 0, 0, 0, 14, 'TORREJON A AJALVIR - S/N', '28850', 'TORREJON DE ARDOZ', 28, 0, '', '', '', '', 0, 0, 0, 'Alta'),
(1543, 1, '16690020', 17, 1, 56, '', 'STAND ORANGE ALCAMPO PIO XII - GGSS', '', '', 0, 0, 0, 7, 'ALCAMPO PIO XII AVENIDA PIO XII - 2', '28106', 'MADRID', 28, 0, '', '', '', '', 0, 0, 0, 'Alta'),
(1544, 1, '16690021', 17, 1, 56, '', 'STAND ORANGE ALCAMPO VAGUADA - GGSS', '', '', 0, 0, 0, 6, 'MONFORTE DE LEMOS - 36', '28029', 'MADRID', 28, 0, '', '', '', '', 0, 0, 0, 'Alta'),
(1545, 1, '19440289', 17, 1, 56, '', 'ESPACIO ORANGE ALCAMPO VALLECAS ', '', '', 0, 0, 0, 7, 'ALCAMPO VALLECAS CALLE MONLEON - S/N', '28038', 'MADRID', 28, 0, '', '', '', '', 0, 0, 0, 'Alta'),
(1546, 1, '19990245', 17, 5, 56, '', 'ESPACIO ORANGE ALCAMPO ALBACETE ', '', '', 0, 0, 0, 7, 'IMAGINALIA, CARRETERA RECINTOS FERIALESSECTOR 14 PARCELA T3 - 7', '02006', 'ALBACETE', 2, 0, '', '600215308', '', '', 0, 0, 0, 'Alta'),
(1547, 1, '19990277', 17, 1, 56, '', 'STAND ORANGE ALCAMPO MORATALAZ - GGSS', '', '', 0, 0, 0, 10, 'DE LOS VINATEROS - S/N', '28030', 'MADRID', 28, 0, '', '', '', '', 0, 0, 0, 'Alta'),
(1548, 1, '19990278', 17, 1, 56, '', 'STAND ORANGE ALCAMPO PARQUESUR - GGSS', '', '', 0, 0, 0, 8, 'GRAN BRETA', '28916', 'LEGANES', 28, 0, '', '', '', '', 0, 0, 0, 'Alta'),
(1549, 1, '19990279', 17, 1, 56, '', 'STAND ORANGE ALCAMPO LORANCA - GGSS', '', '', 0, 0, 0, 7, 'LORANCA AVENIDA PABLO IGLESIAS. CC LORANCA - S/N', '28942', 'FUENLABRADA', 28, 0, '', '635511301', '', '', 0, 0, 0, 'Alta'),
(1550, 1, '29440143', 17, 4, 56, '', 'ESPACIO ORANGE ALCAMPO UTRILLAS ', '', '', 0, 0, 0, 7, 'CC UTRILLAS PLAZA UTRILLAS, - 6', '50013', 'ZARAGOZA', 50, 0, '', '', '', '', 0, 0, 0, 'Alta'),
(1551, 1, '29990172', 17, 4, 56, '', 'ESPACIO ORANGE ALCAMPO ZARAGOZA ', '', '', 0, 0, 0, 7, 'LOS ENLACES CARRETERA ANTIGUA NCNAL II - KM 315,2', '50012', 'ZARAGOZA', 50, 0, '', '', '', '', 0, 0, 0, 'Alta'),
(1552, 1, '29990174', 17, 4, 56, '', 'ESPACIO ORANGE ALCAMPO UTEBO ', '', '', 0, 0, 0, 7, 'UTEBO CARRETERA ZARAGOZA-LOGRO', '50180', 'UTEBO', 50, 0, '', '', '', '', 0, 0, 0, 'Alta'),
(1553, 1, '36000082', 17, 6, 56, '', 'STAND ORANGE ALCAMPO GIJON - GGSS', '', '', 0, 0, 0, 7, 'ALCAMPO GIJON CARRETERA AS 18 KM 22 ROCES - S/N', '33211', 'GIJON', 33, 0, '', '', '', '', 0, 0, 0, 'Alta'),
(1554, 1, '36000083', 17, 6, 56, '', 'STAND ORANGE ALCAMPO NALON - GGSS', '', '', 0, 0, 0, 7, 'VALNALON CARRETERA CTRA AS17 S/N, KM 47 CC VALLE DEL NALON - S/N', '33940', 'SAN MARTIN DEL REY AURELIO', 33, 0, '', '', '', '', 0, 0, 0, 'Alta'),
(1555, 1, '39440179', 17, 6, 56, '', 'ESPACIO ORANGE ALCAMPO VIGO I ', '', '', 0, 0, 0, 7, 'ALCAMPO VIGO I AVENIDA CASTELAO - S/N', '36209', 'VIGO', 36, 0, '', '', '', '', 0, 0, 0, 'Alta'),
(1556, 1, '39990129', 17, 6, 56, '', 'STAND ORANGE ALCAMPO FERROL - GGSS', '', '', 0, 0, 0, 29, 'LA GANDARA - S/N', '15407', 'FERROL', 15, 0, '', '653932102', '', '', 0, 0, 0, 'Alta'),
(1557, 1, '39990131', 17, 6, 56, '', 'STAND ORANGE ALCAMPO CORU', '', '', 0, 0, 0, 7, 'ALCAMPO CORU', '15170', 'LA CORU', 15, 0, '', '', '', '', 0, 0, 0, 'Alta'),
(1558, 1, '46000115', 17, 5, 56, '', 'STAND ORANGE ALCAMPO ALBORAYA - GGSS', '', '', 0, 0, 0, 7, 'AUTOVIA V-21, SALIDA ALBORAYA - PLAYA DE ALBORAYA (VALENCIA)', '46120', 'ALBORAYA', 46, 0, '', '635321659', '', '', 0, 0, 0, 'Alta'),
(1559, 1, '46000116', 17, 5, 56, '', 'STAND ORANGE ALCAMPO MALLORCA - GGSS', '', '', 0, 0, 0, 7, 'ALCAMPO MARRATXI AUTOPISTA PALMA-INCA  - KM 4,2', '07141', 'MARRATXI', 7, 0, '', '', '', '', 0, 0, 0, 'Alta'),
(1560, 1, '46000153', 17, 5, 56, '', 'STAND ORANGE ALCAMPO ALICANTE - PLAZA MAR - GGSS', '', '', 0, 0, 0, 7, 'PLAZA MAR 2 AVENIDA DENIA - S/N', '03016', 'ALICANTE', 3, 0, '', '692845566', '', '', 0, 0, 0, 'Alta'),
(1561, 1, '46000154', 17, 5, 56, '', 'STAND ORANGE ALCAMPO CASTELLON - GGSS', '', '', 0, 0, 0, 7, 'LA SALERA CARRETERA NACIONAL - KM 64.500', '12006', 'CASTELLON DE LA PLANA', 12, 0, '', '691579292', '', '', 0, 0, 0, 'Alta'),
(1562, 1, '56000155', 17, 3, 56, '', 'STAND ORANGE ALCAMPO LINARES - GGSS', '', '', 0, 0, 0, 7, 'ALCAMPO LINARES AVENIDA SAN CRISTOBAL - S/N', '23700', 'LINARES', 23, 0, '', '', '', '', 0, 0, 0, 'Alta'),
(1563, 1, '56000166', 17, 3, 56, '', 'STAND ORANGE ALCAMPO MARBELLA - GGSS', '', '', 0, 0, 0, 7, 'LA CA', '29603', 'MARBELLA', 29, 0, '', '', '', '', 0, 0, 0, 'Alta'),
(1564, 1, '56000167', 17, 3, 56, '', 'STAND ORANGE ALCAMPO SANLUCAR - GGSS', '', '', 0, 0, 0, 7, 'Ctra. del Puerto de Santa Mar', '11540', 'SANLUCAR DE BARRAMEDA', 11, 0, '', '', '', '', 0, 0, 0, 'Alta'),
(1565, 1, '56000168', 17, 3, 56, '', 'STAND ORANGE ALCAMPO SEVILLA - GGSS', '', '', 0, 0, 0, 7, 'ALCAMPO SEVILLA RONDA RONDA DEL TAMARGUILLO - 27', '41006', 'SEVILLA', 41, 0, '', '', '', '', 0, 0, 0, 'Alta'),
(1566, 1, '56000188', 17, 3, 56, '', 'STAND ORANGE ALCAMPO GRANADA - GGSS', '', '', 0, 0, 0, 7, 'ALCAMPO GRANADA AVENIDA JUAN PABLO II - S/N', '18013', 'GRANADA', 18, 0, '', '', '', '', 0, 0, 0, 'Alta'),
(1567, 1, '56000191', 17, 3, 56, '', 'STAND ORANGE ALCAMPO MOTRIL - GGSS', '', '', 0, 0, 0, 7, 'ALCAMPO MOTRIL POLIGONO PUCHILLA - S/N', '18600', 'MOTRIL', 18, 0, '', '', '', '', 0, 0, 0, 'Alta'),
(1568, 1, '56000192', 17, 3, 56, '', 'STAND ORANGE ALCAMPO ALMERIA - GGSS', '', '', 0, 0, 0, 6, 'DEL MEDITERRANEO - S/N', '04009', 'ALMERIA', 4, 0, '', '656161962', '', '', 0, 0, 0, 'Alta'),
(1569, 1, '59440301', 17, 3, 56, '', 'ESPACIO ORANGE ALCAMPO JEREZ DE LA FRONTERA ', '', '', 0, 0, 0, 7, 'ALCAMPO JEREZ CARRETERA NACIONAL IV KM.639 (CC LUZ SHOPPING LOCAL T1-38) - SN', '11407', 'JEREZ DE LA FRONTERA', 11, 0, '', '', '', '', 0, 0, 0, 'Alta'),
(1570, 1, '69440107', 17, 3, 56, '', 'STAND ORANGE ALCAMPO TENERIFE - GGSS', '', '', 0, 0, 0, 7, 'ALCAMPO LA LAGUNA CAMINO LA HORNERA, LAS CHUMBERAS - S/N', '38296', 'SAN CRISTOBAL DE LA LAGUNA', 38, 0, '', '', '', '', 0, 0, 0, 'Alta'),
(1571, 1, '69990033', 17, 3, 56, '', 'ESPACIO ORANGE ALCAMPO TELDE ', '', '', 0, 0, 0, 7, 'ALCAMPO TEIDE AUTOVIA GC- SUR  - KM 8', '35212', 'TELDE', 35, 0, '', '', '', '', 0, 0, 0, 'Alta'),
(1572, 1, '69990054', 17, 3, 56, '', 'STAND ORANGE ALCAMPO LA OROTAVA - GGSS', '', '', 0, 0, 0, 7, 'POLIGONO INDUSTRIAL SAN JERONIMO Centro Comercial la Villa 2 - S/N (SALIDA 36)', '38300', 'LA OROTAVA', 38, 0, '', '', '', '', 0, 0, 0, 'Alta'),
(1573, 1, '29990190', 17, 4, 57, '', 'ESPACIO ORANGE ALCAMPO SANT QUIRZE ', '', '', 0, 0, 0, 7, 'ALCAMPO SANT QUIRZE AUTOPISTA C-58, SALIDA SABADELL NORTE - S/N', '08192', 'SANT QUIRZE', 8, 0, '', '', '', '', 0, 0, 0, 'Alta'),
(1574, 1, '29990231', 17, 4, 57, '', 'STAND ORANGE ALCAMPO DIAGONAL MAR - GGSS', '', '', 0, 0, 0, 7, 'DIAGONAL MAR AVDA DIAGONAL - 15', '08019', 'BARCELONA', 8, 0, '', '658182207', '', '', 0, 0, 0, 'Alta'),
(1575, 1, '29990254', 17, 4, 57, '', 'STAND ORANGE ALCAMPO MATARO - GGSS', '', '', 0, 0, 0, 8, 'ESTRASBURGO - 5', '08304', 'MATARO', 8, 0, '', '', '', '', 0, 0, 0, 'Alta'),
(1576, 1, '19990246', 18, 5, 58, '', 'ESPACIO ORANGE CARREFOUR LOS LLANOS ', '', '', 0, 0, 0, 7, 'LOS LLANOS AVENIDA 1', '02006', 'ALBACETE', 2, 0, '', '691222226', '', '', 0, 0, 0, 'Alta'),
(1577, 1, '19990290', 18, 1, 58, '', 'STAND ORANGE CARREFOUR VALLECAS - GGSS', '', '', 0, 0, 0, 7, 'LA GAVIA AVDA DE LA ALBUFERA - 9', '28038', 'MADRID', 28, 0, '', '', '', '', 0, 0, 0, 'Alta'),
(1578, 1, '19990297', 18, 1, 58, '', 'STAND ORANGE CARREFOUR AVILA - GGSS', '', '', 0, 0, 0, 7, 'EL BULEVAR AVENIDA JUAN CARLOS I - 45', '05004', 'AVILA', 5, 0, '', '635623904', '', '', 0, 0, 0, 'Alta'),
(1579, 1, '19990298', 18, 6, 58, '', 'STAND ORANGE CARREFOUR VALLADOLID II - GGSS', '', '', 0, 0, 0, 7, 'CARREFOUR VALLADOLID II CALLE COSTA BRAVA - 2', '47010', 'VALLADOLID', 47, 0, '', '', '', '', 0, 0, 0, 'Alta'),
(1580, 1, '19990300', 18, 7, 58, '', 'STAND ORANGE CARREFOUR BURGOS - GGSS', '', '', 0, 0, 0, 7, 'EL MIRADOR CARRETERA SANTANDER - KM 2', '09006', 'BURGOS', 9, 0, '', '656162039', '', '', 0, 0, 0, 'Alta'),
(1581, 1, '19990301', 18, 6, 58, '', 'STAND ORANGE CARREFOUR SALAMANCA - GGSS', '', '', 0, 0, 0, 7, 'CARREFOUR SALAMANCA AVENIDA AGUSTINOS RECOLETOS - S/N', '37005', 'SALAMANCA', 37, 0, '', '', '', '', 0, 0, 0, 'Alta'),
(1582, 1, '29990169', 18, 4, 58, '', 'ESPACIO ORANGE CARREFOUR ZARAGOZA ', '', '', 0, 0, 0, 7, 'AUGUSTA AVENIDA NAVARRA - 180', '50011', 'ZARAGOZA', 50, 0, '', '', '', '', 0, 0, 0, 'Alta'),
(1583, 1, '29990170', 18, 4, 58, '', 'ESPACIO ORANGE CARREFOUR ACTUR ', '', '', 0, 0, 0, 7, 'AVENIDA M', '50015', 'ZARAGOZA', 50, 0, '', '', '', '', 0, 0, 0, 'Alta'),
(1584, 1, '29990236', 18, 7, 58, '', 'STAND ORANGE CARREFOUR PAMPLONA - GGSS', '', '', 0, 0, 0, 7, 'CARREFOUR PAMPLONA AVENIDA AV BARA', '31008', 'PAMPLONA', 31, 0, '', '', '', '', 0, 0, 0, 'Alta'),
(1585, 1, '29990237', 18, 7, 58, '', 'STAND ORANGE CARREFOUR VIANA - GGSS', '', '', 0, 0, 0, 7, 'LAS CA', '31230', 'VIANA', 31, 0, '', '', '', '', 0, 0, 0, 'Alta'),
(1586, 1, '36000075', 18, 6, 58, '', 'STAND ORANGE CARREFOUR PARQUEASTUR - GGSS', '', '', 0, 0, 0, 8, 'EL PEDRERO - S/N', '33468', 'EL PEDRERO - CORVERA', 33, 0, '', '629722046', '', '', 0, 0, 0, 'Alta'),
(1587, 1, '36000085', 18, 6, 58, '', 'STAND ORANGE CARREFOUR FRESNOS - GGSS', '', '', 0, 0, 0, 7, 'LOS FRESNOS AVENIDA DEL LLANO - S/N', '33209', 'GIJON', 33, 0, '', '', '', '', 0, 0, 0, 'Alta'),
(1588, 1, '36000086', 18, 6, 58, '', 'STAND ORANGE CARREFOUR LOS PRADOS - GGSS', '', '', 0, 0, 0, 7, 'LOS PRADOS CALLE FERNANDEZ LADREDA - S/N', '33011', 'OVIEDO', 33, 0, '', '', '', '', 0, 0, 0, 'Alta'),
(1589, 1, '36000087', 18, 6, 58, '', 'STAND ORANGE CARREFOUR LA CALZADA - GGSS', '', '', 0, 0, 0, 7, 'CARREFOUR LA CALZADA GIJON CALLE MAESTRO AMADO MORAN - S/N', '33213', 'GIJON', 33, 0, '', '', '', '', 0, 0, 0, 'Alta'),
(1590, 1, '39440176', 18, 6, 58, '', 'ESPACIO ORANGE CARREFOUR SANTIAGO ', '', '', 0, 0, 0, 7, 'AS CANCELAS AVENIDA DO CAMI', '15703', 'SANTIAGO DE COMPOSTELA', 15, 0, '', '', '', '', 0, 0, 0, 'Alta'),
(1591, 1, '39440180', 18, 6, 58, '', 'ESPACIO ORANGE CARREFOUR VIGO II ', '', '', 0, 0, 0, 7, 'GRAN VIA VIGO C/ MIRADOIRO - 2', '36210', 'VIGO', 36, 0, '', '', '', '', 0, 0, 0, 'Alta'),
(1592, 1, '39440219', 18, 6, 58, '', 'STAND ORANGE CARREFOUR ALFONSO MOLINA - GGSS', '', '', 0, 0, 0, 6, 'ALFONSO MOLINA  - S/N', '15008', 'LA CORU', 15, 0, '', '', '', '', 0, 0, 0, 'Alta'),
(1593, 1, '39990127', 18, 6, 58, '', 'STAND ORANGE CARREFOUR ORENSE - GGSS', '', '', 0, 0, 0, 8, 'FONSILLON-VILLAESCUSA - 21', '32920', 'BARBADAS', 32, 0, '', 'INFORMACION PENDIENT', '', '', 0, 0, 0, 'Alta'),
(1594, 1, '39990128', 18, 6, 58, '', 'STAND ORANGE CARREFOUR CORISTANCO - GGSS', '', '', 0, 0, 0, 7, 'CARREFOUR CORISTANCO C/ LUGAR DE CAPELAN, OCA - S/N', '15147', 'CORISTANCO', 15, 0, '', '692617456', '', '', 0, 0, 0, 'Alta'),
(1595, 1, '39990132', 18, 6, 58, '', 'STAND ORANGE CARREFOUR PONTEVEDRA - GGSS', '', '', 0, 0, 0, 7, 'CARREFOUR PLANET PONTEVEDRA CALLE SAN BLAS - 17', '36143', 'PONTEVEDRA', 36, 0, '', '', '', '', 0, 0, 0, 'Alta'),
(1596, 1, '39990133', 18, 6, 58, '', 'STAND ORANGE CARREFOUR VIGO I - GGSS', '', '', 0, 0, 0, 7, 'TRAVESIA DE VIGO AVENIDA TRAVESIA DE VIGO - S/N', '36207', 'VIGO', 36, 0, '', '', '', '', 0, 0, 0, 'Alta'),
(1597, 1, '39990134', 18, 6, 58, '', 'STAND CARREFOUR FERROL - GGSS', '', '', 0, 0, 0, 6, 'BUQUE ESCUELA GALATEA - S/N', '15405', 'FERROL', 15, 0, '', '', '', '', 0, 0, 0, 'Alta'),
(1598, 1, '46000118', 18, 5, 58, '', 'STAND ORANGE CARREFOUR PORTO PI - GGSS', '', '', 0, 0, 0, 7, 'PORTO PI AVENIDA GABRIEL ROCA - 54', '07015', 'PALMA DE MALLORCA', 7, 0, '', '', '', '', 0, 0, 0, 'Alta'),
(1599, 1, '46000120', 18, 5, 58, '', 'STAND ORANGE CARREFOUR SAGUNTO - GGSS', '', '', 0, 0, 0, 7, 'CARRFOUR SAGUNTO CARRETERA SAGUNTO  - KM 2', '46500', 'SAGUNTO', 46, 0, '', '', '', '', 0, 0, 0, 'Alta'),
(1600, 1, '46000123', 18, 5, 58, '', 'STAND ORANGE CARREFOUR GANDIA - GGSS', '', '', 0, 0, 0, 7, 'CARREFOUR GANDIA AVENIDA BLASCO IBA', '46701', 'GANDIA', 46, 0, '', '', '', '', 0, 0, 0, 'Alta'),
(1601, 1, '46000126', 18, 5, 58, '', 'STAND ORANGE CARREFOUR COLL - GGSS', '', '', 0, 0, 0, 7, 'CARREFOUR CALL DE RABASA, CALLE CADENAL ROSSELL - 168', '07007', 'PALMA DE MALLORCA', 7, 0, '', '', '', '', 0, 0, 0, 'Alta'),
(1602, 1, '46000127', 18, 5, 58, '', 'STAND ORANGE CARREFOUR GRAN TURIA - GGSS', '', '', 0, 0, 0, 7, 'GRAN TURIA- PLAZA EUROPA - 1', '46014', 'XIRIVELLA', 46, 0, '', '', '', '', 0, 0, 0, 'Alta'),
(1603, 1, '46000141', 18, 5, 58, '', 'STAND ORANGE CARREFOUR COCENTAINA - GGSS', '', '', 0, 0, 0, 7, 'CARREFOUR L', '03820', 'COCENTAINA', 3, 0, '', '692845622', '', '', 0, 0, 0, 'Alta'),
(1604, 1, '46000142', 18, 5, 58, '', 'STAND ORANGE CARREFOUR ELCHE - GGSS', '', '', 0, 0, 0, 7, 'CARREFOUR ELCHE CRTA ALICANTE MURCIA  - KM53', '03205', 'ELCHE', 3, 0, '', '695249271', '', '', 0, 0, 0, 'Alta'),
(1605, 1, '46000147', 18, 5, 58, '', 'STAND ORANGE CARREFOUR PARQUE MEDITERRANEO - GGSS', '', '', 0, 0, 0, 7, 'ESPACIO MEDITERRANEO PI CABEZO BEAZA C LONDRES SECTOR P - S/N', '30395', 'CARTAGENA', 30, 0, '', '655301295', '', '', 0, 0, 0, 'Alta'),
(1606, 1, '46000148', 18, 5, 58, '', 'STAND ORANGE CARREFOUR SAN JUAN ALICANTE - GGSS', '', '', 0, 0, 0, 7, 'CARREFOUR PLANET DE SAN JUAN ALICANTE, CARRETERA VALENCIA, KM. 89 - 89', '03550', 'SAN JUAN DE ALICANTE', 3, 0, '', '', '', '', 0, 0, 0, 'Alta'),
(1607, 1, '46000150', 18, 5, 58, '', 'STAND ORANGE CARREFOUR FINESTRAT - GGSS', '', '', 0, 0, 0, 7, 'BENIDORM FINESTRAT CARRETERA FINESTRAT A LA CALA  - KM5', '03502', 'BENIDORM', 3, 0, '', '692693199', '', '', 0, 0, 0, 'Alta'),
(1608, 1, '49440214', 18, 5, 58, '', 'ESPACIO ORANGE CARREFOUR CASTELLON ', '', '', 0, 0, 0, 10, 'LA PLANA - S/N', '12006', 'CASTELLON DE LA PLANA', 12, 0, '', '615817747', '', '', 0, 0, 0, 'Alta'),
(1609, 1, '56000120', 18, 3, 58, '', 'ESPACIO ORANGE CARREFOUR PLASENCIA ', '', '', 0, 0, 0, 7, 'CARREFOUR PLASENCIA CALLE C/ JULI', '10600', 'PLASENCIA', 10, 0, '', '', '', '', 0, 0, 0, 'Alta'),
(1610, 1, '56000156', 18, 3, 58, '', 'STAND ORANGE CARREFOUR LA SIERRA - GGSS', '', '', 0, 0, 0, 7, 'LA SIERRA CALLE POETA EMILIO PRADO - S/N', '14012', 'CORDOBA', 14, 0, '', '656908606', '', '', 0, 0, 0, 'Alta'),
(1611, 1, '56000157', 18, 3, 58, '', 'STAND ORANGE CARREFOUR JAEN - GGSS', '', '', 0, 0, 0, 14, 'BAILEN MOTRIL - KM 37', '23009', 'JAEN', 23, 0, '', '', '', '', 0, 0, 0, 'Alta'),
(1612, 1, '56000158', 18, 3, 58, '', 'STAND ORANGE CARREFOUR CARTAYA - GGSS', '', '', 0, 0, 0, 7, 'POLIGONO INDUSTRIAL LA ESTACION, ANTIGUA CARRETERA HUELVA-AYAMONTE, - S/N', '21450', 'CARTAYA', 21, 0, '', '', '', '', 0, 0, 0, 'Alta'),
(1613, 1, '56000159', 18, 3, 58, '', 'STAND ORANGE CARREFOUR LUCENA - GGSS', '', '', 0, 0, 0, 7, 'CC CARREFOUR LUCENA POLIGONO LOS POLVILLARES - MANZANA 1 - PLAN PARCIAL I-3 - MANZANA 1 - PLAN PARCIAL I-3', '14900', 'LUCENA', 14, 0, '', '', '', '', 0, 0, 0, 'Alta'),
(1614, 1, '56000160', 18, 3, 58, '', 'STAND ORANGE CARREFOUR ANDUJAR - GGSS', '', '', 0, 0, 0, 7, 'CARREFOUR ANDUJAR AVENIDA BLAS INFANTE - S/N', '23740', 'ANDUJAR', 23, 0, '', '656908606', '', '', 0, 0, 0, 'Alta'),
(1615, 1, '56000169', 18, 3, 58, '', 'STAND ORANGE CARREFOUR TORREMOLINOS - GGSS', '', '', 0, 0, 0, 7, 'CARREFOUR EL PINILLO AVENIDA DEL PINILLO - S/N', '29620', 'TORREMOLINOS', 29, 0, '', '', '', '', 0, 0, 0, 'Alta'),
(1616, 1, '56000170', 18, 3, 58, '', 'STAND ORANGE CARREFOUR ESTEPONA - GGSS', '', '', 0, 0, 0, 7, 'CARREFOUR ESTEPONA AVENIDA LITORAL - S/N', '29680', 'ESTEPONA', 29, 0, '', '675905391', '', '', 0, 0, 0, 'Alta'),
(1617, 1, '56000174', 18, 3, 58, '', 'STAND ORANGE CARREFOUR ALAMEDA - GGSS', '', '', 0, 0, 0, 7, 'CARREFOUR ALAMEDA CALLE PROLONGACION AVDA DE ANDALUCIA - S/N', '29006', 'MALAGA', 29, 0, '', '', '', '', 0, 0, 0, 'Alta'),
(1618, 1, '56000178', 18, 3, 58, '', 'STAND ORANGE CARREFOUR JEREZ SUR - GGSS', '', '', 0, 0, 0, 7, 'CARREFOUR JEREZ CARRETERA CTRA. NACIONAL IV,  PUERTA DEL SUR - 641', '11407', 'JEREZ DE LA FRONTERA', 11, 0, '', '', '', '', 0, 0, 0, 'Alta'),
(1619, 1, '56000181', 18, 3, 58, '', 'STAND ORANGE CARREFOUR ARCOS DE LA FRONTERA - GGSS', '', '', 0, 0, 0, 7, 'LAS TIENDAS DE ARCOS CARRETERA CTRA. A 382,  - KM. 26.8', '11630', 'ARCOS DE LA FRONTERA', 11, 0, '', '675905391', '', '', 0, 0, 0, 'Alta'),
(1620, 1, '56000193', 18, 3, 58, '', 'STAND ORANGE CARREFOUR ALMERIA - GGSS', '', '', 0, 0, 0, 6, 'DEL MEDITERRANEO - S/N', '04009', 'ALMERIA', 4, 0, '', '656161962', '', '', 0, 0, 0, 'Alta'),
(1621, 1, '56000194', 18, 3, 58, '', 'STAND ORANGE CARREFOUR PULIANAS - GGSS', '', '', 0, 0, 0, 7, 'KINEPOLIS PULIANAS CALLE LUIS BU', '18197', 'PULIANAS', 18, 0, '', '', '', '', 0, 0, 0, 'Alta'),
(1622, 1, '56000197', 18, 3, 58, '', 'STAND ORANGE CARREFOUR PULIANAS - GGSS', '', '', 0, 0, 0, 14, 'ALMERIMAR - S/N', '04700', 'El Ejido', 4, 0, '', '', '', '', 0, 0, 0, 'Alta'),
(1623, 1, '69440087', 18, 3, 58, '', 'ESPACIO ORANGE CARREFOUR TENERIFE ', '', '', 0, 0, 0, 7, 'SANTA CRUZ AUTOPISTA GENERAL DEL SUR  - KM 5,9', '38111', 'SANTA CRUZ DE TENERIFE', 38, 0, '', '', '', '', 0, 0, 0, 'Alta'),
(1624, 1, '69990050', 18, 3, 58, '', 'STAND ORANGE CARREFOUR LA BALLENA - GGSS', '', '', 0, 0, 0, 7, 'LA BALLENA CARRETERA GRAL DEL NORTE - 112', '35012', 'LAS PALMAS DE GRAN CANARIA', 35, 0, '', '', '', '', 0, 0, 0, 'Alta'),
(1625, 1, '79990103', 18, 7, 58, '', 'STAND ORANGE CARREFOUR SESTAO - GGSS', '', '', 0, 0, 0, 14, 'BARACALDO-VALLE DE TRAPAGA (POLIGONO IBAZAHARRA) - S/N', '48910', 'SESTAO', 48, 0, '', '', '', '', 0, 0, 0, 'Alta'),
(1626, 1, '26000127', 18, 4, 59, '', 'STAND ORANGE CARREFOUR PRAT - GGSS', '', '', 0, 0, 0, 7, 'CARREFOUR PRAT CARRETERA AUTOVIA DE CASTELLDEFELS KM.5 - KM5', '08820', 'EL PRAT DE LLOBREGAT', 8, 0, '', '615773005', '', '', 0, 0, 0, 'Alta'),
(1627, 1, '26000128', 18, 4, 59, '', 'STAND ORANGE CARREFOUR REUS - GGSS', '', '', 0, 0, 0, 7, 'CARREFOUR REUS AVENIDA MARIA FORTUNY - 81', '43204', 'REUS', 43, 0, '', '', '', '', 0, 0, 0, 'Alta'),
(1628, 1, '26000129', 18, 4, 59, '', 'STAND ORANGE CARREFOUR LERIDA - GGSS', '', '', 0, 0, 0, 8, 'GRAN PASEO RONDA - 63', '25006', 'LERIDA', 25, 0, '', '', '', '', 0, 0, 0, 'Alta'),
(1629, 1, '29440145', 18, 4, 59, '', 'ESPACIO ORANGE CARREFOUR TARRAGONA ', '', '', 0, 0, 0, 7, 'CARREFOUR PLANET DE TARRAGONA,AUTOVIA DE TARRAGONA A REUS, KM 4 - S/N', '43006', 'TARRAGONA', 43, 0, '', '', '', '', 0, 0, 0, 'Alta'),
(1630, 1, '16690022', 18, 1, 60, '', 'STAND ORANGE CARREFOUR VILLALBA - GGSS', '', '', 0, 0, 0, 14, 'NAVACERRADA - S/N', '28400', 'COLLADO VILLALBA', 28, 0, '', 'PENDIENTE', '', '', 0, 0, 0, 'Alta'),
(1631, 1, '19440288', 18, 1, 60, '', 'ESPACIO ORANGE CARREFOUR FUENLABRADA ', '', '', 0, 0, 0, 7, 'PLAZA DE LA ESTACION PLAZA DE GRECIA - S/N', '28943', 'FUENLABRADA', 28, 0, '', '619991199', '', '', 0, 0, 0, 'Alta'),
(1632, 1, '19990231', 18, 1, 60, '', 'ESPACIO ORANGE CARREFOUR TALAVERA ', '', '', 0, 0, 0, 7, 'LOS ALFARES CARRETERA NACIONAL V  - KM 104', '45600', 'TALAVERA DE LA REINA', 45, 0, '', '', '', '', 0, 0, 0, 'Alta'),
(1633, 1, '19990280', 18, 1, 60, '', 'STAND ORANGE CARREFOUR EL PINAR - GGSS', '', '', 0, 0, 0, 7, 'CARREFOUR EL PINAR DE LAS ROZAS CARRETERA CORU', '28230', 'LAS ROZAS', 28, 0, '', '', '', '', 0, 0, 0, 'Alta'),
(1634, 1, '19990281', 18, 1, 60, '', 'STAND ORANGE CARREFOUR ALUCHE - GGSS', '', '', 0, 0, 0, 6, 'DE LOS POBLADOS - 58', '28044', 'MADRID', 28, 0, '', '', '', '', 0, 0, 0, 'Alta'),
(1635, 1, '19990282', 18, 1, 60, '', 'STAND ORANGE CARREFOUR ALCOBENDAS - GGSS', '', '', 0, 0, 0, 7, 'CARREFOUR PLANET ALCOBENDAS CARRETERA DE BURGOS,  - KM 14,5', '28108', 'ALCOBENDAS', 28, 0, '', '692617456', '', '', 0, 0, 0, 'Alta'),
(1636, 1, '19990283', 18, 1, 60, '', 'STAND ORANGE CARREFOUR SAN SEBASTIAN - GGSS', '', '', 0, 0, 0, 7, 'CARREFOUR SS DE LOS REYES CARRETERA N-I SALIDA 19 - KM 19', '28700', 'SAN SEBASTIAN DE LOS REYES', 28, 0, '', '', '', '', 0, 0, 0, 'Alta'),
(1637, 1, '19990284', 18, 1, 60, '', 'STAND ORANGE CARREFOUR LEGANES - GGSS', '', '', 0, 0, 0, 7, 'PLAZA NUEVA CARRETERA LEGANES - CARABANCHEL - KM 2,200', '28914', 'LEGANES', 28, 0, '', '', '', '', 0, 0, 0, 'Alta'),
(1638, 1, '19990285', 18, 1, 60, '', 'STAND ORANGE CARREFOUR RIVAS - GGSS', '', '', 0, 0, 0, 6, 'DE LA TECNICA - S/N', '28529', 'RIVAS-VACIAMADRID', 28, 0, '', '', '', '', 0, 0, 0, 'Alta'),
(1639, 1, '19990286', 18, 1, 60, '', 'STAND ORANGE CARREFOUR PUERTOLLANO - GGSS', '', '', 0, 0, 0, 7, 'CARREFOUR PUERTOLLANO CARRETERA NACIONAL 402 KM.160 (URB.IND.ESCAPARATE) - S/N', '13500', 'PUERTOLLANO', 13, 0, '', '', '', '', 0, 0, 0, 'Alta'),
(1640, 1, '19990287', 18, 1, 60, '', 'STAND ORANGE CARREFOUR LOS ANGELES - GGSS', '', '', 0, 0, 0, 7, 'LOS ANGELES AVENIDA ANDALUCIA  - KM 7,100', '28041', 'MADRID', 28, 0, '', '', '', '', 0, 0, 0, 'Alta'),
(1641, 1, '19990288', 18, 1, 60, '', 'STAND ORANGE CARREFOUR LAS ROSAS - GGSS', '', '', 0, 0, 0, 7, 'LAS ROSAS AVENIDA GUADALAJARA - 2', '28032', 'MADRID', 28, 0, '', '', '', '', 0, 0, 0, 'Alta'),
(1642, 1, '19990289', 18, 1, 60, '', 'STAND ORANGE CARREFOUR MAJADAHONDA - GGSS', '', '', 0, 0, 0, 7, 'CENTRO OESTE CALLE LAS MORERAS - 2', '28220', 'MAJADAHONDA', 28, 0, '', '', '', '', 0, 0, 0, 'Alta'),
(1643, 1, '19990291', 18, 1, 60, '', 'STAND ORANGE CARREFOUR ALCAZAR - GGSS', '', '', 0, 0, 0, 7, 'CARREFOUR ALCAZAR DE SAN JUAN CARRETERA HERENCIA - S/N', '13600', 'ALCAZAR DE SAN JUAN', 13, 0, '', '695228889', '', '', 0, 0, 0, 'Alta'),
(1644, 1, '19990299', 18, 6, 60, '', 'STAND ORANGE CARREFOUR PARQUESOL - GGSS', '', '', 0, 0, 0, 7, 'CARREFOU PARQUESOL AVENIDA MONASTERIO NTRA. SRA. DE PRADO - S/N', '47014', 'VALLADOLID', 47, 0, '', '', '', '', 0, 0, 0, 'Alta'),
(1645, 1, '19990312', 18, 1, 60, '', 'STAND ORANGE CARREFOUR HORTALEZA - GGSS', '', '', 0, 0, 0, 7, 'GRAN VIA HORTALEZA CALLE GRAN VIA DE HORTALEZA, C.C GRAN VIA HORTALEZA - S/N', '28043', 'MADRID', 28, 0, '', '', '', '', 0, 0, 0, 'Alta'),
(1646, 1, '26000125', 18, 4, 60, '', 'STAND ORANGE CARREFOUR BADALONA - GGSS', '', '', 0, 0, 0, 7, 'MONTIGALA BADALONA AVENIDA COMUNIDAD ECONOMICA EUROPEA - S/N', '08917', 'BADALONA', 8, 0, '', '', '', '', 0, 0, 0, 'Alta'),
(1647, 1, '26000126', 18, 4, 60, '', 'STAND ORANGE CARREFOUR LAS GLORIAS - GGSS', '', '', 0, 0, 0, 7, 'LES GLORIES CALLE LLACUNA - 155', '08018', 'BARCELONA', 8, 0, '', '675279540', '', '', 0, 0, 0, 'Alta'),
(1648, 1, '26000130', 18, 4, 60, '', 'STAND ORANGE CARREFOUR GRAN VIA II HOSPITALET- GGSS', '', '', 0, 0, 0, 7, 'GRAN VIA 2 AVENIDA GRAN VIA - 67-75', '08908', 'HOSPITALET DEL LLOBREGAT', 8, 0, '', '', '', '', 0, 0, 0, 'Alta'),
(1649, 1, '29990177', 18, 4, 60, '', 'ESPACIO ORANGE CARREFOUR BARBERA ', '', '', 0, 0, 0, 7, 'BARICENTRO, CARRETERA BARCELONA, KM 6,7 - S/N', '08210', 'BARBERA DEL VALLES', 8, 0, '', '625615818', '', '', 0, 0, 0, 'Alta'),
(1650, 1, '29990181', 18, 4, 60, '', 'ESPACIO ORANGE CARREFOUR MANRESA ', '', '', 0, 0, 0, 7, 'CARREFOUR MANRESA CALLE ALVAR ALTO - S/N', '08240', 'MANRESA', 8, 0, '', '', '', '', 0, 0, 0, 'Alta'),
(1651, 1, '29990232', 18, 4, 60, '', 'STAND ORANGE CARREFOUR LA MAQUINISTA - GGSS', '', '', 0, 0, 0, 7, 'LA MAQUINISTA PASEO POTOS', '08030', 'BARCELONA', 8, 0, '', '625179644', '', '', 0, 0, 0, 'Alta'),
(1652, 1, '29990233', 18, 4, 60, '', 'STAND ORANGE CARREFOUR CABRERA - GGSS', '', '', 0, 0, 0, 7, 'CARREFOUR CABRERA CARRETERA NACIONAL II, KM 664 - S/N', '08349', 'CABRERA DE MAR', 8, 0, '', '658182160', '', '', 0, 0, 0, 'Alta'),
(1653, 1, '29990234', 18, 4, 60, '', 'STAND ORANGE CARREFOUR VALLES - GGSS', '', '', 0, 0, 0, 7, 'CARREFOUR TERRASA AUTOPISTA C58, KM 17,800 - S/N', '08228', 'TERRASSA', 8, 0, '', '', '', '', 0, 0, 0, 'Alta'),
(1654, 1, '36000074', 18, 6, 60, '', 'STAND ORANGE CARREFOUR AZABACHE - GGSS', '', '', 0, 0, 0, 14, 'Nacional 630 KM 54 - S/N', '33420', 'SIERO', 33, 0, '', '', '', '', 0, 0, 0, 'Alta'),
(1655, 1, '36000084', 18, 7, 60, '', 'STAND ORANGE CARREFOUR EL ASISAL - GGSS', '', '', 0, 0, 0, 7, 'ALISAL CALLE JOAQUIN RODRIGO - 2', '39011', 'SANTANDER', 39, 0, '', '', '', '', 0, 0, 0, 'Alta'),
(1656, 1, '36000088', 18, 7, 60, '', 'STAND ORANGE CARREFOUR TORRELAVEGA - GGSS', '', '', 0, 0, 0, 7, 'CARREFOUR TORRELAVEGA AVENIDA BILBAO - 115', '39300', 'TORRELAVEGA', 39, 0, '', '', '', '', 0, 0, 0, 'Alta'),
(1657, 1, '46000117', 18, 5, 60, '', 'STAND ORANGE CARREFOUR PATERNA - GGSS', '', '', 0, 0, 0, 7, 'CARREFOUR PATERNA POLIGONO NORTE S/N - S/N', '46980', 'PATERNA', 46, 0, '', '', '', '', 0, 0, 0, 'Alta'),
(1658, 1, '46000119', 18, 5, 60, '', 'STAND ORANGE CARREFOUR ALFAFAR - GGSS', '', '', 0, 0, 0, 7, 'ALFAFAR AVENIDA LA ALBUFERA - S/N', '46910', 'ALFAFAR', 46, 0, '', '691231803', '', '', 0, 0, 0, 'Alta'),
(1659, 1, '46000121', 18, 5, 60, '', 'STAND ORANGE CARREFOUR ALZIRA - GGSS', '', '', 0, 0, 0, 7, 'CARREFOUR ALZIRACALLE CARRETERA ALBALAT - S/N', '46600', 'ALZIRA', 46, 0, '', '619991199', '', '', 0, 0, 0, 'Alta'),
(1660, 1, '46000124', 18, 5, 60, '', 'STAND ORANGE CARREFOUR CAMPANAR - GGSS', '', '', 0, 0, 0, 7, 'CAMPANAR AVENIDA MANUEL DE FALLA - 13', '46015', 'VALENCIA', 46, 0, '', '', '', '', 0, 0, 0, 'Alta'),
(1661, 1, '46000125', 18, 5, 60, '', 'STAND ORANGE CARREFOUR ELIANA - GGSS', '', '', 0, 0, 0, 7, 'EL OSITO CALLE TUEJAR - S/N', '46183', 'LA ELIANA', 46, 0, '', '', '', '', 0, 0, 0, 'Alta'),
(1662, 1, '46000128', 18, 5, 60, '', 'STAND ORANGE CARREFOUR PALMA - GGSS', '', '', 0, 0, 0, 7, 'CARREFOUR PALMA CALLE GENERAL RIERA - 156-172', '07010', 'PALMA DE MALLORCA', 7, 0, '', '', '', '', 0, 0, 0, 'Alta'),
(1663, 1, '46000139', 18, 5, 60, '', 'STAND ORANGE CARREFOUR ZARAICHE - GGSS', '', '', 0, 0, 0, 7, 'CARROUR PLANET ZARAICHE AVENIDA MIGUEL DE CERVANTES - 109', '30009', 'MURCIA', 30, 0, '', '', '', '', 0, 0, 0, 'Alta'),
(1664, 1, '46000140', 18, 5, 60, '', 'STAND ORANGE CARREFOUR PUERTA ALICANTE - GGSS', '', '', 0, 0, 0, 7, 'PUERTA ALICANTE ALCALDE LORENZO CARBONELL ESQ/VIA PARQUE - S/N', '03007', 'ALICANTE', 3, 0, '', '692698860', '', '', 0, 0, 0, 'Alta'),
(1665, 1, '46000143', 18, 5, 60, '', 'STAND ORANGE CARREFOUR ATALAYAS - GGSS', '', '', 0, 0, 0, 7, 'CARREFOUR ATALAYA AVENIDA MOLINA DE SEGURA - S/N', '30007', 'MURCIA', 30, 0, '', '', '', '', 0, 0, 0, 'Alta'),
(1666, 1, '46000145', 18, 5, 60, '', 'STAND ORANGE CARREFOUR GRAN VIA ALICANTE - GGSS', '', '', 0, 0, 0, 7, 'GRAN VIA ALICANTE C/JOSE GARCIA SELLES - 15', '03015', 'ALICANTE', 3, 0, '', '691572207', '', '', 0, 0, 0, 'Alta'),
(1667, 1, '46000146', 18, 5, 60, '', 'STAND ORANGE CARREFOUR ALFONSO XIII - GGSS', '', '', 0, 0, 0, 7, 'PASEO ALFONSO XIII - S/N', '30203', 'CARTAGENA', 30, 0, '', '655301340', '', '', 0, 0, 0, 'Alta'),
(1668, 1, '46000149', 18, 5, 60, '', 'STAND ORANGE CARREFOUR TORREVIEJA - GGSS', '', '', 0, 0, 0, 7, 'CARREFOUR PLANTE TORREVIEJA. CTRA. CRIVILLENTE,  - KM. 34,400', '03180', 'TORREVIEJA', 3, 0, '', '', '', '', 0, 0, 0, 'Alta'),
(1669, 1, '46000152', 18, 5, 60, '', 'STAND ORANGE CARREFOUR VINALOPO - GGSS', '', '', 0, 0, 0, 7, 'CARREFOUR PETRER AUTOVIA ALICANTE-MADRID - KM 36,5', '03610', 'PETRER', 3, 0, '', '', '', '', 0, 0, 0, 'Alta'),
(1670, 1, '49440213', 18, 5, 60, '', 'ESPACIO ORANGE CARREFOUR VINAROZ ', '', '', 0, 0, 0, 7, 'CARREFOUR VINAROS CARRETERA NACIONAL 340 KM 1049 - KM 1049 LCL 2', '12500', 'VINAROZ', 12, 0, '', '', '', '', 0, 0, 0, 'Alta'),
(1671, 1, '49440217', 18, 5, 60, '', 'ESPACIO ORANGE CARREFOUR MASSALFASSAR ', '', '', 0, 0, 0, 7, 'EL MANAR POLIGONO EL MANAR - S/N', '46560', 'MASSALFASSAR', 46, 0, '', '', '', '', 0, 0, 0, 'Alta'),
(1672, 1, '49440232', 18, 5, 60, '', 'ESPACIO ORANGE CARREFOUR EL SALER ', '', '', 0, 0, 0, 7, 'EL SALER AUTOVIA EL SALER - 13', '46013', 'VALENCIA', 46, 0, '', '', '', '', 0, 0, 0, 'Alta'),
(1673, 1, '56000114', 18, 3, 60, '', 'ESPACIO ORANGE CARREFOUR LA GRANADILLA ', '', '', 0, 0, 0, 7, 'CARREFOUR GRANADILLA CALLE JOS', '06011', 'BADAJOZ', 6, 0, '', '652796389', '', '', 0, 0, 0, 'Alta'),
(1674, 1, '56000115', 18, 3, 60, '', 'ESPACIO ORANGE CARREFOUR VILLANUEVA DE LA SERENA ', '', '', 0, 0, 0, 7, 'CARREFOUR VILLANUEVA DE LA SERENA CARRETERA CIRCUNVALACI', '06700', 'VILLANUEVA DE LA SERENA', 6, 0, '', '', '', '', 0, 0, 0, 'Alta'),
(1675, 1, '56000118', 18, 3, 60, '', 'ESPACIO ORANGE CARREFOUR MERIDA ', '', '', 0, 0, 0, 7, 'CARREFOUR MERIDA CARRETERA MADRID-LISBOA,  - S/N', '06800', 'MERIDA', 6, 0, '', '', '', '', 0, 0, 0, 'Alta'),
(1676, 1, '56000119', 18, 3, 60, '', 'ESPACIO ORANGE CARREFOUR CACERES ', '', '', 0, 0, 0, 7, 'CARREFOUR CACERES CARRETERA CTRA. VALENCIA DE ALCANTARA,  - S/N', '10001', 'CACERES', 10, 0, '', '654386215', '', '', 0, 0, 0, 'Alta'),
(1677, 1, '56000122', 18, 3, 60, '', 'ESPACIO ORANGE CARREFOUR MACARENA ', '', '', 0, 0, 0, 7, 'CARREFOUR MACARENA RONDA URBANA NORTE - S/N', '41008', 'SEVILLA', 41, 0, '', '', '', '', 0, 0, 0, 'Alta'),
(1678, 1, '56000123', 18, 3, 60, '', 'ESPACIO ORANGE CARREFOUR BAHIA SUR ', '', '', 0, 0, 0, 7, 'CARREFOUR BAHIA SUR CALLE C/ CA', '11100', 'SAN FERNANDO', 11, 0, '', '', '', '', 0, 0, 0, 'Alta'),
(1679, 1, '56000127', 18, 3, 60, '', 'ESPACIO ORANGE CARREFOUR JEREZ NORTE ', '', '', 0, 0, 0, 7, 'CARREFOUR JEREZ NORTE AVENIDA AV. DE EUROPA,  - S/N', '11405', 'JEREZ DE LA FRONTERA', 11, 0, '', '', '', '', 0, 0, 0, 'Alta'),
(1680, 1, '56000131', 18, 3, 60, '', 'ESPACIO ORANGE CARREFOUR SAN PABLO ', '', '', 0, 0, 0, 7, 'CARREFOUR SAN PABLO AUTOVIA SAN PABLO  - KM 535,6', '41020', 'SEVILLA', 41, 0, '', '', '', '', 0, 0, 0, 'Alta'),
(1681, 1, '56000132', 18, 3, 60, '', 'ESPACIO ORANGE CARREFOUR DOS HERMANAS ', '', '', 0, 0, 0, 7, 'CARREFOUR DOS HERMANAS CARRETERA A-IV,  ESQ. AVDA. DOCTOR FLEMING - KM. 555', '41700', 'DOS HERMANAS', 41, 0, '', '', '', '', 0, 0, 0, 'Alta'),
(1682, 1, '56000134', 18, 3, 60, '', 'ESPACIO ORANGE CARREFOUR CARRETERA VALVERDE ', '', '', 0, 0, 0, 7, 'CARREFOUR VALVEREDE CARRETERA DE VALVERDE DE LEGAN', '06010', 'BADAJOZ', 6, 0, '', '652796389', '', '', 0, 0, 0, 'Alta'),
(1683, 1, '56000161', 18, 3, 60, '', 'STAND ORANGE CARREFOUR ZAHIRA - GGSS', '', '', 0, 0, 0, 7, 'ZAHIRA CARRETERA CARRETERA DE MADRID,  - KM. 400', '14014', 'CORDOBA', 14, 0, '', '', '', '', 0, 0, 0, 'Alta'),
(1684, 1, '56000162', 18, 3, 60, '', 'STAND ORANGE CARREFOUR UBEDA - GGSS', '', '', 0, 0, 0, 7, 'CARREFOUR UBEDA AVENIDA LINARES - S/N', '23400', 'UBEDA', 23, 0, '', '', '', '', 0, 0, 0, 'Alta'),
(1685, 1, '56000163', 18, 3, 60, '', 'STAND ORANGE CARREFOUR HUELVA - GGSS', '', '', 0, 0, 0, 7, 'CARREFOUR HUELVA RONDA EXTERIOR-SUR - S/N', '21007', 'HUELVA', 21, 0, '', '', '', '', 0, 0, 0, 'Alta'),
(1686, 1, '56000171', 18, 3, 60, '', 'STAND ORANGE CARREFOUR MONTEQUINTO - GGSS', '', '', 0, 0, 0, 7, 'CARREFOUR MONTEQUINTO CARRETERA CARRETERA DE UTRERA  - KM. 1', '41013', 'SEVILLA', 41, 0, '', '', '', '', 0, 0, 0, 'Alta'),
(1687, 1, '56000172', 18, 3, 60, '', 'STAND ORANGE CARREFOUR LOS PATIOS - GGSS', '', '', 0, 0, 0, 7, 'PATIOS CARRETERA DE CADIZ KM 241 - S/N', '29004', 'MALAGA', 29, 0, '', '', '', '', 0, 0, 0, 'Alta'),
(1688, 1, '56000173', 18, 3, 60, '', 'STAND ORANGE CARREFOUR SAN JUAN SEVILLA - GGSS', '', '', 0, 0, 0, 7, 'CARREFOUR SAN JUAN CARRETERA SAN JUAN AZNALFARACHE-TOMARES  - KM 1', '41920', 'SAN JUAN DE AZNALFARACHE', 41, 0, '', '', '', '', 0, 0, 0, 'Alta'),
(1689, 1, '56000175', 18, 3, 60, '', 'STAND ORANGE CARREFOUR LOS BARRIOS - GGSS', '', '', 0, 0, 0, 7, 'CARREFOUR LOS BARRIOS CARRETERA CTRA. CADIZ-MALAGA,  - KM. 112.9', '11370', 'LOS BARRIOS', 11, 0, '', '', '', '', 0, 0, 0, 'Alta'),
(1690, 1, '56000176', 18, 3, 60, '', 'STAND ORANGE CARREFOUR LA LINEA - GGSS', '', '', 0, 0, 0, 7, 'GRAN SUR LA LINEA AVENIDA AV. DE LA COLONIA,  - 9', '11300', 'LA LINEA DE LA CONCEPCION', 11, 0, '', '', '', '', 0, 0, 0, 'Alta'),
(1691, 1, '56000177', 18, 3, 60, '', 'STAND ORANGE CARREFOUR EL PASEO - GGSS', '', '', 0, 0, 0, 7, 'EL PASEO CARRETERA CTRA. MADRID CADIZ,  - KM. 653', '11500', 'EL PUERTO DE SANTA MARIA', 11, 0, '', '629722046', '', '', 0, 0, 0, 'Alta'),
(1692, 1, '56000179', 18, 3, 60, '', 'STAND ORANGE CARREFOUR CAMAS - GGSS', '', '', 0, 0, 0, 7, 'ALJARAFE CAMAS CALLE POETA MU', '41900', 'CAMAS', 41, 0, '', '635623947', '', '', 0, 0, 0, 'Alta'),
(1693, 1, '56000180', 18, 3, 60, '', 'STAND ORANGE CARREFOUR ROSALEDA - GGSS', '', '', 0, 0, 0, 7, 'ROSALEDA AVENIDA SIMON BOLIVAR - S/N', '29007', 'MALAGA', 29, 0, '', '', '', '', 0, 0, 0, 'Alta'),
(1694, 1, '56000195', 18, 3, 60, '', 'STAND ORANGE CARREFOUR GRANADA - GGSS', '', '', 0, 0, 0, 7, 'CARREFOUR PLANET CARRETERA ARMILLA - S/N', '18006', 'GRANADA', 18, 0, '', '', '', '', 0, 0, 0, 'Alta'),
(1695, 1, '69440089', 18, 3, 60, '', 'ESPACIO ORANGE CARREFOUR LAS PALMAS ', '', '', 0, 0, 0, 7, 'LAS ARENAS CARRETERA DEL RINCON - S/N', '35010', 'LAS PALMAS DE GRAN CANARIA', 35, 0, '', '', '', '', 0, 0, 0, 'Alta'),
(1696, 1, '69440093', 18, 3, 60, '', 'ESPACIO ORANGE CARREFOUR HOYA DE LA PLATA ', '', '', 0, 0, 0, 7, 'CARREFOUR HOYA DE LA PLATA PASEO SAN JOSE - S/N', '35016', 'LAS PALMAS DE GRAN CANARIA', 35, 0, '', '', '', '', 0, 0, 0, 'Alta'),
(1697, 1, '69990051', 18, 3, 60, '', 'STAND ORANGE CARREFOUR MERIDIANO - GGSS', '', '', 0, 0, 0, 7, 'MERIDIANO AVENIDA MANUEL HERMOSO ROJAS, ESQUINA LA SALLE - ESQUINA LA SALLE', '38005', 'SANTA CRUZ DE TENERIFE', 38, 0, '', '', '', '', 0, 0, 0, 'Alta'),
(1698, 1, '69990052', 18, 3, 60, '', 'STAND ORANGE CARREFOUR VECINDARIO - GGSS', '', '', 0, 0, 0, 7, 'ATLANTICO VECINDARIO,AVENIDA DEL ATLANTICO  - S/N', '35110', 'SANTA LUCIA DE TIRAJANA', 35, 0, '', '', '', '', 0, 0, 0, 'Alta'),
(1699, 1, '19440290', 20, 6, 63, '', 'ESPACIO ORANGE E.LECLERC SALAMANCA ', '', '', 0, 0, 0, 7, 'LECLERC SALAMANCA CALLE LECLERC - 1', '37900', 'CARBAJOSA DE LA SAGRADA', 37, 0, '', '605269278', '', '', 0, 0, 0, 'Alta'),
(1700, 1, '19990229', 20, 1, 63, '', 'ESPACIO ORANGE E.LECLERC ARANJUEZ ', '', '', 0, 0, 0, 7, 'LECLERC ARANJUEZ PASEO DEL DELEITE - S/N', '28300', 'ARANJUEZ', 28, 0, '', '665548681', '', '', 0, 0, 0, 'Alta'),
(1701, 1, '19990292', 20, 1, 63, '', 'STAND ORANGE E.LECLERC CIUDAD REAL - GGSS', '', '', 0, 0, 0, 7, 'LECLERC CIUDAD REAL CARRETERA PORZUNA - S/N', '13005', 'CIUDAD REAL', 13, 0, '', '629722046', '', '', 0, 0, 0, 'Alta'),
(1702, 1, '16690018', 16, 1, 61, '', 'STAND ORANGE MEDIA MARKT BENLLIURE - GGSS', '', '', 0, 0, 0, 8, 'ALCALA - 106', '28009', 'MADRID', 28, 0, '', '', '', '', 0, 0, 0, 'Alta'),
(1703, 1, '16690023', 16, 1, 61, '', 'STAND ORANGE MEDIA MARKT ALCALA - GGSS', '', '', 0, 0, 0, 8, 'humanes (carretera NACIONAL II, km 34)  - 11', '28805', 'ALCALA DE HENARES', 28, 0, '', 'PENDIENTE', '', '', 0, 0, 0, 'Alta'),
(1704, 1, '16690024', 16, 1, 61, '', 'STAND ORANGE MEDIA MARKT COLLADO VILLALBA - GGSS', '', '', 0, 0, 0, 6, 'JUAN CARLOS I, (CARRETERA DE LA CORU', '28400', 'COLLADO VILLALBA', 28, 0, '', 'PENDIENTE', '', '', 0, 0, 0, 'Alta'),
(1705, 1, '16690025', 16, 1, 61, '', 'STAND ORANGE MEDIA MARKT MAJADAHONDA - GGSS', '', '', 0, 0, 0, 8, 'AZAFRAN - 13', '28220', 'MAJADAHONDA', 28, 0, '', '', '', '', 0, 0, 0, 'Alta'),
(1706, 1, '16690026', 16, 1, 61, '', 'STAND ORANGE MEDIA MARKT PLENILUNIO - GGSS', '', '', 0, 0, 0, 8, 'ARRASTARIA - 20', '28022', 'MADRID', 28, 0, '', '', '', '', 0, 0, 0, 'Alta'),
(1707, 1, '16690027', 16, 1, 61, '', 'STAND ORANGE MEDIA MARKT SAN SEBASTIAN - GGSS', '', '', 0, 0, 0, 14, 'N-I, SALIDA 19 - S/N', '28700', 'SAN SEBASTIAN DE LOS REYES', 28, 0, '', '', '', '', 0, 0, 0, 'Alta'),
(1708, 1, '19440293', 16, 6, 61, '', 'ESPACIO ORANGE MEDIAMARKT SALAMANCA ', '', '', 0, 0, 0, 7, 'EL TORMES CALLE CAPUCHINOS. K6 CC LOS CAPUCHINOS CRTA SALAMANCA A SANTA MARTA - S/N', '37900', 'SANTA MARTA DE TORMES', 37, 0, '', '', '', '', 0, 0, 0, 'Alta'),
(1709, 1, '19440294', 16, 6, 61, '', 'ESPACIO ORANGE MEDIA MARKT VALLADOLID ', '', '', 0, 0, 0, 7, 'EQUINOCCIO PARK CRTA 601 KM 3 - S/N', '47610', 'ZARATAN', 47, 0, '', '', '', '', 0, 0, 0, 'Alta'),
(1710, 1, '19440301', 16, 1, 61, '', 'ESPACIO ORANGE MEDIA MARKT CASTELLANA ', '', '', 0, 0, 0, 19, 'DE LA CASTELLANA - 200', '28046', 'MADRID', 28, 0, '', '', '', '', 0, 0, 0, 'Alta'),
(1711, 1, '19990228', 16, 1, 61, '', 'ESPACIO ORANGE MEDIA MARKT VILLAVERDE ', '', '', 0, 0, 0, 7, 'MEDIAMARKT VILLAVERDE CALLE SANTA PETRONILA - 1', '28021', 'MADRID', 28, 0, '', '', '', '', 0, 0, 0, 'Alta'),
(1712, 1, '19990293', 16, 1, 61, '', 'STAND ORANGE MEDIA MARKT ISLA AZUL - GGSS', '', '', 0, 0, 0, 7, 'ISLA AZUL C/ CALDERILLA - 1', '28054', 'MADRID', 28, 0, '', '', '', '', 0, 0, 0, 'Alta'),
(1713, 1, '19990294', 16, 1, 61, '', 'STAND ORANGE MEDIA MARKT ALCORCON - GGSS', '', '', 0, 0, 0, 7, 'MEDIAMARKT ALCORCON CALLE ESTAMBUL EDIFICIO L5 - S/N', '28922', 'ALCORCON', 28, 0, '', '692617456', '', '', 0, 0, 0, 'Alta'),
(1714, 1, '19990295', 16, 1, 61, '', 'STAND ORANGE MEDIA MARKT LEGANES - GGSS', '', '', 0, 0, 0, 8, 'GRAN BRETA', '28916', 'LEGANES', 28, 0, '', '', '', '', 0, 0, 0, 'Alta'),
(1715, 1, '19990296', 16, 1, 61, '', 'STAND ORANGE MEDIA MARKT RIVAS - GGSS', '', '', 0, 0, 0, 8, 'ISAAC PERAL - 2', '28521', 'RIVAS-VACIAMADRID', 28, 0, '', '', '', '', 0, 0, 0, 'Alta'),
(1716, 1, '26000135', 16, 5, 61, '', 'STAND ORANGE MEDIA MARKT CASTELLON - GGSS', '', '', 0, 0, 0, 7, 'CIUDAD DEL TRANSPORTE POLOGONO CIUDAD DEL TRANSPORTE C/GRECIA - 4', '12006', 'CASTELLON DE LA PLANA', 12, 0, '', '695220545', '', '', 0, 0, 0, 'Alta'),
(1717, 1, '29990171', 16, 4, 61, '', 'ESPACIO ORANGE MEDIA MARKT ZARAGOZA ', '', '', 0, 0, 0, 7, 'GRANCASA AVENIDA M', '50015', 'ZARAGOZA', 50, 0, '', '', '', '', 0, 0, 0, 'Alta'),
(1718, 1, '29990173', 16, 4, 61, '', 'ESPACIO ORANGE MEDIA MARKT PUERTO VENECIA ', '', '', 0, 0, 0, 7, 'PUERTO VENECIA AVENIDA PARQUE DE MEDIANAS PUERTO VENECIA, LOCAL 3 Y 4 PARCELA 2 AVDA - S/N', '50021', 'ZARAGOZA', 50, 0, '', '', '', '', 0, 0, 0, 'Alta'),
(1719, 1, '29990238', 16, 7, 61, '', 'STAND ORANGE MEDIA MARKT PAMPLONA - GGSS', '', '', 0, 0, 0, 7, 'GALARIA PARQUE PARQUE COMERCIAL LA GALARIA - 1', '31191', 'GALAR', 31, 0, '', '695228889', '', '', 0, 0, 0, 'Alta'),
(1720, 1, '36000089', 16, 7, 61, '', 'STAND ORANGE MEDIA MARKT SANTANDER - GGSS', '', '', 0, 0, 0, 7, 'ALISAL CALLE C/ JOAQU', '39011', 'SANTANDER', 39, 0, '', '', '', '', 0, 0, 0, 'Alta'),
(1721, 1, '36000090', 16, 6, 61, '', 'STAND ORANGE MEDIA MARKT SIERO - GGSS', '', '', 0, 0, 0, 7, 'PARQUE PRINCIPADO AUTOVIA A-66 - KM 4,5', '33429', 'SIERO', 33, 0, '', '', '', '', 0, 0, 0, 'Alta'),
(1722, 1, '39440178', 16, 6, 61, '', 'ESPACIO ORANGE MEDIA MARKT VIGO ', '', '', 0, 0, 0, 7, 'A LAXE CALLE CANOVAS DEL CASTILLO, PLANTA BAJA LOCAL 8 - S/N', '36202', 'VIGO', 36, 0, '', '', '', '', 0, 0, 0, 'Alta'),
(1723, 1, '39990125', 16, 6, 61, '', 'STAND ORANGE MEDIA MARKT CORU', '', '', 0, 0, 0, 14, 'DE BA', '15008', 'LA CORU', 15, 0, '', '', '', '', 0, 0, 0, 'Alta'),
(1724, 1, '39990126', 16, 6, 61, '', 'STAND ORANGE MEDIA MARKT LUGO - GGSS', '', '', 0, 0, 0, 7, 'AS TERMAS AVENIDAS, AVDA INFANTA - 43 (L 103', '27003', 'LUGO', 27, 0, '', '', '', '', 0, 0, 0, 'Alta'),
(1725, 1, '46000129', 16, 5, 61, '', 'STAND ORANGE MEDIA MARKT QUART DE POBLET - GGSS', '', '', 0, 0, 0, 7, 'MEDIAMARKT QUART DE POBLET CALLE DE LA SALETA - S/N', '46930', 'QUART DE POBLET', 46, 0, '', '', '', '', 0, 0, 0, 'Alta'),
(1726, 1, '46000130', 16, 5, 61, '', 'STAND ORANGE MEDIA MARKT GANDIA - GGSS', '', '', 0, 0, 0, 7, 'MEIDAMARKT GANDIA AVENIDA BLASCO IB', '46701', 'GANDIA', 46, 0, '', '', '', '', 0, 0, 0, 'Alta'),
(1727, 1, '46000131', 16, 5, 61, '', 'STAND ORANGE MEDIA MARKT PALMA MALLORCA - GGSS', '', '', 0, 0, 0, 7, 'OCIMAX CALLE BISBE PERE PUIGDORFILA (C.C CENTRE D', '07010', 'PALMA DE MALLORCA', 7, 0, '', '', '', '', 0, 0, 0, 'Alta'),
(1728, 1, '46000132', 16, 5, 61, '', 'STAND ORANGE MEDIA MARKT ALFAFAR - GGSS', '', '', 0, 0, 0, 7, 'MEDIAMARKT ALFAFAR CALLE ALCALDE JOSE PUERTES - S/N', '46910', 'ALFAFAR', 46, 0, '', '635322319', '', '', 0, 0, 0, 'Alta'),
(1729, 1, '46000133', 16, 5, 61, '', 'STAND ORANGE MEDIA MARKT CAMPANAR - GGSS', '', '', 0, 0, 0, 7, 'MEDIAMARK CAMPANAR AVENIDA DE LAS CORTES VALENCIANAS - 35', '46015', 'VALENCIA', 46, 0, '', '', '', '', 0, 0, 0, 'Alta'),
(1730, 1, '46000134', 16, 5, 61, '', 'STAND ORANGE MEDIA MARKT ALICANTE - GGSS', '', '', 0, 0, 0, 7, 'MEIDAMARTK ALICANTE AVENIDA ANTONIO RAMOS CARRATALA - SN', '03015', 'ALICANTE', 3, 0, '', '691577845', '', '', 0, 0, 0, 'Alta'),
(1731, 1, '46000135', 16, 5, 61, '', 'STAND ORANGE MEDIA MARKT MURCIA - GGSS', '', '', 0, 0, 0, 7, 'MEIDAMARKT RONDA SUR SENDA DE LOS GARRES - S/N', '30011', 'MURCIA', 30, 0, '', '', '', '', 0, 0, 0, 'Alta'),
(1732, 1, '46000136', 16, 5, 61, '', 'STAND ORANGE MEDIA MARKT NUEVA CONDOMINA - GGSS', '', '', 0, 0, 0, 7, 'NUEVA CONDOMINA ATOVIA A7 - KM 760', '30110', 'MURCIA', 30, 0, '', '', '', '', 0, 0, 0, 'Alta'),
(1733, 1, '46000137', 16, 5, 61, '', 'STAND ORANGE MEDIA MARKT ORIHUELA - GGSS', '', '', 0, 0, 0, 7, 'LA ZENIA CALLE JADE - 2', '03189', 'ORIHUELA', 3, 0, '', '', '', '', 0, 0, 0, 'Alta'),
(1734, 1, '46000138', 16, 5, 61, '', 'STAND ORANGE MEDIA MARKT CARTAGENA - GGSS', '', '', 0, 0, 0, 7, 'ESPACIO MEDITETRRANEO POLIGONO INDUSTRIAL CABEZO BEAZA C LONDRES - S/N', '30395', 'CARTAGENA', 30, 0, '', '692698857', '', '', 0, 0, 0, 'Alta'),
(1735, 1, '46000156', 16, 5, 61, '', 'STAND ORANGE MEDIA MARKT VALENCIA COLON - GGSS', '', '', 0, 0, 0, 8, 'COLON - 6', '46004', 'VALENCIA', 46, 0, '', '', '', '', 0, 0, 0, 'Alta'),
(1736, 1, '49440218', 16, 5, 61, '', 'ESPACIO ORANGE SATURN MASSALFASSAR ', '', '', 0, 0, 0, 7, 'EL MANAR POLIGONO EL MANAR - S/N', '46560', 'MASSALFASSAR', 46, 0, '', '', '', '', 0, 0, 0, 'Alta'),
(1737, 1, '56000116', 16, 3, 61, '', 'ESPACIO ORANGE MEDIA MARKT BADAJOZ ', '', '', 0, 0, 0, 7, 'EL FARO AVENIDA DE ELVAS, ESQUINA SANTIAGO SOUTILLO - S/N', '06006', 'BADAJOZ', 6, 0, '', '652796389', '', '', 0, 0, 0, 'Alta'),
(1738, 1, '56000164', 16, 3, 61, '', 'STAND ORANGE MEDIA MARKT C', '', '', 0, 0, 0, 7, 'COMERCIAL CONNECTA, POL', '14013', 'CORDOBA', 14, 0, '', '656908606', '', '', 0, 0, 0, 'Alta'),
(1739, 1, '56000165', 16, 3, 61, '', 'STAND ORANGE MEDIA MARKT HUELVA - GGSS', '', '', 0, 0, 0, 7, 'MARISMAS DE POLVORIN AVENIDA NUEVO COLOMBINO. PLAN PARCIAL 5 PARCELA CO 1 - S/N', '21007', 'HUELVA', 21, 0, '', '', '', '', 0, 0, 0, 'Alta'),
(1740, 1, '56000182', 16, 3, 61, '', 'STAND ORANGE MEDIA MARKT PUERTO REAL - GGSS', '', '', 0, 0, 0, 7, 'MEDIAMARKT PUERTO REAL POLIGONO POL. IND. TRES CAMINOS. C/ CALAMAR - S/N', '11510', 'PUERTO REAL', 11, 0, '', '', '', '', 0, 0, 0, 'Alta'),
(1741, 1, '56000183', 16, 3, 61, '', 'STAND ORANGE MEDIA MARKT LOS BARRIOS - GGSS', '', '', 0, 0, 0, 7, 'CARREFOUR LOS BARRIOS CALLE PARQUE COMERCIAL LAS MARISMAS. C/CABOTAJE, 14\n11379 - PALMONES - LOS BARRIOS (CADIZ) - 14', '11379', 'LOS BARRIOS', 11, 0, '', '', '', '', 0, 0, 0, 'Alta'),
(1742, 1, '56000184', 16, 3, 61, '', 'STAND ORANGE MEDIA MARTK JEREZ - GGSS', '', '', 0, 0, 0, 7, 'MEDIAMARKT JEREZ DE LA FRONTERA CARRETERA NAC.IV  P.I. SUR GUADABAJAQUE - KM 641', '11408', 'JEREZ DE LA FRONTERA', 11, 0, '', '', '', '', 0, 0, 0, 'Alta'),
(1743, 1, '56000185', 16, 3, 61, '', 'STAND ORANGE MEDIA MARKT SAN JUAN DE AZNALFARACHE - GGSS', '', '', 0, 0, 0, 7, 'CAVALERI CARRETERA SEVILLA-MAIRENA DEL ALJARAFE - S/N', '41920', 'SAN JUAN DE AZNALFARACHE', 41, 0, '', '', '', '', 0, 0, 0, 'Alta'),
(1744, 1, '56000186', 16, 3, 61, '', 'STAND ORANGE MEDIA MARK ALCALA DE GUADAIRA - GGSS', '', '', 0, 0, 0, 7, 'LOS ALCORES CARRETERA SEVILLA-MALAGA, KM. 7 FRENTE - KM 7', '41500', 'ALCALA DE GUADAIRA', 41, 0, '', '695228889', '', '', 0, 0, 0, 'Alta'),
(1745, 1, '56000187', 16, 3, 61, '', 'STAND ORANGE MEDIA MARKT SANTA JUSTA - GGSS', '', '', 0, 0, 0, 7, 'EL MIRADOR DE SANTA JUSTA AVENIDA KANSAS CITY - S/N', '41007', 'SEVILLA', 41, 0, '', '', '', '', 0, 0, 0, 'Alta'),
(1746, 1, '56000196', 16, 3, 61, '', 'STAND ORANGE MEDIA MARKT PULIANAS - GGSS', '', '', 0, 0, 0, 7, 'KINEPOLIS PULIANAS CALLE LUIS BU', '18197', 'PULIANAS', 18, 0, '', '', '', '', 0, 0, 0, 'Alta'),
(1747, 1, '69440086', 16, 3, 61, '', 'ESPACIO ORANGE SATURN LAS PALMAS ', '', '', 0, 0, 0, 7, 'LAS ARENAS CARRETERA DEL RINCON - S/N', '35010', 'LAS PALMAS DE GRAN CANARIA', 35, 0, '', '', '', '', 0, 0, 0, 'Alta'),
(1748, 1, '69440088', 16, 3, 61, '', 'ESPACIO ORANGE MEDIA MARKT TELDE - LAS TERRAZAS ', '', '', 0, 0, 0, 7, 'LAS TERRAZAS AUTOVIA GC-1 - KM 5,5', '35220', 'TELDE', 35, 0, '', '', '', '', 0, 0, 0, 'Alta'),
(1749, 1, '69440090', 16, 3, 61, '', 'ESPACIO ORANGE SATURN TENERIFE ', '', '', 0, 0, 0, 7, 'AVENIDA TRES DE MAYO - 5', '38003', 'SANTA CRUZ DE TENERIFE', 38, 0, '', '', '', '', 0, 0, 0, 'Alta'),
(1750, 1, '69440091', 16, 3, 61, '', 'ESPACIO ORANGE MEDIA MARKT LAS PALMAS ', '', '', 0, 0, 0, 7, 'AVENIDA PINTOR FELO MONZON - 7', '35019', 'LAS PALMAS DE GRAN CANARIA', 35, 0, '', '', '', '', 0, 0, 0, 'Alta'),
(1751, 1, '69440092', 16, 3, 61, '', 'ESPACIO ORANGE MEDIA MARKT TENERIFE ', '', '', 0, 0, 0, 7, 'CONTINENTAL CALLE BENTANGAY - 1-3', '38111', 'SANTA CRUZ DE TENERIFE', 38, 0, '', '', '', '', 0, 0, 0, 'Alta'),
(1752, 1, '79440085', 16, 7, 61, '', 'STAND ORANGE MEDIA MARKT BILBONDO - GGSS', '', '', 0, 0, 0, 7, 'BILBONDO BARRIO ZALABANDI B - S/N', '48970', 'BASAURI', 48, 0, '', '656161962', '', '', 0, 0, 0, 'Alta'),
(1753, 1, '79990102', 16, 7, 61, '', 'STAND ORANGE MEDIA MARKT BARAKALDO - GGSS', '', '', 0, 0, 0, 7, 'MEGAPARK BARAKALDO AVENIDA DE LA RIBERA PABELLON 5 - S/N', '48902', 'BARAKALDO', 48, 0, '', '619991199', '', '', 0, 0, 0, 'Alta'),
(1754, 1, '26000131', 16, 4, 62, '', 'STAND ORANGE MEDIA MARKT LLEIDA - GGSS', '', '', 0, 0, 0, 7, 'MEDIAMARK LLEIDA AVENIDA JOSEP IRLA (ESQUINA C/ MARIE CURIE) - ESQUINA C/ MARIE CURIE', '25001', 'LERIDA', 25, 0, '', '', '', '', 0, 0, 0, 'Alta'),
(1755, 1, '26000132', 16, 4, 62, '', 'STAND ORANGE MEDIA MARKT HOSPITALET - GGSS', '', '', 0, 0, 0, 7, 'MEDIAMARKT HOSPITALET AVENIDA MARE DE DEU DE BELLVITGE - 3', '08907', 'HOSPITALET DEL LLOBREGAT', 8, 0, '', '', '', '', 0, 0, 0, 'Alta'),
(1756, 1, '26000133', 16, 4, 62, '', 'STAND ORANGE MEDIA MARKT GAVA - GGSS', '', '', 0, 0, 0, 7, 'BARNASUD PROGRESO, - 69', '08850', 'GAVA', 8, 0, '', '', '', '', 0, 0, 0, 'Alta'),
(1757, 1, '26000134', 16, 4, 62, '', 'STAND ORANGE MEDIA MARKT EL PRAT - GGSS', '', '', 0, 0, 0, 7, 'SPLAU CALLE CENTRO COMERCIAL SPLAU, PLANA DEL GALET N', '08940', 'CORNELLA DE LLOBREGAT', 8, 0, '', '655301343', '', '', 0, 0, 0, 'Alta'),
(1758, 1, '29440146', 16, 4, 62, '', 'ESPACIO ORANGE MEDIA MARKT TARRAGONA ', '', '', 0, 0, 0, 7, 'LES GAVARRES CALLE CALLE 2, PARCELA 5, PIN LES GAVARRES - S/N', '43080', 'TARRAGONA', 43, 0, '', '', '', '', 0, 0, 0, 'Alta'),
(1759, 1, '29990235', 16, 4, 62, '', 'STAND ORANGE MEDIA MARKT SANT CUGAT - GGSS', '', '', 0, 0, 0, 7, 'EROSKI SANTA CUGAT CTRA DE RUBI A SANT CUGAT, KM 4 - S/N', '08190', 'SANT CUGAT DEL VALLES', 8, 0, '', '', '', '', 0, 0, 0, 'Alta'),
(1760, 1, '29990240', 16, 4, 62, '', 'STAND ORANGE MEDIA MARKT PARETS - GGSS', '', '', 0, 0, 0, 7, 'PARETS DEL VALLES CARRER DE LA VOLTA - 2 BAJO LCL 1', '08150', 'PARETS DEL VALLES', 8, 0, '', '', '', '', 0, 0, 0, 'Alta'),
(1761, 1, '29990241', 16, 4, 62, '', 'STAND ORANGE MEDIA MARKT DIAGONAL MAR - GGSS', '', '', 0, 0, 0, 7, 'DIAGONALMAR AVENIDA DIAGONAL LOCAL 1400 - 15', '08019', 'BARCELONA', 8, 0, '', '658182206', '', '', 0, 0, 0, 'Alta'),
(1762, 1, '29990242', 16, 4, 62, '', 'STAND ORANGE MEDIA MARKT BARCELONA - GGSS', '', '', 0, 0, 0, 7, 'LA MAQUINISTA CIUDAD ASUNCION - S/N', '08030', 'BARCELONA', 8, 0, '', '691135685', '', '', 0, 0, 0, 'Alta'),
(1763, 1, '29990243', 16, 4, 62, '', 'STAND ORANGE MEDIA MARKT MATARO - GGSS', '', '', 0, 0, 0, 8, 'ESTRASBURGO - 5', '08304', 'MATARO', 8, 0, '', '', '', '', 0, 0, 0, 'Alta'),
(1764, 1, '29990244', 16, 4, 62, '', 'STAND ORANGE MEDIA MARKT GERONA - GGSS', '', '', 0, 0, 0, 7, 'MEDIAMARKT GIRONA CALLE VITORIA GASTEIZ - 8', '17003', 'GERONA', 17, 0, '', '', '', '', 0, 0, 0, 'Alta'),
(1765, 1, '16000010', 13, 1, 66, '', 'FANS POZUELO CC CIUDAD DE LA IMAGEN', '', '', 0, 0, 0, 7, 'CIUDAD DE LA IMAGEN LOCAL 12 CTRA BOADILLA - KM 1', '28224', 'POZUELO DE ALARCON', 28, 0, '', '', '', '', 0, 0, 0, 'Alta'),
(1766, 1, '16000061', 13, 1, 66, '', 'TCP TOLEDO RIO ALBERCHE', '', '', 0, 0, 0, 8, 'RIO ALBERCHE - 27', '45007', 'TOLEDO', 45, 0, '', '', '', '', 0, 0, 0, 'Alta'),
(1767, 1, '16000138', 13, 6, 66, '', 'TELMUNDO BEJAR', '', '', 0, 0, 0, 8, 'LIBERTAD - 47', '37700', 'BEJAR', 37, 0, '', '923613303', '', '', 0, 0, 0, 'Alta'),
(1768, 1, '16000807', 13, 1, 66, '', 'FANS LAS ROZAS', '', '', 0, 0, 0, 8, 'CUESTA DE SAN FRANCISCO - 13', '28230', 'LAS ROZAS', 28, 0, '', '', '', '', 0, 0, 0, 'Alta'),
(1769, 1, '16450008', 13, 1, 66, '', 'SERTEL ALGETE', '', '', 0, 0, 0, 8, 'ALCALA - 26', '28110', 'ALGETE', 28, 0, '', '916291015', '', '', 0, 0, 0, 'Alta'),
(1770, 1, '16450011', 13, 1, 66, '', 'SERTEL ARGANDA', '', '', 0, 0, 0, 6, 'DEL EJERCITO - 17', '28500', 'ARGANDA DEL REY', 28, 0, '', '918759002', '', '', 0, 0, 0, 'Alta'),
(1771, 1, '16540001', 13, 1, 66, '', 'INDALO CAVANILLES', '', '', 0, 0, 0, 8, 'CAVANILLES - 10', '28007', 'MADRID', 28, 0, '', '', '', '', 0, 0, 0, 'Alta'),
(1772, 1, '16690014', 13, 1, 66, '', 'GLOBALTELCO SABORIT', '', '', 0, 0, 0, 8, 'ANDRES SABORIT - 9', '28802', 'ALCALA DE HENARES', 28, 0, '', '918797738', '', '', 0, 0, 0, 'Alta'),
(1773, 1, '19051305', 13, 7, 66, '', 'CONEXION BURGOS', '', '', 0, 0, 0, 8, 'VITORIA - 91', '09006', 'BURGOS', 9, 0, '', '947212100', '', '', 0, 0, 0, 'Alta'),
(1774, 1, '19052927', 13, 1, 66, '', 'GRUPO PROMOVIL TARANCON', '', '', 0, 0, 0, 8, 'MIGUEL DE CERVANTES - 48', '16400', 'TARANCON', 16, 0, '', '', '', '', 0, 0, 0, 'Alta'),
(1775, 1, '19440060', 13, 1, 66, '', 'TOHNOS MOBILE CUELLAR', '', '', 0, 0, 0, 8, 'CHORRETONES - 6', '40200', 'CUELLAR', 40, 0, '', '921413931', '', '', 0, 0, 0, 'Alta'),
(1776, 1, '19440120', 13, 1, 66, '', 'OSHOP FUENSANTA', '', '', 0, 0, 0, 7, 'FUENSANTA AVDA LA ONU - S/N (L 15', '28936', 'MOSTOLES', 28, 0, '', '', '', '', 0, 0, 0, 'Alta'),
(1777, 1, '19440121', 13, 6, 66, '', 'PLANET ISCAR', '', '', 0, 0, 0, 8, 'ERAS - 6', '47420', 'ISCAR', 47, 0, '', '', '', '', 0, 0, 0, 'Alta'),
(1778, 1, '19440128', 13, 1, 66, '', 'MANCHATEL BOLA', '', '', 0, 0, 0, 8, 'NIEVES - 19', '13260', 'BOLA', 13, 0, '', '926870721', '', '', 0, 0, 0, 'Alta'),
(1779, 1, '19440145', 13, 1, 66, '', 'GRUPO PROMOVIL SAN SEBASTIAN DE LOS REYES', '', '', 0, 0, 0, 8, 'REAL - 7', '28703', 'SAN SEBASTIAN DE LOS REYES', 28, 0, '', '', '', '', 0, 0, 0, 'Alta');
INSERT INTO `pds` (`id_pds`, `client_pds`, `reference`, `type_pds`, `territory`, `panelado_pds`, `dispo`, `commercial`, `cif`, `picture_url`, `m2_fo`, `m2_bo`, `m2_total`, `type_via`, `address`, `zip`, `city`, `province`, `county`, `schedule`, `phone`, `mobile`, `email`, `contact_contact_person`, `contact_in_charge`, `contact_supervisor`, `status`) VALUES
(1780, 1, '19440150', 13, 1, 66, '', 'MANCHATEL ALCAZAR DE SAN JUAN', '', '', 0, 0, 0, 8, 'EMILIO CASTELAR - 46', '13600', 'ALCAZAR DE SAN JUAN', 13, 0, '', '926543203', '', '', 0, 0, 0, 'Alta'),
(1781, 1, '19440151', 13, 1, 66, '', 'TOHNOS MOBILE GALAPAGAR', '', '', 0, 0, 0, 8, 'ESTAFETA - 2', '28260', 'GALAPAGAR', 28, 0, '', '918597183', '', '', 0, 0, 0, 'Alta'),
(1782, 1, '19440257', 13, 1, 66, '', 'OSHOP FERNANDO EL CATOLICO', '', '', 0, 0, 0, 8, 'FERNANDO EL CATOLICO - 77', '28015', 'MADRID', 28, 0, '', '', '', '', 0, 0, 0, 'Alta'),
(1783, 1, '19440258', 13, 1, 66, '', 'OSHOP SAN BERNARDO', '', '', 0, 0, 0, 8, 'SAN BERNARDO - 13', '28015', 'MADRID', 28, 0, '', '', '', '', 0, 0, 0, 'Alta'),
(1784, 1, '19440317', 13, 6, 66, '', 'PROMOVIL TUDELA DE DUERO', '', '', 0, 0, 0, 8, 'SANTO CRISTO - 2', '47320', 'TUDELA DE DUERO', 47, 0, '', '', '', '', 0, 0, 0, 'Alta'),
(1785, 1, '19440330', 13, 1, 66, '', 'promovil SAN CLEMENTE', '', '', 0, 0, 0, 8, 'BOTEROS - 47', '16600', 'SAN CLEMENTE', 16, 0, '', '', '', '', 0, 0, 0, 'Alta'),
(1786, 1, '19440332', 13, 1, 66, '', 'CONVERSA LA SOLANA', '', '', 0, 0, 0, 8, 'CARRERA - 50', '13240', 'LA SOLANA', 13, 0, '', '', '', '', 0, 0, 0, 'Alta'),
(1787, 1, '19440335', 13, 1, 66, '', 'MANCHATEL QUINTANAR ORDEN', '', '', 0, 0, 0, 8, 'GRANDE - 48', '45800', 'QUINTANAR DE LA ORDEN', 45, 0, '', '', '', '', 0, 0, 0, 'Alta'),
(1788, 1, '19441248', 13, 1, 66, '', 'MANCHATEL MANZANARES', '', '', 0, 0, 0, 8, 'PADRES CAPUCHINOS - 4', '13200', 'MANZANARES', 13, 0, '', '', '', '', 0, 0, 0, 'Alta'),
(1789, 1, '19446204', 13, 6, 66, '', 'TOHNOS RONDILLA (VA)', '', '', 0, 0, 0, 8, 'CARDENAL CISNEROS - 14', '47010', 'VALLADOLID', 47, 0, '', '', '', '', 0, 0, 0, 'Alta'),
(1790, 1, '19446404', 13, 6, 66, '', 'TOHNOS PARQUESOL', '', '', 0, 0, 0, 8, 'ADOLFO MIAJA DE LA MUELA - 5', '47014', 'VALLADOLID', 47, 0, '', '', '', '', 0, 0, 0, 'Alta'),
(1791, 1, '19446926', 13, 6, 66, '', 'PLANET VALLADOLID', '', '', 0, 0, 0, 8, 'SAN LAZARO - 15', '47009', 'VALLADOLID', 47, 0, '', '', '', '', 0, 0, 0, 'Alta'),
(1792, 1, '19447026', 13, 1, 66, '', 'GRUPO PROMOVIL LA VEGA ALCOBENDAS', '', '', 0, 0, 0, 7, 'ALCAMPO LA VEGA AVDA OLIMPICA - 9 (LB11)', '28108', 'ALCOBENDAS', 28, 0, '', '914904879', '', '', 0, 0, 0, 'Alta'),
(1793, 1, '19447348', 13, 5, 66, '', 'MANCHATEL VILLARROBLEDO', '', '', 0, 0, 0, 8, 'GRACIANO ATIENZA - 1', '02600', 'VILLARROBLEDO', 2, 0, '', '', '', '', 0, 0, 0, 'Alta'),
(1794, 1, '19447426', 13, 6, 66, '', 'PLANET ZAMORA', '', '', 0, 0, 0, 8, 'HERREROS - 44', '49600', 'BENAVENTE', 49, 0, '', '980632448', '', '', 0, 0, 0, 'Alta'),
(1795, 1, '19448860', 13, 1, 66, '', 'OSHOP LEGANES II', '', '', 0, 0, 0, 6, 'FUENLABRADA - 34', '28912', 'LEGANES', 28, 0, '', '', '', '', 0, 0, 0, 'Alta'),
(1796, 1, '19448882', 13, 1, 66, '', 'CONEXION ATOCHA', '', '', 0, 0, 0, 8, 'ATOCHA - 63', '28012', 'MADRID', 28, 0, '', '', '', '', 0, 0, 0, 'Alta'),
(1797, 1, '19449371', 13, 1, 66, '', 'GRUPO PROMOVIL TOLEDO II OLIAS DEL REY', '', '', 0, 0, 0, 7, 'CENTRO COMERCIAL Y DE OCIO PUERTA DE TOLEDO - S/N', '45280', 'OLIAS DEL REY', 45, 0, '', '', '', '', 0, 0, 0, 'Alta'),
(1798, 1, '19449526', 13, 1, 66, '', 'CONEXION ALCAZAR DE SAN JUAN', '', '', 0, 0, 0, 8, 'ALVAREZ GUERRA - 12', '13600', 'ALCAZAR DE SAN JUAN', 13, 0, '', '926551262', '', '', 0, 0, 0, 'Alta'),
(1799, 1, '19990011', 13, 1, 66, '', 'YOUR PHONE GUZMAN EL BUENO', '', '', 0, 0, 0, 8, 'GUZMAN EL BUENO - 75', '28015', 'MADRID', 28, 0, '', '', '', '', 0, 0, 0, 'Alta'),
(1800, 1, '19990022', 13, 1, 66, '', 'YOUR PHONE AVENIDA DONOSTIARRA', '', '', 0, 0, 0, 6, 'DONOSTIARRA - 27', '28027', 'MADRID', 28, 0, '', '', '', '', 0, 0, 0, 'Alta'),
(1801, 1, '19990044', 13, 1, 66, '', 'YOUR PHONE CENTRO OESTE', '', '', 0, 0, 0, 7, 'CENTRO OESTE LOCAL 46 C/ MORERAS, 2 POLIGONO I EL CARRALEJO - 2', '28222', 'MAJADAHONDA', 28, 0, '', '', '', '', 0, 0, 0, 'Alta'),
(1802, 1, '19990063', 13, 6, 66, '', 'TOHNOS CIG', '', '', 0, 0, 0, 8, 'CIG', '47012', 'VALLADOLID', 47, 0, '', '', '', '', 0, 0, 0, 'Alta'),
(1803, 1, '19990078', 13, 1, 66, '', 'MANCHATEL DAIMIEL', '', '', 0, 0, 0, 20, 'DE ESPA', '13250', 'DAIMIEL', 13, 0, '', '926854946', '', '', 0, 0, 0, 'Alta'),
(1804, 1, '19990092', 13, 1, 66, '', 'HELLO PUERTOLLANO', '', '', 0, 0, 0, 19, 'SAN GREGORIO - 39', '13500', 'PUERTOLLANO', 13, 0, '', '', '', '', 0, 0, 0, 'Alta'),
(1805, 1, '19990180', 13, 1, 66, '', 'TELMASUR ALCALA', '', '', 0, 0, 0, 8, 'MAESTRO ALONSO - 1', '28028', 'MADRID', 28, 0, '', '', '', '', 0, 0, 0, 'Alta'),
(1806, 1, '19990191', 13, 1, 66, '', 'YOUR PHONE HUMANES', '', '', 0, 0, 0, 8, 'MADRID - 60', '28970', 'HUMANES', 28, 0, '', '', '', '', 0, 0, 0, 'Alta'),
(1807, 1, '19990192', 13, 1, 66, '', 'YOUR PHONE LEGANES', '', '', 0, 0, 0, 6, 'JUAN CARLOS I - 91', '28961', 'LEGANES', 28, 0, '', '', '', '', 0, 0, 0, 'Alta'),
(1808, 1, '19990210', 13, 7, 66, '', 'COMUNICALIA ESTACION', '', '', 0, 0, 0, 8, 'LA ESTACION - 14', '09200', 'MIRANDA DE EBRO', 9, 0, '', '', '', '', 0, 0, 0, 'Alta'),
(1809, 1, '19990211', 13, 7, 66, '', 'COMUNICALIA MEDINA DE POMAR', '', '', 0, 0, 0, 20, 'SOMOVILLA - S/N', '09500', 'MEDINA DE POMAR', 9, 0, '', '', '', '', 0, 0, 0, 'Alta'),
(1810, 1, '19990212', 13, 7, 66, '', 'COMUNICALIA C MADRID', '', '', 0, 0, 0, 8, 'MADRID - 10', '09002', 'BURGOS', 9, 0, '', '947261223', '', '', 0, 0, 0, 'Alta'),
(1811, 1, '19990218', 13, 1, 66, '', 'TELMASUR ACACIAS', '', '', 0, 0, 0, 19, 'DE LAS ACACIAS - 11', '28005', 'MADRID', 28, 0, '', '', '', '', 0, 0, 0, 'Alta'),
(1812, 1, '19990243', 13, 1, 66, '', 'TELMASUR PASILLO VERDE', '', '', 0, 0, 0, 19, 'DOCTOR VALLEJO NAGERA - 48', '28005', 'MADRID', 28, 0, '', '', '', '', 0, 0, 0, 'Alta'),
(1813, 1, '19990251', 13, 1, 66, '', 'TELMASUR TORRIJOS', '', '', 0, 0, 0, 6, 'DE LA ESTACION - 18', '45500', 'TORRIJOS', 45, 0, '', '', '', '', 0, 0, 0, 'Alta'),
(1814, 1, '19990252', 13, 1, 66, '', 'TELMASUR FUENSALIDA', '', '', 0, 0, 0, 6, 'CRISTO DEL AMPARO - 70', '45510', 'FUENSALIDA', 45, 0, '', '670721721', '', '', 0, 0, 0, 'Alta'),
(1815, 1, '19990267', 13, 1, 66, '', 'TELMASUR ALCALA DE HENARES', '', '', 0, 0, 0, 8, 'FEDERICO GARCIA LORCA - S/N L6', '28805', 'ALCALA DE HENARES', 28, 0, '', '918774847', '', '', 0, 0, 0, 'Alta'),
(1816, 1, '19991743', 13, 1, 66, '', 'GRUPO PROMOVIL TOLEDO', '', '', 0, 0, 0, 6, 'RIO BOLADIEZ - S/N', '45007', 'TOLEDO', 45, 0, '', '', '', '', 0, 0, 0, 'Alta'),
(1817, 1, '19993165', 13, 1, 66, '', 'HELLO MADRID SUR', '', '', 0, 0, 0, 7, 'EROSKI LOCAL PLANTA BAJA 91 AVD PABLO NERUDA - 91', '28018', 'MADRID', 28, 0, '', '', '', '', 0, 0, 0, 'Alta'),
(1818, 1, '19993943', 13, 1, 66, '', 'HELLO COSLADA', '', '', 0, 0, 0, 7, 'LA RAMBLA C/HONDURAS - 25 (L 5', '28822', 'COSLADA', 28, 0, '', '916730062', '', '', 0, 0, 0, 'Alta'),
(1819, 1, '26000008', 13, 7, 66, '', 'MILENIA LOGRO', '', '', 0, 0, 0, 8, 'JUAN XXIII - 14', '26003', 'LOGRO', 26, 0, '', '', '', '', 0, 0, 0, 'Alta'),
(1820, 1, '26000014', 13, 7, 66, '', 'MILENIA TUDELA', '', '', 0, 0, 0, 7, 'PUENTE DE LA RIBERA LOCAL 11-17CRTA DE ZARAGOZA - S/N', '31500', 'TUDELA', 31, 0, '', '', '', '', 0, 0, 0, 'Alta'),
(1821, 1, '26000121', 13, 7, 66, '', 'MILENIA LA PAZ', '', '', 0, 0, 0, 6, 'LA PAZ - 69', '26004', 'LOGRO', 26, 0, '', '', '', '', 0, 0, 0, 'Alta'),
(1822, 1, '26360006', 13, 4, 66, '', 'KIWITEL SANTA PERPETUA DE MOGODA', '', '', 0, 0, 0, 18, 'EL NOI DEL SUCRE - 6 BAJO', '08130', 'SANTA PERPETUA DE MOGODA', 8, 0, '', '', '', '', 0, 0, 0, 'Alta'),
(1823, 1, '26360011', 13, 4, 66, '', 'KIWITEL VILANOVA', '', '', 0, 0, 0, 8, 'JOSEP COROLEU - 70-74', '08800', 'VILANOVA I LA GELTRU', 8, 0, '', '', '', '', 0, 0, 0, 'Alta'),
(1824, 1, '26360012', 13, 4, 66, '', 'KIWITEL IGUALADA', '', '', 0, 0, 0, 6, 'BALMES - 61', '08700', 'IGUALADA', 8, 0, '', '', '', '', 0, 0, 0, 'Alta'),
(1825, 1, '26360013', 13, 4, 66, '', 'KIWITEL SANT FELIU', '', '', 0, 0, 0, 8, 'LAUREANO MIRO - 252', '08980', 'SANT FELIU DE LLOBREGAT', 8, 0, '', '', '', '', 0, 0, 0, 'Alta'),
(1826, 1, '28810004', 13, 7, 66, '', 'FANS PARQUERIOJA', '', '', 0, 0, 0, 7, 'PARQUERIOJA - CAMINO DE LAS TEJERAS LOCAL 8 - 4', '26008', 'LOGRO', 26, 0, '', '', '', '', 0, 0, 0, 'Alta'),
(1827, 1, '28810010', 13, 5, 66, '', 'FANS MELIANA', '', '', 0, 0, 0, 8, 'REY DON JAIME I - 7', '46133', 'MELIANA', 46, 0, '', '', '', '', 0, 0, 0, 'Alta'),
(1828, 1, '29049438', 13, 7, 66, '', 'DIGITAL PHONE PAMPLONA', '', '', 0, 0, 0, 6, 'PIO XII - 6', '31008', 'PAMPLONA', 31, 0, '', '', '', '', 0, 0, 0, 'Alta'),
(1829, 1, '29440068', 13, 4, 66, '', 'GRUPO JATEL CADIZ', '', '', 0, 0, 0, 8, 'CADIZ - 8', '50004', 'ZARAGOZA', 50, 0, '', '', '', '', 0, 0, 0, 'Alta'),
(1830, 1, '29440071', 13, 4, 66, '', 'CONEXION ALCAMPO SANT BOI', '', '', 0, 0, 0, 7, 'C. CIAL ALCAMPO SANT BOI - C/ALBEREDES PIN LAS SALINAS - 6', '08830', 'SANT BOI DE LLOBREGAT', 8, 0, '', '', '', '', 0, 0, 0, 'Alta'),
(1831, 1, '29445649', 13, 4, 66, '', 'ESTEL.COM LA SEU', '', '', 0, 0, 0, 8, 'SANT JOSEP DE CALASSANC - 15', '25700', 'LA SEU DE URGELL', 25, 0, '', '', '', '', 0, 0, 0, 'Alta'),
(1832, 1, '29447450', 13, 4, 66, '', 'ILERTEL MOSSEN BELLPUIG', '', '', 0, 0, 0, 8, 'MOSSEN BELLPUIG LOCAL C - 12', '43500', 'TORTOSA', 43, 0, '', '', '', '', 0, 0, 0, 'Alta'),
(1833, 1, '29448150', 13, 4, 66, '', 'CONEXION BARCELONA MARAGALL', '', '', 0, 0, 0, 19, 'MARAGALL - 66', '08041', 'BARCELONA', 8, 0, '', '934365004', '', '', 0, 0, 0, 'Alta'),
(1834, 1, '29448227', 13, 4, 66, '', 'CONEXION SANT JOAN DESPI', '', '', 0, 0, 0, 6, 'BARCELONA 33 LOCAL 2 - 33', '08970', 'SANT JOAN DESPI', 8, 0, '', '', '', '', 0, 0, 0, 'Alta'),
(1835, 1, '29448405', 13, 7, 66, '', 'CONEXION BURLADA', '', '', 0, 0, 0, 8, 'MERINDAD DE SANGUESA - 5', '31600', 'BURLADA', 31, 0, '', '948149786', '', '', 0, 0, 0, 'Alta'),
(1836, 1, '29990003', 13, 4, 66, '', 'TELRED TORROELLA', '', '', 0, 0, 0, 19, 'CATALUNYA - 80', '17257', 'TORROELLA DE MONTGRI', 17, 0, '', '', '', '', 0, 0, 0, 'Alta'),
(1837, 1, '29990011', 13, 7, 66, '', 'ONJOY CALAHORRA', '', '', 0, 0, 0, 7, 'EROSKI CRTA LOGRO', '26500', 'CALAHORRA', 26, 0, '', '941146301', '', '', 0, 0, 0, 'Alta'),
(1838, 1, '29990038', 13, 4, 66, '', 'YOUR PHONE SABADELL ESPRONCEDA', '', '', 0, 0, 0, 8, 'ESPRONCEDA BAJOS - 39', '08204', 'SABADELL', 8, 0, '', '', '', '', 0, 0, 0, 'Alta'),
(1839, 1, '29990076', 13, 4, 66, '', 'PROXIMA SANT CELONI', '', '', 0, 0, 0, 8, 'ANSELM CLAVE - 19', '08470', 'SANT CELONI', 8, 0, '', '', '', '', 0, 0, 0, 'Alta'),
(1840, 1, '29990080', 13, 4, 66, '', 'ISP RIPOLLET', '', '', 0, 0, 0, 21, 'SANT ESTEVE - 10', '08291', 'RIPOLLET', 8, 0, '', '', '', '', 0, 0, 0, 'Alta'),
(1841, 1, '29990147', 13, 4, 66, '', 'PROXIMA MATARO CAMI DE LA GEGANTA', '', '', 0, 0, 0, 10, 'DE LA GEGANTA - 21', '08302', 'MATARO', 8, 0, '', '', '', '', 0, 0, 0, 'Alta'),
(1842, 1, '29990149', 13, 4, 66, '', 'PROXIMA RUBI', '', '', 0, 0, 0, 8, 'FRANCESC MACIA - 50', '08191', 'RUBI', 8, 0, '', '', '', '', 0, 0, 0, 'Alta'),
(1843, 1, '29990155', 13, 4, 66, '', 'PROXIMA VILASECA', '', '', 0, 0, 0, 8, 'RIERA BAJOS - 65', '43480', 'VILASECA', 43, 0, '', '', '', '', 0, 0, 0, 'Alta'),
(1844, 1, '29990165', 13, 7, 66, '', 'COMUNICALIA AZPILICUETA', '', '', 0, 0, 0, 8, 'MARTIN AZPILICUETA - 16', '31011', 'PAMPLONA', 31, 0, '', '', '', '', 0, 0, 0, 'Alta'),
(1845, 1, '29990166', 13, 7, 66, '', 'COMUNICALIA ANSOAIN', '', '', 0, 0, 0, 8, 'LAPURBIDE - 1', '31013', 'ANSOAIN', 31, 0, '', '948141249', '', '', 0, 0, 0, 'Alta'),
(1846, 1, '29990194', 13, 4, 66, '', 'YOUR PHONE BADALONA PEP VENTURA', '', '', 0, 0, 0, 8, 'ALFONS XIII - 22 BJ', '08912', 'BADALONA', 8, 0, '', '934611663', '', '', 0, 0, 0, 'Alta'),
(1847, 1, '29990199', 13, 4, 66, '', 'BCTEL CALAFELL', '', '', 0, 0, 0, 8, 'MONTSERRAT BAJOS - 10', '43820', 'CALAFELL', 43, 0, '', '977693399', '', '', 0, 0, 0, 'Alta'),
(1848, 1, '29990203', 13, 4, 66, '', 'YOUR PHONE VILADECANS', '', '', 0, 0, 0, 8, 'DOS DE MAYO - 44', '08840', 'VILADECANS', 8, 0, '', '', '', '', 0, 0, 0, 'Alta'),
(1849, 1, '29990205', 13, 4, 66, '', 'PROXIMA CAMBRILS', '', '', 0, 0, 0, 20, 'ARAGON - 8', '43850', 'CAMBRILS', 43, 0, '', '977351282', '', '', 0, 0, 0, 'Alta'),
(1850, 1, '29990206', 13, 4, 66, '', 'PROXIMA SALOU', '', '', 0, 0, 0, 8, 'VIA ROMA, LOCAL 5 - 1', '43840', 'SALOU', 43, 0, '', '', '', '', 0, 0, 0, 'Alta'),
(1851, 1, '29990226', 13, 7, 66, '', 'COMTIGO HARO', '', '', 0, 0, 0, 8, 'LA VENTILLA - 65', '26200', 'HARO', 26, 0, '', '', '', '', 0, 0, 0, 'Alta'),
(1852, 1, '29990227', 13, 7, 66, '', 'COMTIGO CALAHORRA', '', '', 0, 0, 0, 8, 'MARTIRES - 4', '26500', 'CALAHORRA', 26, 0, '', '941148868', '', '', 0, 0, 0, 'Alta'),
(1853, 1, '29990228', 13, 4, 66, '', 'ONDALIBRE ZARAGOZA AV MADRID', '', '', 0, 0, 0, 6, 'MADRID - 106', '50010', 'ZARAGOZA', 50, 0, '', '', '', '', 0, 0, 0, 'Alta'),
(1854, 1, '29990229', 13, 4, 66, '', 'PROXMA CASANOVA', '', '', 0, 0, 0, 8, 'CASANOVA - 136-138', '08036', 'BARCELONA', 8, 0, '', '691368689', '', '', 0, 0, 0, 'Alta'),
(1855, 1, '29990230', 13, 4, 66, '', 'PROXIMA TERRASSA', '', '', 0, 0, 0, 6, 'JACQUARD - 60', '08222', 'TERRASSA', 8, 0, '', '', '', '', 0, 0, 0, 'Alta'),
(1856, 1, '29990255', 13, 4, 66, '', 'RECICLAJES ECOPLANA LLEIDA', '', '', 0, 0, 0, 8, 'PINTOR XAVIER GOSE BAJOS - 5', '25005', 'LERIDA', 25, 0, '', '', '', '', 0, 0, 0, 'Alta'),
(1857, 1, '29990256', 13, 4, 66, '', 'RECICLAJES ECOPLANA VIELHA', '', '', 0, 0, 0, 6, 'PAS D ARRO - 25', '25530', 'VIELHA', 25, 0, '', '', '', '', 0, 0, 0, 'Alta'),
(1858, 1, '29990257', 13, 4, 66, '', 'RECICLAJES ECOPLANA TARREGA', '', '', 0, 0, 0, 6, 'CATALUNYA - 55', '25300', 'TARREGA', 25, 0, '', '', '', '', 0, 0, 0, 'Alta'),
(1859, 1, '29992555', 13, 4, 66, '', 'ISP CARREFOUR TARRASA', '', '', 0, 0, 0, 7, 'CARREFOUR TERRASSA AUTOPISTA C 58 KM 17.800 LOCAL 20 - S/N', '08228', 'TERRASSA', 8, 0, '', '', '', '', 0, 0, 0, 'Alta'),
(1860, 1, '29993088', 13, 4, 66, '', 'DIGITAL PHONE SOBRARBE', '', '', 0, 0, 0, 8, 'SOBRARBE - 39', '50015', 'ZARAGOZA', 50, 0, '', '', '', '', 0, 0, 0, 'Alta'),
(1861, 1, '29993133', 13, 4, 66, '', 'PROXIMA BARCELONA POBLE NOU', '', '', 0, 0, 0, 21, 'DEL POBLE NOU - 84', '08005', 'BARCELONA', 8, 0, '', '695456969', '', '', 0, 0, 0, 'Alta'),
(1862, 1, '29993299', 13, 4, 66, '', 'DIGITAL PHONE JACA', '', '', 0, 0, 0, 7, 'EROSKI POLIGONO CAMPANCIAN S/N ETAPA 1 LOCAL 10 - S/N', '22700', 'JACA', 22, 0, '', '', '', '', 0, 0, 0, 'Alta'),
(1863, 1, '29993500', 13, 4, 66, '', 'CONEXION ZARAGOZA ROMA', '', '', 0, 0, 0, 8, 'ESCOSURA ANGULAR PLAZA ROMA LOCAL - 46', '50005', 'ZARAGOZA', 50, 0, '', '', '', '', 0, 0, 0, 'Alta'),
(1864, 1, '29993622', 13, 4, 66, '', 'RUBI MULTIMEDIA', '', '', 0, 0, 0, 8, 'ABAT ESCARRE BAJOS - 11', '08191', 'RUBI', 8, 0, '', '', '', '', 0, 0, 0, 'Alta'),
(1865, 1, '29993877', 13, 4, 66, '', 'YOUR PHONE SANTA COLOMA DE GRAMANET', '', '', 0, 0, 0, 6, 'DE LA GENERALITAT - 12', '08922', 'SANTA COLOMA DE GRAMENET', 8, 0, '', '', '', '', 0, 0, 0, 'Alta'),
(1866, 1, '29994000', 13, 7, 66, '', 'DIGITAL PHONE TAFALLA', '', '', 0, 0, 0, 20, 'CORTES - 2', '31300', 'TAFALLA', 31, 0, '', '', '', '', 0, 0, 0, 'Alta'),
(1867, 1, '29994133', 13, 4, 66, '', 'ISP JOAN PRIM GRLLERS', '', '', 0, 0, 0, 8, 'JOAN PRIM - 55', '08400', 'GRANOLLERS', 8, 0, '', '', '', '', 0, 0, 0, 'Alta'),
(1868, 1, '29994266', 13, 4, 66, '', 'PROXIMA CALELLA', '', '', 0, 0, 0, 8, 'IGLESIA - 185', '08370', 'CALELLA', 8, 0, '', '692680227', '', '', 0, 0, 0, 'Alta'),
(1869, 1, '36000001', 13, 6, 66, '', 'MILENIA LOS PRADOS', '', '', 0, 0, 0, 7, 'LOS PRADOS AVDA FERNANDEZ LADRERA - S/N', '33011', 'OVIEDO', 33, 0, '', '', '', '', 0, 0, 0, 'Alta'),
(1870, 1, '36000005', 13, 7, 66, '', 'MILENIA TORRELAVEGA', '', '', 0, 0, 0, 8, 'CONSOLACION - 9', '39300', 'TORRELAVEGA', 39, 0, '', '', '', '', 0, 0, 0, 'Alta'),
(1871, 1, '36000025', 13, 6, 66, '', 'MILENIA CORU', '', '', 0, 0, 0, 8, 'LA TORRE - 39', '15002', 'LA CORU', 15, 0, '', '', '', '', 0, 0, 0, 'Alta'),
(1872, 1, '36000026', 13, 6, 66, '', 'MILENIA ESTRADA', '', '', 0, 0, 0, 20, 'DE GALICIA - 19', '36680', 'LA ESTRADA', 36, 0, '', '', '', '', 0, 0, 0, 'Alta'),
(1873, 1, '36000028', 13, 6, 66, '', 'MILENIA CARBALLO', '', '', 0, 0, 0, 8, 'FOMENTO DE LA VILLA - 9', '15100', 'CARBALLO', 15, 0, '', '981701850', '', '', 0, 0, 0, 'Alta'),
(1874, 1, '36000081', 13, 6, 66, '', 'MILENIA CEE', '', '', 0, 0, 0, 8, 'ZONA RECHEO - S/N', '15270', 'CEE', 15, 0, '', '981746552', '', '', 0, 0, 0, 'Alta'),
(1875, 1, '39440029', 13, 6, 66, '', 'DUATEL PONTEVEDRA 2', '', '', 0, 0, 0, 8, 'BENITO CORBAL - 38', '36001', 'PONTEVEDRA', 36, 0, '', '', '', '', 0, 0, 0, 'Alta'),
(1876, 1, '39440043', 13, 6, 66, '', 'PLANET LEON 4 CRUCERO', '', '', 0, 0, 0, 6, 'QUEVEDO - 23', '24009', 'LEON', 24, 0, '', '', '', '', 0, 0, 0, 'Alta'),
(1877, 1, '39440053', 13, 6, 66, '', 'TOHNOS POLA', '', '', 0, 0, 0, 8, 'CONDE SANTA BARBARA DE LUGONES - 5', '33510', 'SIERO', 33, 0, '', '', '', '', 0, 0, 0, 'Alta'),
(1878, 1, '39440065', 13, 6, 66, '', 'CONEXION PORTONOVO', '', '', 0, 0, 0, 14, 'LA LANZADA - 36', '36970', 'SANXENXO', 36, 0, '', '', '', '', 0, 0, 0, 'Alta'),
(1879, 1, '39440068', 13, 6, 66, '', 'CONEXION CAUDALIA', '', '', 0, 0, 0, 7, 'CAUDALIA LOCAL 54 - AVDA DEL CAMINO - 1', '33600', 'MIERES', 33, 0, '', '', '', '', 0, 0, 0, 'Alta'),
(1880, 1, '39440079', 13, 6, 66, '', 'OSHOP BERTAMIRANS', '', '', 0, 0, 0, 6, 'DE LA MAHIA - 73', '15220', 'AMES', 15, 0, '', '881977306', '', '', 0, 0, 0, 'Alta'),
(1881, 1, '39440188', 13, 6, 66, '', 'DUATEL ESPACIO CORU', '', '', 0, 0, 0, 7, 'ESPACIO CORU', '15008', 'LA CORU', 15, 0, '', '', '', '', 0, 0, 0, 'Alta'),
(1882, 1, '39440210', 13, 6, 66, '', 'PLANET LEON SAN MAMES', '', '', 0, 0, 0, 8, 'SAN MAMES - 3', '24007', 'LEON', 24, 0, '', '', '', '', 0, 0, 0, 'Alta'),
(1883, 1, '39445328', 13, 7, 66, '', 'CONEXION CAMILO ALONSO', '', '', 0, 0, 0, 8, 'CAMILO ALONSO VEGA - 2', '39004', 'SANTANDER', 39, 0, '', '', '', '', 0, 0, 0, 'Alta'),
(1884, 1, '39446106', 13, 6, 66, '', 'CONEXION LLANES', '', '', 0, 0, 0, 8, 'DEL PIDAL - 5', '33500', 'LLANES', 33, 0, '', '', '', '', 0, 0, 0, 'Alta'),
(1885, 1, '39446240', 13, 6, 66, '', 'CONEXION CANGAS DE NARCEA', '', '', 0, 0, 0, 8, 'MAYOR - 42', '33800', 'CANGAS DEL NARCEA', 33, 0, '', '985812706', '', '', 0, 0, 0, 'Alta'),
(1886, 1, '39446284', 13, 6, 66, '', 'CONEXION GRADO', '', '', 0, 0, 0, 19, 'DE LA MAGDALENA - 2', '33820', 'GRADO', 33, 0, '', '', '', '', 0, 0, 0, 'Alta'),
(1887, 1, '39446562', 13, 6, 66, '', 'CONEXION ARTEIXO', '', '', 0, 0, 0, 6, 'BALNEARIO - 32', '15142', 'ARTEIXO', 15, 0, '', '981641492', '', '', 0, 0, 0, 'Alta'),
(1888, 1, '39446617', 13, 6, 66, '', 'CONEXION SADA', '', '', 0, 0, 0, 8, 'PONTEDEUME - 4', '15160', 'SADA', 15, 0, '', '', '', '', 0, 0, 0, 'Alta'),
(1889, 1, '39990049', 13, 6, 66, '', 'COMUNICALIA FERROL', '', '', 0, 0, 0, 8, 'REAL - 72', '15402', 'FERROL', 15, 0, '', '981350769', '', '', 0, 0, 0, 'Alta'),
(1890, 1, '39990073', 13, 6, 66, '', 'COMUNICALIA SCHULTZ', '', '', 0, 0, 0, 8, 'SCHULTZ - 105', '33208', 'GIJON', 33, 0, '', '', '', '', 0, 0, 0, 'Alta'),
(1891, 1, '39990088', 13, 7, 66, '', 'COMUNICALIA COLINDRES', '', '', 0, 0, 0, 8, 'HELIODORO FERNANDEZ - 14', '39750', 'COLINDRES', 39, 0, '', '942651524', '', '', 0, 0, 0, 'Alta'),
(1892, 1, '39990089', 13, 7, 66, '', 'COMUNICALIA SANTO', '', '', 0, 0, 0, 8, 'SERNA OCCINA - 1 LCL L-4', '39740', 'SANTO', 39, 0, '', '', '', '', 0, 0, 0, 'Alta'),
(1893, 1, '39990107', 13, 6, 66, '', 'ESTELA NORTE NAVIA', '', '', 0, 0, 0, 8, 'LA OLGA - 7', '33710', 'NAVIA', 33, 0, '', '', '', '', 0, 0, 0, 'Alta'),
(1894, 1, '39990116', 13, 6, 66, '', 'MILENIA CC ALCAMPO', '', '', 0, 0, 0, 14, 'NACIONAL KM 467 - S/N (L5)', '33211', 'GIJON', 33, 0, '', '', '', '', 0, 0, 0, 'Alta'),
(1895, 1, '39990117', 13, 6, 66, '', 'MILENIA VALNALON', '', '', 0, 0, 0, 14, 'AS-17 KM 47 - S/N', '33940', 'SAN MARTIN DEL REY AURELIO', 33, 0, '', '', '', '', 0, 0, 0, 'Alta'),
(1896, 1, '39990118', 13, 6, 66, '', 'ESTELA NORTE GUARDO', '', '', 0, 0, 0, 6, 'DE ASTURIAS - 9', '34880', 'GUARDO', 34, 0, '', '', '', '', 0, 0, 0, 'Alta'),
(1897, 1, '39990120', 13, 6, 66, '', 'COMUNICAMASI VILLALBA', '', '', 0, 0, 0, 8, 'CAMPO DE PUENTE - 8', '27800', 'VILLALBA', 27, 0, '', '', '', '', 0, 0, 0, 'Alta'),
(1898, 1, '39990121', 13, 6, 66, '', 'COMUNICAMASI LUGO', '', '', 0, 0, 0, 8, 'OBISPO AGUIRRE - 1', '27002', 'LUGO', 27, 0, '', '', '', '', 0, 0, 0, 'Alta'),
(1899, 1, '39992034', 13, 6, 66, '', 'PROXIMA CAMBADOS', '', '', 0, 0, 0, 6, 'VILARI', '36630', 'CAMBADOS', 36, 0, '', '695456958', '', '', 0, 0, 0, 'Alta'),
(1900, 1, '39993023', 13, 6, 66, '', 'COMUNICALIA PIEDRAS BLANCAS', '', '', 0, 0, 0, 8, 'RAMIRO I - 19', '33450', 'CASTRILLON', 33, 0, '', '984835286', '', '', 0, 0, 0, 'Alta'),
(1901, 1, '39993190', 13, 6, 66, '', 'CONEXION XINZO DE LIMIA', '', '', 0, 0, 0, 6, 'DE OURENSE - 26', '32630', 'XINZO DE LIMIA', 32, 0, '', '', '', '', 0, 0, 0, 'Alta'),
(1902, 1, '39993289', 13, 7, 66, '', 'ESTELA NORTE CORRALES', '', '', 0, 0, 0, 6, 'ESPA', '39400', 'LOS CORRALES DE BUELNA', 39, 0, '', '', '', '', 0, 0, 0, 'Alta'),
(1903, 1, '45351504', 13, 5, 66, '', 'PLANET ALBORAYA', '', '', 0, 0, 0, 7, 'ALCAMPO ALBORAYA - S/N', '46120', 'ALBORAYA', 46, 0, '', '691310567', '', '', 0, 0, 0, 'Alta'),
(1904, 1, '46000322', 13, 5, 66, '', 'COMUNICACIONES ERINA BENIFAYO', '', '', 0, 0, 0, 8, 'SANTA BARBARA - 5', '46450', 'BENIFAYO', 46, 0, '', '961783461', '', '', 0, 0, 0, 'Alta'),
(1905, 1, '48810003', 13, 5, 66, '', 'FANS EL CAMPELLO', '', '', 0, 0, 0, 8, 'DOCTOR FLEMING - 3 BAJO', '03560', 'EL CAMPELLO', 3, 0, '', '965636834', '', '', 0, 0, 0, 'Alta'),
(1906, 1, '48810011', 13, 5, 66, '', 'FANS BETERA', '', '', 0, 0, 0, 8, 'JOSE SAEZ - 20', '46117', 'BETERA', 46, 0, '', '961602101', '', '', 0, 0, 0, 'Alta'),
(1907, 1, '48810012', 13, 5, 66, '', 'FANS VICENTE ZARAGOZA', '', '', 0, 0, 0, 8, 'VICENTE ZARAGOZA - 17', '46020', 'VALENCIA', 46, 0, '', '', '', '', 0, 0, 0, 'Alta'),
(1908, 1, '48810017', 13, 5, 66, '', 'FANS SUECA PARK', '', '', 0, 0, 0, 7, 'SUECA PARK LOCAL A15 - S/N', '46410', 'SUECA', 46, 0, '', '', '', '', 0, 0, 0, 'Alta'),
(1909, 1, '48810018', 13, 5, 66, '', 'FANS CULLERA', '', '', 0, 0, 0, 8, '25 DE ABRIL - 64', '46400', 'CULLERA', 46, 0, '', '961731318', '', '', 0, 0, 0, 'Alta'),
(1910, 1, '48810092', 13, 5, 66, '', 'FANS MASSAMAGRELL', '', '', 0, 0, 0, 6, 'NAQUERA - 2', '46130', 'MASSAMAGRELL', 46, 0, '', '', '', '', 0, 0, 0, 'Alta'),
(1911, 1, '49050004', 13, 5, 66, '', 'TELECONCEPT ALTEA', '', '', 0, 0, 0, 8, 'RASPALL - 2', '03590', 'ALTEA', 3, 0, '', '965842068', '', '', 0, 0, 0, 'Alta'),
(1912, 1, '49052953', 13, 5, 66, '', 'TELECONCEPT CALPE', '', '', 0, 0, 0, 7, 'PLAZA CENTRAL S/N AVD CONSTITUCION - S/N', '03710', 'CALPE', 3, 0, '', '965874851', '', '', 0, 0, 0, 'Alta'),
(1913, 1, '49440057', 13, 5, 66, '', 'PLANETELEKOM CREVILLENTE', '', '', 0, 0, 0, 8, 'VIRGEN DEL PILAR - 1', '03330', 'CREVILLENTE', 3, 0, '', '965403250', '', '', 0, 0, 0, 'Alta'),
(1914, 1, '49440161', 13, 5, 66, '', 'RECICLAJES ECOPLANA MANAR', '', '', 0, 0, 0, 7, 'PARQUE COMERCIAL MASSALFASSAR CAMINO AZAGADOR LIRIA S/N - (L B4', '46560', 'MASSALFASSAR', 46, 0, '', '', '', '', 0, 0, 0, 'Alta'),
(1915, 1, '49440235', 13, 5, 66, '', 'OSHOP TAVERNES', '', '', 0, 0, 0, 6, 'GRAN VIA GERMANAS - 30', '46760', 'TAVERNES DE LA VALLDIGNA', 46, 0, '', '', '', '', 0, 0, 0, 'Alta'),
(1916, 1, '49440256', 13, 5, 66, '', 'PLANET SAGUNTO ', '', '', 0, 0, 0, 6, 'CAMINO REAL - 28 BAJO', '46500', 'SAGUNTO', 46, 0, '', '', '', '', 0, 0, 0, 'Alta'),
(1917, 1, '49440258', 13, 5, 66, '', 'VILOVI COMUNICACIONES ABARAN', '', '', 0, 0, 0, 8, 'DOCTOR MOLINA - 68', '30550', 'ABARAN', 30, 0, '', '', '', '', 0, 0, 0, 'Alta'),
(1918, 1, '49440265', 13, 5, 66, '', 'GRUPO ROZALEN Y OTERO LINARES VALENCIA', '', '', 0, 0, 0, 8, 'LINARES - 20', '46018', 'VALENCIA', 46, 0, '', '', '', '', 0, 0, 0, 'Alta'),
(1919, 1, '49442429', 13, 5, 66, '', 'GRUPO ROZALEN Y OTERO', '', '', 0, 0, 0, 8, 'PEDRO DE VALENCIA - 24', '46022', 'VALENCIA', 46, 0, '', '', '', '', 0, 0, 0, 'Alta'),
(1920, 1, '49444918', 13, 5, 66, '', 'PLANET CALLOSA', '', '', 0, 0, 0, 6, 'CONSTITUCION - 16', '03360', 'CALLOSA DE SEGURA', 3, 0, '', '966756471', '', '', 0, 0, 0, 'Alta'),
(1921, 1, '49990071', 13, 5, 66, '', 'PROXIMA ATALAYAS', '', '', 0, 0, 0, 7, 'ATALAYAS C/MOLINA DE SEGURA S/N LOCAL 14 - S/N', '30007', 'MURCIA', 30, 0, '', '', '', '', 0, 0, 0, 'Alta'),
(1922, 1, '49990117', 13, 5, 66, '', 'DIGITAL WAP AVDA NOVELDA ELCHE', '', '', 0, 0, 0, 8, 'DIAGONAL - 56', '03206', 'ELCHE', 3, 0, '', '966674950', '', '', 0, 0, 0, 'Alta'),
(1923, 1, '49990118', 13, 5, 66, '', 'PROXIMA SABADELL ALCOY', '', '', 0, 0, 0, 8, 'SABADELL - 17', '03804', 'ALCOY', 3, 0, '', '965524060', '', '', 0, 0, 0, 'Alta'),
(1924, 1, '49990144', 13, 5, 66, '', 'PROXIMA ONDA', '', '', 0, 0, 0, 6, 'CATALU', '12200', 'ONDA', 12, 0, '', '', '', '', 0, 0, 0, 'Alta'),
(1925, 1, '49990155', 13, 5, 66, '', 'DIGITAL WAP ASPE', '', '', 0, 0, 0, 6, 'DE LA CONSTITUCION - 14', '03680', 'ASPE', 3, 0, '', '965494512', '', '', 0, 0, 0, 'Alta'),
(1926, 1, '49990160', 13, 5, 66, '', 'TELMASUR IMAGINALIA', '', '', 0, 0, 0, 29, 'CAMPO LLANO RECINTO FERIAL DE ALBACETE  - S/N (L 4141)', '02006', 'ALBACETE', 2, 0, '', '967668662', '', '', 0, 0, 0, 'Alta'),
(1927, 1, '49990161', 13, 5, 66, '', 'PROXIMA SAN VICENTE', '', '', 0, 0, 0, 7, 'SAN VICENTE AVD ALICANTE - 94', '03690', 'SAN VICENTE DEL RASPEIG', 3, 0, '', '', '', '', 0, 0, 0, 'Alta'),
(1928, 1, '49990162', 13, 5, 66, '', 'PROXIMA NOVELDA', '', '', 0, 0, 0, 6, 'CONSTITUCION - 21', '03660', 'NOVELDA', 3, 0, '', '', '', '', 0, 0, 0, 'Alta'),
(1929, 1, '55350009', 13, 3, 66, '', 'ORDEX MORALEJA', '', '', 0, 0, 0, 6, 'PUREZA CANELO - 11', '10840', 'MORALEJA', 10, 0, '', '', '', '', 0, 0, 0, 'Alta'),
(1930, 1, '56000025', 13, 3, 66, '', 'ESPACIO ORANGE ADRA', '', '', 0, 0, 0, 8, 'NATALIO RIVAS - 77 BAJO E', '04770', 'ADRA', 4, 0, '', '950560103', '', '', 0, 0, 0, 'Alta'),
(1931, 1, '56000038', 13, 3, 66, '', 'ESPACIO ORANGE TRUJILLO', '', '', 0, 0, 0, 8, 'ENCARNACION - 8', '10200', 'TRUJILLO', 10, 0, '', '', '', '', 0, 0, 0, 'Alta'),
(1932, 1, '56000055', 13, 3, 66, '', 'ESPACIO ORANGE BAEZA', '', '', 0, 0, 0, 8, 'OBISPO NARVAEZ - 1', '23440', 'BAEZA', 23, 0, '', '953742377', '', '', 0, 0, 0, 'Alta'),
(1933, 1, '56000096', 13, 3, 66, '', 'ESPACIO ORANGE MOTRIL CALLE NUEVA', '', '', 0, 0, 0, 8, 'NUEVA - 19', '18600', 'MOTRIL', 18, 0, '', '', '', '', 0, 0, 0, 'Alta'),
(1934, 1, '56000105', 13, 3, 66, '', 'ESPACIO ORANGE ATARFE', '', '', 0, 0, 0, 6, 'DE ANDALUCIA - 2', '18230', 'ATARFE', 18, 0, '', '958452745', '', '', 0, 0, 0, 'Alta'),
(1935, 1, '56001078', 13, 3, 66, '', 'ESPACIO ORANGE SAN FERNANDO', '', '', 0, 0, 0, 6, 'CAROLINA CORONADO - 6B', '06007', 'BADAJOZ', 6, 0, '', '924273349', '', '', 0, 0, 0, 'Alta'),
(1936, 1, '58250000', 13, 3, 66, '', 'GRUPO PROMOVIL JESUS RESCATADO', '', '', 0, 0, 0, 6, 'JESUS RESCATADO - 36', '14007', 'CORDOBA', 14, 0, '', '957266902', '', '', 0, 0, 0, 'Alta'),
(1937, 1, '59440033', 13, 3, 66, '', 'DIGITAL TORREDELCAMPO', '', '', 0, 0, 0, 8, 'ANCHA - 15', '23640', 'TORRE DEL CAMPO', 23, 0, '', '', '', '', 0, 0, 0, 'Alta'),
(1938, 1, '59440074', 13, 5, 66, '', 'VILOVI COMUNICACIONES EL PALMAR', '', '', 0, 0, 0, 8, 'MAYOR - 69', '30120', 'MURCIA', 30, 0, '', '', '', '', 0, 0, 0, 'Alta'),
(1939, 1, '59440079', 13, 3, 66, '', 'CONEXION ALMOGAVARES', '', '', 0, 0, 0, 8, 'DON LOPE DE LOS RIOS ( ESQUINA AVDA ALMOGAVARES) - 2', '14006', 'CORDOBA', 14, 0, '', '957080501', '', '', 0, 0, 0, 'Alta'),
(1940, 1, '59440113', 13, 3, 66, '', 'DIGITAL ALMERIA', '', '', 0, 0, 0, 8, 'GRANADA - 203', '04008', 'ALMERIA', 4, 0, '', '950265149', '', '', 0, 0, 0, 'Alta'),
(1941, 1, '59440116', 13, 3, 66, '', 'GRUPO PROMOVIL ALJARAFE CAMAS', '', '', 0, 0, 0, 7, 'CARREFOUR C/POETA MU', '41900', 'CAMAS', 41, 0, '', '955981493', '', '', 0, 0, 0, 'Alta'),
(1942, 1, '59440119', 13, 3, 66, '', 'MAXIMOVIL EL EJIDO', '', '', 0, 0, 0, 6, 'BOULEVAR CIUDAD DE EL EJIDO - 103', '04700', 'EL EJIDO', 4, 0, '', '950480830', '', '', 0, 0, 0, 'Alta'),
(1943, 1, '59440126', 13, 3, 66, '', 'GRUPO PROMOVIL PUERTO REAL', '', '', 0, 0, 0, 8, 'DE LA PLAZA - 57', '11510', 'PUERTO REAL', 11, 0, '', '', '', '', 0, 0, 0, 'Alta'),
(1944, 1, '59440129', 13, 3, 66, '', 'CONEXION LOS ALCORES', '', '', 0, 0, 0, 7, 'LOS ALCORES CTRA NACIONAL 334 SEVILLA MALAGA - KM 8,8 PL BJA LCL 69', '41500', 'ALCALA DE GUADAIRA', 41, 0, '', '955612078', '', '', 0, 0, 0, 'Alta'),
(1945, 1, '59440130', 13, 3, 66, '', 'AREAPHONE JEREZ DE LOS CABALLEROS', '', '', 0, 0, 0, 20, 'ESPA', '06380', 'JEREZ DE LOS CABALLEROS', 6, 0, '', '', '', '', 0, 0, 0, 'Alta'),
(1946, 1, '59440134', 13, 3, 66, '', 'MAXIMOVIL ALCALA LA REAL', '', '', 0, 0, 0, 6, 'ANDALUCIA - 48', '23680', 'ALCALA LA REAL', 23, 0, '', '953581127', '', '', 0, 0, 0, 'Alta'),
(1947, 1, '59440137', 13, 3, 66, '', 'CONEXION MARACENA', '', '', 0, 0, 0, 8, 'PEDRO ARROYO - 1 ESQ PLAZA CASTILLEJOS', '18200', 'MARACENA', 18, 0, '', '', '', '', 0, 0, 0, 'Alta'),
(1948, 1, '59440268', 13, 3, 66, '', 'DIGITAL CIUDAD JARDIN', '', '', 0, 0, 0, 8, 'LORENZA CORREA - 14', '29014', 'MALAGA', 29, 0, '', '', '', '', 0, 0, 0, 'Alta'),
(1949, 1, '59440272', 13, 3, 66, '', 'DIRECTO MOVIL SAN PEDRO', '', '', 0, 0, 0, 8, 'PIZARRO - S/N BAJO', '29670', 'MARBELLA', 29, 0, '', '', '', '', 0, 0, 0, 'Alta'),
(1950, 1, '59440273', 13, 3, 66, '', 'GRUPO PROMOVIL CC RUTA DE LA PLATA', '', '', 0, 0, 0, 7, 'RUTA DE LA PLATA C LONDRES - 1 LCLC 55', '10005', 'CACERES', 10, 0, '', '927629180', '', '', 0, 0, 0, 'Alta'),
(1951, 1, '59440274', 13, 3, 66, '', 'GRUPO PROMOVIL NAVALMORAL DE LA MATA', '', '', 0, 0, 0, 8, 'URBANO GONZALEZ SERRANO - 29 BAJO', '10300', 'NAVALMORAL DE LA MATA', 10, 0, '', '', '', '', 0, 0, 0, 'Alta'),
(1952, 1, '59440314', 13, 3, 66, '', 'OFERTEL PRIEGO', '', '', 0, 0, 0, 8, 'OBISPO PEREZ MU', '14800', 'PRIEGO DE CORDOBA', 14, 0, '', '', '', '', 0, 0, 0, 'Alta'),
(1953, 1, '59440336', 13, 3, 66, '', 'ONUFONE CONSTANTINA', '', '', 0, 0, 0, 8, 'MESONES - 26', '41450', 'CONSTANTINA', 41, 0, '', '955881488', '', '', 0, 0, 0, 'Alta'),
(1954, 1, '59447764', 13, 3, 66, '', 'ONUFONE PUERTO DE LA TORRE', '', '', 0, 0, 0, 8, 'LOPE DE RUEDA - 126', '29190', 'MALAGA', 29, 0, '', '', '', '', 0, 0, 0, 'Alta'),
(1955, 1, '59449464', 13, 3, 66, '', 'ONUFONE MOGUER', '', '', 0, 0, 0, 8, 'ARCIPRESTE BORREGO - 5 (L', '21800', 'MOGUER', 21, 0, '', '', '', '', 0, 0, 0, 'Alta'),
(1956, 1, '59990076', 13, 3, 66, '', 'YOUR PHONE ALMERIA', '', '', 0, 0, 0, 6, 'DEL MEDITERRANEO - 244 (L17)', '04006', 'ALMERIA', 4, 0, '', '950221737', '', '', 0, 0, 0, 'Alta'),
(1957, 1, '59990146', 13, 3, 66, '', 'OK CLUB CEUTA', '', '', 0, 0, 0, 8, 'DELGADO SERRANO - 4', '51001', 'CEUTA', 51, 0, '', '956513283', '', '', 0, 0, 0, 'Alta'),
(1958, 1, '59990175', 13, 3, 66, '', 'TELEMOVIL PRIOR ARAHAL', '', '', 0, 0, 0, 14, 'DE VILLAMARTIN - KM 20 (L)', '41600', 'ARAHAL', 41, 0, '', '955841766', '', '', 0, 0, 0, 'Alta'),
(1959, 1, '59990182', 13, 3, 66, '', 'CONEXION CC ALAMEDA', '', '', 0, 0, 0, 8, 'SPENGLER - 1', '29007', 'MALAGA', 29, 0, '', '', '', '', 0, 0, 0, 'Alta'),
(1960, 1, '59990204', 13, 3, 66, '', 'ONUFONE PALMA DEL RIO', '', '', 0, 0, 0, 6, 'DE LA PAZ - 5', '14700', 'PALMA DEL RIO', 14, 0, '', '', '', '', 0, 0, 0, 'Alta'),
(1961, 1, '59993069', 13, 3, 66, '', 'HELLO LAS PALOMAS', '', '', 0, 0, 0, 7, 'LAS PALOMAS CRTA CADIZ - KM 106', '11204', 'ALGECIRAS', 11, 0, '', '956658167', '', '', 0, 0, 0, 'Alta'),
(1962, 1, '59993803', 13, 3, 66, '', 'OK CLUB POZOBLANCO', '', '', 0, 0, 0, 8, 'MAYOR - 45', '14400', 'POZOBLANCO', 14, 0, '', '', '', '', 0, 0, 0, 'Alta'),
(1963, 1, '59993970', 13, 3, 66, '', 'YOUR PHONE JEREZ', '', '', 0, 0, 0, 7, 'MERCA AVD DE LA CRUZ ROJA SAN BENITO - 80 (L 14', '11407', 'JEREZ DE LA FRONTERA', 11, 0, '', '', '', '', 0, 0, 0, 'Alta'),
(1964, 1, '69440011', 13, 3, 66, '', 'CONEXION ANTIGUA CALETA DE FUSTE', '', '', 0, 0, 0, 7, 'ATLANTICO CRTA JANDIA - KM 11', '35610', 'ANTIGUA', 35, 0, '', '928163426', '', '', 0, 0, 0, 'Alta'),
(1965, 1, '69440040', 13, 3, 66, '', 'GRUPO PROMOVIL 3 DE MAYO', '', '', 0, 0, 0, 7, '3 DE MAYO AVDA TRES DE MAYO - 63 (L 9B', '38003', 'SANTA CRUZ DE TENERIFE', 38, 0, '', '', '', '', 0, 0, 0, 'Alta'),
(1966, 1, '69440041', 13, 3, 66, '', 'GRUPO PROMOVIL SAN ISIDRO', '', '', 0, 0, 0, 6, 'SANTA CRUZ - 80 BAJO', '38611', 'GRANADILLA DE ABONA', 38, 0, '', '', '', '', 0, 0, 0, 'Alta'),
(1967, 1, '69440044', 13, 3, 66, '', 'GRUPO PROMOVIL TACORONTE', '', '', 0, 0, 0, 14, 'GENERAL DEL NORTE (COMARCAL 820) - 27', '38350', 'TACORONTE', 38, 0, '', '', '', '', 0, 0, 0, 'Alta'),
(1968, 1, '69440073', 13, 3, 66, '', 'CONEXION ANSITE', '', '', 0, 0, 0, 6, 'ANSITE - 71', '35118', 'AGUIMES', 35, 0, '', '928500080', '', '', 0, 0, 0, 'Alta'),
(1969, 1, '69440080', 13, 3, 66, '', 'CONEXION CC LAS RAMBLAS', '', '', 0, 0, 0, 7, 'LAS RAMBLAS AVD JUAN CARLOS I - 38', '35019', 'LAS PALMAS DE GRAN CANARIA', 35, 0, '', '', '', '', 0, 0, 0, 'Alta'),
(1970, 1, '69440101', 13, 3, 66, '', 'GRUPO PROMOVIL CARRIZAL', '', '', 0, 0, 0, 6, 'CARLOS V (EL CARRIZAL) - 45', '35240', 'INGENIO', 35, 0, '', '', '', '', 0, 0, 0, 'Alta'),
(1971, 1, '69440104', 13, 3, 66, '', 'GRUPO PROMOVIL TELDE', '', '', 0, 0, 0, 8, 'RUIZ - 1', '35200', 'TELDE', 35, 0, '', '', '', '', 0, 0, 0, 'Alta'),
(1972, 1, '69990046', 13, 3, 66, '', 'PROXIMA LAS PALMAS GC TRIANA', '', '', 0, 0, 0, 8, 'MAYOR DE TRIANA ESQ C/ LOSERO - 32', '35002', 'LAS PALMAS DE GRAN CANARIA', 35, 0, '', '', '', '', 0, 0, 0, 'Alta'),
(1973, 1, '76000005', 13, 7, 66, '', 'MILENIA BILBONDO', '', '', 0, 0, 0, 7, 'BILBONDO BARRIO ZABALANDI LOCAL B 2 - S/N', '48970', 'BASAURI', 48, 0, '', '944494263', '', '', 0, 0, 0, 'Alta'),
(1974, 1, '76000021', 13, 7, 66, '', 'ESPACIO ORANGE ARDIGALES ERANDIO', '', '', 0, 0, 0, 8, 'OVIETA - 8', '48950', 'ERANDIO', 48, 0, '', '944675374', '', '', 0, 0, 0, 'Alta'),
(1975, 1, '76000035', 13, 7, 66, '', 'MILENIA AMOREBIETA', '', '', 0, 0, 0, 8, 'URBANO LARRUCEA - 4', '48340', 'AMOREBIETA', 48, 0, '', '946730011', '', '', 0, 0, 0, 'Alta'),
(1976, 1, '76000054', 13, 7, 66, '', 'ARDIGALES BARAKALDO', '', '', 0, 0, 0, 6, 'EUSKADI - 10', '48903', 'BARAKALDO', 48, 0, '', '944380129', '', '', 0, 0, 0, 'Alta'),
(1977, 1, '76000055', 13, 7, 66, '', 'ARDIGALES ZORROZA', '', '', 0, 0, 0, 8, 'FRAYJUAN - 11', '48013', 'BILBAO', 48, 0, '', '944905330', '', '', 0, 0, 0, 'Alta'),
(1978, 1, '79440015', 13, 7, 66, '', 'TOHNOS GORBEA', '', '', 0, 0, 0, 8, 'GORBEA - 30', '01012', 'VITORIA', 1, 0, '', '', '', '', 0, 0, 0, 'Alta'),
(1979, 1, '79440023', 13, 7, 66, '', 'TOHNOS ALGORTA', '', '', 0, 0, 0, 8, 'JUAN BAUTISTA ZABALA - 11', '48991', 'GETXO', 48, 0, '', '', '', '', 0, 0, 0, 'Alta'),
(1980, 1, '79440063', 13, 7, 66, '', 'OSHOP ZUBIARTE', '', '', 0, 0, 0, 7, 'ZUBIARTE- C/LEHENDAKARI LEIZAOLA-LOCAL R06 1', '48001', 'BILBAO', 48, 0, '', '944272556', '', '', 0, 0, 0, 'Alta'),
(1981, 1, '79440082', 13, 7, 66, '', 'CONEXION MUNGUIA', '', '', 0, 0, 0, 8, 'TROBIKA - 10', '48100', 'MUNGIA', 48, 0, '', '', '', '', 0, 0, 0, 'Alta'),
(1982, 1, '79440084', 13, 7, 66, '', 'CONEXION GUERNIKA', '', '', 0, 0, 0, 20, 'DOMINGO ALEGRIA - 1', '48300', 'GUERNIKA', 48, 0, '', '', '', '', 0, 0, 0, 'Alta'),
(1983, 1, '79990014', 13, 7, 66, '', 'DIGITAL PHONE BILBAO', '', '', 0, 0, 0, 8, 'GORDONIZ - 93', '48002', 'BILBAO', 48, 0, '', '944219009', '', '', 0, 0, 0, 'Alta'),
(1984, 1, '79990016', 13, 7, 66, '', 'YOUR PHONE SESTAO', '', '', 0, 0, 0, 20, 'CONDE BALMASEDA - 4', '48910', 'SESTAO', 48, 0, '', '', '', '', 0, 0, 0, 'Alta'),
(1985, 1, '79990024', 13, 7, 66, '', 'ONJOY TOLOSA', '', '', 0, 0, 0, 8, 'JARDINES DEL ARBOL DE GERNIKA - 1', '20400', 'TOLOSA', 20, 0, '', '', '', '', 0, 0, 0, 'Alta'),
(1986, 1, '79990026', 13, 7, 66, '', 'ONJOY MATIA', '', '', 0, 0, 0, 8, 'JOSE MATIA - 3', '20008', 'SAN SEBASTIAN', 20, 0, '', '', '', '', 0, 0, 0, 'Alta'),
(1987, 1, '79990029', 13, 7, 66, '', 'ONJOY OIARTZUN', '', '', 0, 0, 0, 7, 'OIARTZUN CRTA MADRID-IR', '20180', 'OIARTZUN', 20, 0, '', '', '', '', 0, 0, 0, 'Alta'),
(1988, 1, '79990030', 13, 7, 66, '', 'ONJOY SESTAO', '', '', 0, 0, 0, 14, 'BARACALDO-VALLE DE TRAPAGA (POLIGONO IBAZAHARRA) - S/N (L16)', '48910', 'SESTAO', 48, 0, '', '', '', '', 0, 0, 0, 'Alta'),
(1989, 1, '79990050', 13, 7, 66, '', 'ONJOY BEASAIN', '', '', 0, 0, 0, 8, 'NAGUSIA - 27', '20200', 'BEASAIN', 20, 0, '', '943888223', '', '', 0, 0, 0, 'Alta'),
(1990, 1, '79990053', 13, 7, 66, '', 'ONJOY ZUMARRAGA', '', '', 0, 0, 0, 8, 'PIEDAD - 16', '20700', 'ZUMARRAGA', 20, 0, '', '', '', '', 0, 0, 0, 'Alta'),
(1991, 1, '79990055', 13, 7, 66, '', 'ONJOY IRUN', '', '', 0, 0, 0, 19, 'DE COLON - 36', '20301', 'IRUN', 20, 0, '', '', '', '', 0, 0, 0, 'Alta'),
(1992, 1, '79990062', 13, 7, 66, '', 'ONJOY AZKOITIA', '', '', 0, 0, 0, 7, 'EROSKI POLIGONO BASTERRETXE S/N LOCAL - S/N', '20720', 'AZKOITIA', 20, 0, '', '943850821', '', '', 0, 0, 0, 'Alta'),
(1993, 1, '79990074', 13, 7, 66, '', 'DIGITAL PHONE SANTURCE', '', '', 0, 0, 0, 8, 'GENARO ORAA - 6', '48980', 'SANTURCE', 48, 0, '', '', '', '', 0, 0, 0, 'Alta'),
(1994, 1, '79990094', 13, 7, 66, '', 'ONJOY BERGARA', '', '', 0, 0, 0, 6, 'IBARGARAI - 4', '20570', 'BERGARA', 20, 0, '', '', '', '', 0, 0, 0, 'Alta'),
(1995, 1, '79990096', 13, 7, 66, '', 'ONJOY ARCCO AMARA', '', '', 0, 0, 0, 7, 'ARCCO AMARA PLAZA DE IRUN - 6', '20011', 'SAN SEBASTIAN', 20, 0, '', '', '', '', 0, 0, 0, 'Alta'),
(1996, 1, '18810088', 13, 1, 67, '', 'FANS TECKY FUENLABRADA', '', '', 0, 0, 0, 7, 'LAS PROVINCIAS LOCAL 31 AVDA DE LAS PROVINCIAS - 18', '28941', 'FUENLABRADA', 28, 0, '', '911622924', '', '', 0, 0, 0, 'Alta'),
(1997, 1, '19440087', 13, 1, 67, '', 'GRUPO PROMOVIL GRAN VIA DE HORTALEZA', '', '', 0, 0, 0, 7, 'GRAN VIA DE HORTALEZA AVDA GRAN VIA DE HORTALEZA - S/N (L 285', '28043', 'MADRID', 28, 0, '', '', '', '', 0, 0, 0, 'Alta'),
(1998, 1, '19440154', 13, 1, 67, '', 'MANCHATEL SOCUELLAMOS', '', '', 0, 0, 0, 19, 'CERVANTES - 16', '13630', 'SOCUELLAMOS', 13, 0, '', '', '', '', 0, 0, 0, 'Alta'),
(1999, 1, '19440164', 13, 1, 67, '', 'TOHNOS AREVALO', '', '', 0, 0, 0, 8, 'ZAPATEROS - 3', '05200', 'AREVALO', 5, 0, '', '920303398', '', '', 0, 0, 0, 'Alta'),
(2000, 1, '19993132', 13, 1, 67, '', 'TELMASUR VILLAVERDE II', '', '', 0, 0, 0, 19, 'ALBERTO PALACIOS - 11', '28021', 'MADRID', 28, 0, '', '', '', '', 0, 0, 0, 'Alta'),
(2001, 1, '29991699', 13, 4, 67, '', 'BCTEL ONZE DE SETEMBRE', '', '', 0, 0, 0, 6, 'ONCE DE SEPTIEMBRE - 51', '08120', 'LA LLAGOSTA', 8, 0, '', '', '', '', 0, 0, 0, 'Alta'),
(2002, 1, '36710071', 13, 6, 67, '', 'MULTISERVICIOS O GROVE', '', '', 0, 0, 0, 8, 'CASTELAO - 35', '36980', 'O GROVE', 36, 0, '', '', '', '', 0, 0, 0, 'Alta'),
(2003, 1, '39446717', 13, 7, 67, '', 'CONEXION DA VILA', '', '', 0, 0, 0, 8, 'GENERAL DAVILA - 56', '39006', 'SANTANDER', 39, 0, '', '', '', '', 0, 0, 0, 'Alta'),
(2004, 1, '39990040', 13, 6, 67, '', 'DUATEL ORENSE II', '', '', 0, 0, 0, 8, 'CONCORDIA - 26', '32003', 'ORENSE', 32, 0, '', '', '', '', 0, 0, 0, 'Alta'),
(2005, 1, '39990071', 13, 6, 67, '', 'COMUNICALIA CC SALESAS', '', '', 0, 0, 0, 7, 'SALESAS PLANTA 3 - S/N', '33002', 'OVIEDO', 33, 0, '', '', '', '', 0, 0, 0, 'Alta'),
(2006, 1, '39992412', 13, 6, 67, '', 'DUATEL PONTEAREAS', '', '', 0, 0, 0, 6, 'DE GALICIA - 7', '36860', 'PONTEAREAS', 36, 0, '', '', '', '', 0, 0, 0, 'Alta'),
(2007, 1, '59440263', 13, 3, 67, '', 'DTV LA LINEA', '', '', 0, 0, 0, 8, 'LAS FLORES - 2', '11300', 'LA LINEA DE LA CONCEPCION', 11, 0, '', '', '', '', 0, 0, 0, 'Alta'),
(2008, 1, '59440281', 13, 3, 67, '', 'ONUFONE LA PALMA', '', '', 0, 0, 0, 8, 'JUAN PABLO II - 8', '21700', 'LA PALMA DEL CONDADO', 21, 0, '', '', '', '', 0, 0, 0, 'Alta'),
(2009, 1, '68250954', 13, 3, 67, '', 'PROFELMA 502', '', '', 0, 0, 0, 8, 'SAN NICOLAS - 57', '35470', 'LA ALDEA DE SAN NICOLAS', 35, 0, '', '', '', '', 0, 0, 0, 'Alta'),
(2010, 1, '79440039', 13, 7, 67, '', 'CONEXION ZARAUTZ', '', '', 0, 0, 0, 8, 'SAN FRANCISCO - 6', '20800', 'ZARAUTZ', 20, 0, '', '', '', '', 0, 0, 0, 'Alta'),
(2011, 1, '79990087', 13, 7, 67, '', 'ONJOY BALMASEDA', '', '', 0, 0, 0, 8, 'CORRERIA - 10', '48800', 'BALMASEDA', 48, 0, '', '946802916', '', '', 0, 0, 0, 'Alta'),
(2012, 1, '16000101', 13, 1, 45, '', 'TCP MADRIDEJOS', '', '', 0, 0, 0, 8, 'REAL - 6', '45710', 'MADRIDEJOS', 45, 0, '', '', '', '', 0, 0, 0, 'Alta'),
(2013, 1, '16450010', 13, 1, 45, '', 'SERTEL ARENAS DE SAN PEDRO', '', '', 0, 0, 0, 8, 'TRISTE CONDESA - 10', '05400', 'ARENAS DE SAN PEDRO', 5, 0, '', '920370761', '', '', 0, 0, 0, 'Alta'),
(2014, 1, '19440234', 13, 1, 45, '', 'OSHOP VILLANUEVA DE LA CA', '', '', 0, 0, 0, 8, 'DEL CRISTO - 31', '28691', 'VILLANUEVA DE LA CA', 28, 0, '', '', '', '', 0, 0, 0, 'Alta'),
(2015, 1, '19990131', 13, 1, 45, '', 'TELMASUR SAN MARTIN DE LA VEGA', '', '', 0, 0, 0, 8, 'SAN MARCOS - 60 (L 2', '28330', 'SAN MARTIN DE LA VEGA', 28, 0, '', '', '', '', 0, 0, 0, 'Alta'),
(2016, 1, '26330003', 13, 4, 45, '', 'ARAMENA ANDORRA', '', '', 0, 0, 0, 8, 'LA UNION - 13', '44500', 'ANDORRA', 44, 0, '', '978880612', '', '', 0, 0, 0, 'Alta'),
(2017, 1, '29446938', 13, 4, 45, '', 'COMTIGO EJEA', '', '', 0, 0, 0, 8, 'SINUES URBIOLA - 24', '50600', 'EJEA DE LOS CABALLEROS', 50, 0, '', '976677118', '', '', 0, 0, 0, 'Alta'),
(2018, 1, '29990030', 13, 4, 45, '', 'HORTATEL CCIAL ABRERA', '', '', 0, 0, 0, 7, 'MONTSERRAT C/ HOSTAL DEL PI 4 LOCAL 27 - 4', '08630', 'ABRERA', 8, 0, '', '937701168', '', '', 0, 0, 0, 'Alta'),
(2019, 1, '29990137', 13, 7, 45, '', 'ONJOY ARNEDO', '', '', 0, 0, 0, 19, 'DE LA CONSTITUCION - 48', '26580', 'ARNEDO', 26, 0, '', '941381499', '', '', 0, 0, 0, 'Alta'),
(2020, 1, '36000077', 13, 6, 45, '', 'MULTISERVICIOS LA GUARDIA', '', '', 0, 0, 0, 8, 'CONCEPCION ARENAL - 58', '36780', 'LA GUARDIA', 36, 0, '', '', '', '', 0, 0, 0, 'Alta'),
(2021, 1, '36450001', 13, 6, 45, '', 'SERTEL BURELA', '', '', 0, 0, 0, 6, 'ARDIO PARDI', '27880', 'BURELA', 27, 0, '', '982585024', '', '', 0, 0, 0, 'Alta'),
(2022, 1, '39440114', 13, 6, 45, '', 'OSHOP MOA', '', '', 0, 0, 0, 8, 'CONCEPCION ARENAL - 48', '36950', 'MOA', 36, 0, '', '', '', '', 0, 0, 0, 'Alta'),
(2023, 1, '39440125', 13, 6, 45, '', 'OSHOP MILLADOIRO', '', '', 0, 0, 0, 8, 'ROSALIA DE CASTRO - 32', '15895', 'AMES', 15, 0, '', '881819631', '', '', 0, 0, 0, 'Alta'),
(2024, 1, '39440155', 13, 6, 45, '', 'DUATEL CELANOVA', '', '', 0, 0, 0, 8, 'CELSO EMILIO FERREIRO - 18', '32800', 'CELANOVA', 32, 0, '', '988553374', '', '', 0, 0, 0, 'Alta'),
(2025, 1, '39440198', 13, 6, 45, '', 'DUATEL BETANZOS', '', '', 0, 0, 0, 8, 'FERRADORES - 1', '15300', 'BETANZOS', 15, 0, '', '', '', '', 0, 0, 0, 'Alta'),
(2026, 1, '39444728', 13, 7, 45, '', 'CONEXION REINOSA', '', '', 0, 0, 0, 8, 'MAYOR - 2', '39200', 'REINOSA', 39, 0, '', '', '', '', 0, 0, 0, 'Alta'),
(2027, 1, '39445417', 13, 7, 45, '', 'CONEXION LAREDO', '', '', 0, 0, 0, 8, 'MARQUES DE COMILLAS - 5', '39770', 'LAREDO', 39, 0, '', '', '', '', 0, 0, 0, 'Alta'),
(2028, 1, '39710649', 13, 6, 45, '', 'MULTISERVICIOS ZERO BAYONA', '', '', 0, 0, 0, 8, 'MARQUES DE QUINTANAR - 16', '36300', 'BAIONA', 36, 0, '', '986355952', '', '', 0, 0, 0, 'Alta'),
(2029, 1, '39990087', 13, 6, 45, '', 'ESTELA NORTE VILLAVICIOSA', '', '', 0, 0, 0, 8, 'SOL - 5', '33300', 'VILLAVICIOSA', 33, 0, '', '', '', '', 0, 0, 0, 'Alta'),
(2030, 1, '39992678', 13, 6, 45, '', 'CONEXION CARBALLINO', '', '', 0, 0, 0, 8, 'ROSALIA DE CASTRO - 2', '32500', 'CARBALLI', 32, 0, '', '988272160', '', '', 0, 0, 0, 'Alta'),
(2031, 1, '48810008', 13, 5, 45, '', 'FANS ALFAZ DEL PI', '', '', 0, 0, 0, 6, 'PAIS VALENCIANO - 17 BAJO', '03580', 'ALFAZ DEL PI', 3, 0, '', '965889921', '', '', 0, 0, 0, 'Alta'),
(2032, 1, '49440132', 13, 5, 45, '', 'RECICLAJES ECOPLANA ALCORA', '', '', 0, 0, 0, 8, 'SAN FRANCISCO - 48 BAJO', '12110', 'ALCORA', 12, 0, '', '964363704', '', '', 0, 0, 0, 'Alta'),
(2033, 1, '49440238', 13, 5, 45, '', 'OSHOP PATERNA', '', '', 0, 0, 0, 7, 'CARREFOUR PATERNA LOCAL 3 POL IND NORTE - S/N', '46980', 'PATERNA', 46, 0, '', '', '', '', 0, 0, 0, 'Alta'),
(2034, 1, '49440259', 13, 5, 45, '', 'VILOVI COMUNICACIONES MULA', '', '', 0, 0, 0, 8, 'EMETRIO CUADRADO - 12', '30170', 'MULA', 30, 0, '', '', '', '', 0, 0, 0, 'Alta'),
(2035, 1, '49990099', 13, 5, 45, '', 'DIGITAL SAN ANTONIO', '', '', 0, 0, 0, 8, 'AMPLE - 14 BAJO', '07820', 'SAN ANTONIO', 7, 0, '', '', '', '', 0, 0, 0, 'Alta'),
(2036, 1, '49992657', 13, 5, 45, '', 'DIGITAL WAP BENICASIM', '', '', 0, 0, 0, 8, 'SANTO TOMAS - 89', '12560', 'BENICASIM', 12, 0, '', '964303745', '', '', 0, 0, 0, 'Alta'),
(2037, 1, '55350018', 13, 3, 45, '', 'ORDEX JARAIZ', '', '', 0, 0, 0, 6, 'CONSTITUCION - 66', '10400', 'JARAIZ DE LA VERA', 10, 0, '', '', '', '', 0, 0, 0, 'Alta'),
(2038, 1, '56000130', 13, 3, 45, '', 'ESPACIO ORANGE LA ALGABA', '', '', 0, 0, 0, 6, 'JUAN MOLINA - 36B', '41980', 'LA ALGABA', 41, 0, '', '', '', '', 0, 0, 0, 'Alta'),
(2039, 1, '56001245', 13, 3, 45, '', 'ESPACIO ORANGE ALMU', '', '', 0, 0, 0, 6, 'ANDALUCIA - 24', '18690', 'ALMU', 18, 0, '', '958635540', '', '', 0, 0, 0, 'Alta'),
(2040, 1, '59080368', 13, 3, 45, '', 'OK CLUB TOMARES', '', '', 0, 0, 0, 8, 'TOMAS DE YBARRA - S/N', '41940', 'TOMARES', 41, 0, '', '', '', '', 0, 0, 0, 'Alta'),
(2041, 1, '59440198', 13, 3, 45, '', 'MAXIMOVIL VERA', '', '', 0, 0, 0, 8, 'DEL MAR - 42', '04620', 'VERA', 4, 0, '', '', '', '', 0, 0, 0, 'Alta'),
(2042, 1, '59440225', 13, 3, 45, '', 'DIGITAL SANTA FE', '', '', 0, 0, 0, 8, 'CRISTOBAL COLON - 6 BAJO DERECHA', '18320', 'SANTA FE', 18, 0, '', '', '', '', 0, 0, 0, 'Alta'),
(2043, 1, '59440227', 13, 3, 45, '', 'DIGITAL BERJA', '', '', 0, 0, 0, 8, 'JOSE BARRIONUEVO PE', '04760', 'BERJA', 4, 0, '', '950492748', '', '', 0, 0, 0, 'Alta'),
(2044, 1, '59440231', 13, 3, 45, '', 'CORIATEL PILAS', '', '', 0, 0, 0, 8, 'VIRGEN DE FATIMA - 13', '41840', 'PILAS', 41, 0, '', '', '', '', 0, 0, 0, 'Alta'),
(2045, 1, '59440245', 13, 3, 45, '', 'MAXIMOVIL HUERCAL DE ALMERIA', '', '', 0, 0, 0, 7, 'LA CEPA AVD EMILIO PE', '04230', 'HUERCAL DE ALMERIA', 4, 0, '', '', '', '', 0, 0, 0, 'Alta'),
(2046, 1, '59440248', 13, 3, 45, '', 'AREAPHONE OLIVENZA', '', '', 0, 0, 0, 19, 'FILARMONICA - 6', '06100', 'OLIVENZA', 6, 0, '', '', '', '', 0, 0, 0, 'Alta'),
(2047, 1, '59440251', 13, 3, 45, '', 'ANEVINIP VILLAFRANCA', '', '', 0, 0, 0, 8, 'BEATA JOAQUINA - 20', '06220', 'VILLAFRANCA DE LOS BARROS', 6, 0, '', '', '', '', 0, 0, 0, 'Alta'),
(2048, 1, '59440276', 13, 3, 45, '', 'MAXIMOVIL NIJAR', '', '', 0, 0, 0, 6, 'LAS NEGRAS - 43 COMARCA DE NIJAR', '04110', 'CAMPOHERMOSO', 4, 0, '', '950386763', '', '', 0, 0, 0, 'Alta'),
(2049, 1, '59440316', 13, 3, 45, '', 'CONEXION TORREDONJIMENO', '', '', 0, 0, 0, 8, 'REAL - 73', '23650', 'TORREDONJIMENO', 23, 0, '', '', '', '', 0, 0, 0, 'Alta'),
(2050, 1, '59440338', 13, 3, 45, '', 'GRUPO PROMOVIL LA CARLOTA', '', '', 0, 0, 0, 8, 'NUESTRA SE', '14100', 'LA CARLOTA', 14, 0, '', '', '', '', 0, 0, 0, 'Alta'),
(2051, 1, '59990149', 13, 3, 45, '', 'OK CLUB MANILVA', '', '', 0, 0, 0, 20, 'SAN LUIS 2 - (L 2', '29692', 'MANILVA', 29, 0, '', '', '', '', 0, 0, 0, 'Alta'),
(2052, 1, '59990180', 13, 3, 45, '', 'OK CLUB CONIL', '', '', 0, 0, 0, 8, 'ROSA DE LOS VIENTOS - 32', '11140', 'CONIL DE LA FRONTERA', 11, 0, '', '956440743', '', '', 0, 0, 0, 'Alta'),
(2053, 1, '19440153', 13, 1, 68, '', 'PROMOVIL PIO XII', '', '', 0, 0, 0, 7, 'ALCAMPO PIO XII AVDA DE PIO XII - 2', '28016', 'MADRID', 28, 0, '', '', '', '', 0, 0, 0, 'Alta'),
(2054, 1, '29990083', 13, 7, 68, '', 'ONJOY LA MOREA', '', '', 0, 0, 0, 7, 'LA MOREA - BARRIO LA MOREA - S/N', '31191', 'GALAR', 31, 0, '', '948857284', '', '', 0, 0, 0, 'Alta'),
(2055, 1, '39990074', 13, 7, 68, '', 'COMUNICALIA VALLE REAL', '', '', 0, 0, 0, 7, 'VALLE REAL AVDA ALDAYA - S/N (L BK 2', '39600', 'CAMARGO', 39, 0, '', '942255173', '', '', 0, 0, 0, 'Alta'),
(2056, 1, '56000036', 13, 3, 68, '', 'ESPACIO ORANGE PLAZA DE ARMAS', '', '', 0, 0, 0, 7, 'PLAZA DE ARMAS PLZ DE LA LEGION - S/N', '41001', 'SEVILLA', 41, 0, '', '', '', '', 0, 0, 0, 'Alta'),
(2057, 1, '59440032', 13, 3, 68, '', 'DTV TELECOM METROMAR', '', '', 0, 0, 0, 7, 'METROMAR AVDA DE LOS DESCUBRIMIENTOS - S/N', '41927', 'MAIRENA DEL ALJARAFE', 41, 0, '', '', '', '', 0, 0, 0, 'Alta'),
(2058, 1, '59990201', 13, 3, 68, '', 'MAXIMOVIL LA ZUBIA', '', '', 0, 0, 0, 7, 'ALHSUR CTRA ZUBIA - CC ALHSUR SN (L 47 D', '18140', 'LA ZUBIA', 18, 0, '', '', '', '', 0, 0, 0, 'Alta'),
(2059, 1, '59993158', 13, 3, 68, '', 'HELLO GRAN SUR', '', '', 0, 0, 0, 7, 'GRAN SUR AVDA DE LA COLONIA - 9 (L 28', '11300', 'LA LINEA DE LA CONCEPCION', 11, 0, '', '', '', '', 0, 0, 0, 'Alta'),
(2060, 1, '69440047', 13, 3, 68, '', 'CONEXION LAS PALMAS GC EL MUELLE', '', '', 0, 0, 0, 7, 'EL MUELLE C/ MUELLE SANTA CATALINA - S/N STAND', '35008', 'LAS PALMAS DE GRAN CANARIA', 35, 0, '', '', '', '', 0, 0, 0, 'Alta'),
(2061, 1, '69440064', 13, 3, 68, '', 'GRUPO PROMOVIL CC LAS TERRAZAS', '', '', 0, 0, 0, 7, 'LAS TERRAZAS PARQUE MARITIMO DE JINAMAR - KM 5,5 AUTOV GC-1 SALIDA AL CORTIJO', '35200', 'TELDE', 35, 0, '', '', '', '', 0, 0, 0, 'Alta'),
(2062, 1, '16000430', 13, 1, 39, '', 'FANS VILLALBA', '', '', 0, 0, 0, 8, 'REAL - 18', '28400', 'COLLADO VILLALBA', 28, 0, '', '918491270', '', '', 0, 0, 0, 'Alta'),
(2063, 1, '16540008', 13, 1, 39, '', 'INDALO FERROCARRIL', '', '', 0, 0, 0, 8, 'FERROCARRIL - 30', '28045', 'MADRID', 28, 0, '', '', '', '', 0, 0, 0, 'Alta'),
(2064, 1, '16690005', 13, 1, 39, '', 'GLOBALTELCO POZUELO', '', '', 0, 0, 0, 6, 'DE EUROPA - 14', '28224', 'POZUELO DE ALARCON', 28, 0, '', '', '', '', 0, 0, 0, 'Alta'),
(2065, 1, '16690008', 13, 1, 39, '', 'GLOBALTELCO VALDEMORO', '', '', 0, 0, 0, 8, 'ESTRELLA DE ELOLA - 32', '28341', 'VALDEMORO', 28, 0, '', '', '', '', 0, 0, 0, 'Alta'),
(2066, 1, '16690011', 13, 1, 39, '', 'GLOBALTELCO FATIMA', '', '', 0, 0, 0, 6, 'DE NUESTRA SE', '28047', 'MADRID', 28, 0, '', '', '', '', 0, 0, 0, 'Alta'),
(2067, 1, '18810003', 13, 1, 39, '', 'FANS PARQUE OESTE ALCORCON', '', '', 0, 0, 0, 7, 'PARQUE OESTE AVDA DE EUROPA N-V - KM 15 (L29)', '28922', 'ALCORCON', 28, 0, '', '916419820', '', '', 0, 0, 0, 'Alta'),
(2068, 1, '19440158', 13, 1, 39, '', 'PROMOVIL VALLECAS', '', '', 0, 0, 0, 19, 'FEDERICO GARCIA LORCA - 13', '28031', 'MADRID', 28, 0, '', '', '', '', 0, 0, 0, 'Alta'),
(2069, 1, '19440161', 13, 1, 39, '', 'MANCHATEL VALDEPE', '', '', 0, 0, 0, 8, 'VIRGEN - 10', '13300', 'VALDEPE', 13, 0, '', '', '', '', 0, 0, 0, 'Alta');
INSERT INTO `pds` (`id_pds`, `client_pds`, `reference`, `type_pds`, `territory`, `panelado_pds`, `dispo`, `commercial`, `cif`, `picture_url`, `m2_fo`, `m2_bo`, `m2_total`, `type_via`, `address`, `zip`, `city`, `province`, `county`, `schedule`, `phone`, `mobile`, `email`, `contact_contact_person`, `contact_in_charge`, `contact_supervisor`, `status`) VALUES
(2070, 1, '19440222', 13, 1, 39, '', 'CONVERSA CIEMPOZUELOS', '', '', 0, 0, 0, 8, 'JERONIMO DEL MORAL - 8', '28350', 'CIEMPOZUELOS', 28, 0, '', '911138059', '', '', 0, 0, 0, 'Alta'),
(2071, 1, '19440253', 13, 1, 39, '', 'CONVERSA GETAFE CALLE TOLEDO', '', '', 0, 0, 0, 8, 'TOLEDO - 17', '28901', 'GETAFE', 28, 0, '', '', '', '', 0, 0, 0, 'Alta'),
(2072, 1, '19440324', 13, 1, 39, '', 'CONVERSA SAN FERNANDO', '', '', 0, 0, 0, 8, 'CA', '28830', 'SAN FERNANDO DE HENARES', 28, 0, '', '', '', '', 0, 0, 0, 'Alta'),
(2073, 1, '19990079', 13, 1, 39, '', 'CONVERSA COSLADA', '', '', 0, 0, 0, 6, 'CONSTITUCION - 72', '28821', 'COSLADA', 28, 0, '', '911561179', '', '', 0, 0, 0, 'Alta'),
(2074, 1, '19990127', 13, 1, 39, '', 'TELMASUR PINTO II', '', '', 0, 0, 0, 8, 'DOLORES SORIA - 11', '28320', 'PINTO', 28, 0, '', '', '', '', 0, 0, 0, 'Alta'),
(2075, 1, '19990140', 13, 1, 39, '', 'YOURPHONE BALEARES', '', '', 0, 0, 0, 8, 'BALEARES - 3', '28931', 'MOSTOLES', 28, 0, '', '', '', '', 0, 0, 0, 'Alta'),
(2076, 1, '19990273', 13, 1, 39, '', 'CONEXION DIEGO LEON', '', '', 0, 0, 0, 8, 'DIEGO DE LEON - 57', '28006', 'MADRID', 28, 0, '', '', '', '', 0, 0, 0, 'Alta'),
(2077, 1, '19993198', 13, 1, 39, '', 'HELLO EL PARQUE', '', '', 0, 0, 0, 7, 'EL PARQUE LOCAL 18 AVDA DE EUROPA - 45', '13005', 'CIUDAD REAL', 13, 0, '', '926227588', '', '', 0, 0, 0, 'Alta'),
(2078, 1, '19993265', 13, 1, 39, '', 'PROXIMA ANTONIO LOPEZ', '', '', 0, 0, 0, 8, 'ANTONIO LOPEZ - 42', '28019', 'MADRID', 28, 0, '', '', '', '', 0, 0, 0, 'Alta'),
(2079, 1, '26000048', 13, 4, 39, '', 'ALPA TELECOMUNICACIONES 2006 ROGENT', '', '', 0, 0, 0, 8, 'ROGENT - 2', '08026', 'BARCELONA', 8, 0, '', '932659443', '', '', 0, 0, 0, 'Alta'),
(2080, 1, '26000853', 13, 4, 39, '', 'ESPACIO ORANGE ALCA', '', '', 0, 0, 0, 20, 'PAOLA BLASCO - 19', '44600', 'ALCA', 44, 0, '', '978834218', '', '', 0, 0, 0, 'Alta'),
(2081, 1, '26330001', 13, 4, 39, '', 'ARAMENA TARAZONA', '', '', 0, 0, 0, 8, 'FRANCISCO MARTINEZ SORIA - 2', '50500', 'TARAZONA', 50, 0, '', '', '', '', 0, 0, 0, 'Alta'),
(2082, 1, '26330012', 13, 4, 39, '', 'ESPACIO ORANGE DON JAIME', '', '', 0, 0, 0, 8, 'DON JAIME I - 32-34', '50001', 'ZARAGOZA', 50, 0, '', '', '', '', 0, 0, 0, 'Alta'),
(2083, 1, '29043361', 13, 4, 39, '', 'COMTIGO PASEO TERUEL', '', '', 0, 0, 0, 19, 'TERUEL - 36', '50004', 'ZARAGOZA', 50, 0, '', '', '', '', 0, 0, 0, 'Alta'),
(2084, 1, '29060252', 13, 4, 39, '', 'DIGITAL PHONE CALATAYUD', '', '', 0, 0, 0, 19, 'Cortes de Arag', '50300', 'CALATAYUD', 50, 0, '', '976546574', '', '', 0, 0, 0, 'Alta'),
(2085, 1, '29440002', 13, 4, 39, '', 'TELECOMUNICACIONES DEL SOMONTANO MONZON', '', '', 0, 0, 0, 8, 'SANTA BARBARA - 7', '22400', 'MONZON', 22, 0, '', '', '', '', 0, 0, 0, 'Alta'),
(2086, 1, '29445549', 13, 4, 39, '', 'GRUPO JATEL CONDE ARANDA', '', '', 0, 0, 0, 8, 'CONDE DE ARANDA LOCAL - 128', '50003', 'ZARAGOZA', 50, 0, '', '', '', '', 0, 0, 0, 'Alta'),
(2087, 1, '29446616', 13, 4, 39, '', 'CONEXION HOSPITALET DEL LLOBREGAT PARETO', '', '', 0, 0, 0, 8, 'PARETO - 4', '08902', 'HOSPITALET DEL LLOBREGAT', 8, 0, '', '', '', '', 0, 0, 0, 'Alta'),
(2088, 1, '29990044', 13, 4, 39, '', 'ISP CERDANYOLA DEL VALLES', '', '', 0, 0, 0, 6, 'CATALUNYA - 44', '08290', 'CERDANYOLA DEL VALLES', 8, 0, '', '695589515', '', '', 0, 0, 0, 'Alta'),
(2089, 1, '29990090', 13, 4, 39, '', 'PROXIMA ARENYS DE MAR', '', '', 0, 0, 0, 8, 'RIERA DEL BISBE POL - 47-49', '08350', 'ARENYS DE MAR', 8, 0, '', '692680231', '', '', 0, 0, 0, 'Alta'),
(2090, 1, '29990092', 13, 4, 39, '', 'PROXIMA BARCELONA TRAVESSERA DE DALT', '', '', 0, 0, 0, 24, 'DE DALT - 11', '08024', 'BARCELONA', 8, 0, '', '695456984', '', '', 0, 0, 0, 'Alta'),
(2091, 1, '29990094', 13, 4, 39, '', 'BCTEL PLATJA D''ARO', '', '', 0, 0, 0, 6, 'S''AGARO LC 1A - 2', '17250', 'CASTELL-PLATJA D''ARO', 17, 0, '', '605150077', '', '', 0, 0, 0, 'Alta'),
(2092, 1, '29990126', 13, 4, 39, '', 'COMTIGO FRAGA', '', '', 0, 0, 0, 6, 'ARAGON - 60', '22520', 'FRAGA', 22, 0, '', '974474561', '', '', 0, 0, 0, 'Alta'),
(2093, 1, '29990130', 13, 4, 39, '', 'COMTIGO PASCUALA PERIE', '', '', 0, 0, 0, 8, 'PASCUALA PERIE - 21', '50014', 'ZARAGOZA', 50, 0, '', '', '', '', 0, 0, 0, 'Alta'),
(2094, 1, '29990132', 13, 4, 39, '', 'ISP CALDES DE MONTBUI', '', '', 0, 0, 0, 8, 'SANTA TERESA - 4', '08140', 'CALDES DE MONTBUI', 8, 0, '', '938654142', '', '', 0, 0, 0, 'Alta'),
(2095, 1, '29990140', 13, 4, 39, '', 'ISP PARAL.LEL', '', '', 0, 0, 0, 8, 'SANT PAU - 119', '08001', 'BARCELONA', 8, 0, '', '934410080', '', '', 0, 0, 0, 'Alta'),
(2096, 1, '29990146', 13, 4, 39, '', 'PR', '', '', 0, 0, 0, 8, 'COMPTE BORRELL - 54', '08015', 'BARCELONA', 8, 0, '', '935798022', '', '', 0, 0, 0, 'Alta'),
(2097, 1, '29990198', 13, 4, 39, '', 'BCTEL TORREDEMBARRA', '', '', 0, 0, 0, 8, 'ANTONI ROIG - 29', '43830', 'TORREDEMBARRA', 43, 0, '', '', '', '', 0, 0, 0, 'Alta'),
(2098, 1, '29990208', 13, 4, 39, '', 'PROXIMA EL MASNOU', '', '', 0, 0, 0, 8, 'BARCELONA - 7', '08320', 'EL MASNOU', 8, 0, '', '937963817', '', '', 0, 0, 0, 'Alta'),
(2099, 1, '29993677', 13, 4, 39, '', 'TELRED ROSES', '', '', 0, 0, 0, 6, 'JAUME I LOCAL A EDIFICIO LA PUNTA II - 9_11', '17480', 'ROSES', 17, 0, '', '', '', '', 0, 0, 0, 'Alta'),
(2100, 1, '29994022', 13, 4, 39, '', 'ISP MANLLEU', '', '', 0, 0, 0, 19, 'SANT JOAN - 72', '08560', 'MANLLEU', 8, 0, '', '', '', '', 0, 0, 0, 'Alta'),
(2101, 1, '36000998', 13, 7, 39, '', 'ESPACIO ORANGE ARDIGALES CASTRO', '', '', 0, 0, 0, 8, 'HURTADO DE MENDOZA - 4', '39700', 'CASTRO URDIALES', 39, 0, '', '942865577', '', '', 0, 0, 0, 'Alta'),
(2102, 1, '39042939', 13, 6, 39, '', 'DUATEL TUI', '', '', 0, 0, 0, 8, 'AUGUSTO GONZALEZ BESADA - 18 IZQUIERDA', '36700', 'TUI', 36, 0, '', '', '', '', 0, 0, 0, 'Alta'),
(2103, 1, '39440058', 13, 6, 39, '', 'CONEXION VIVEIRO', '', '', 0, 0, 0, 20, 'DE LUGO - 8', '27850', 'VIVEIRO', 27, 0, '', '', '', '', 0, 0, 0, 'Alta'),
(2104, 1, '39440075', 13, 6, 39, '', 'TOHNOS VALENTIN MASIP', '', '', 0, 0, 0, 8, 'VALENTIN MASIP - 20', '33013', 'OVIEDO', 33, 0, '', '', '', '', 0, 0, 0, 'Alta'),
(2105, 1, '39440076', 13, 6, 39, '', 'TOHNOS MIERES', '', '', 0, 0, 0, 8, 'MANUEL LLANEZA - 36', '33600', 'MIERES', 33, 0, '', '', '', '', 0, 0, 0, 'Alta'),
(2106, 1, '39440078', 13, 6, 39, '', 'OSHOP SANTIAGO DE COMPOSTELA', '', '', 0, 0, 0, 8, 'FRAY ROSENDO SALVADO - 13', '15701', 'SANTIAGO DE COMPOSTELA', 15, 0, '', '', '', '', 0, 0, 0, 'Alta'),
(2107, 1, '39440101', 13, 6, 39, '', 'COMUNICAMASI MONFORTE', '', '', 0, 0, 0, 6, 'DE GALICIA - 37', '27400', 'MONFORTE DE LEMOS', 27, 0, '', '', '', '', 0, 0, 0, 'Alta'),
(2108, 1, '39992356', 13, 6, 39, '', 'PROXIMA MARIN II', '', '', 0, 0, 0, 8, 'JAIME JANER - 2', '36900', 'MARIN', 36, 0, '', '', '', '', 0, 0, 0, 'Alta'),
(2109, 1, '39993623', 13, 7, 39, '', 'ESTELA NORTE CABEZON', '', '', 0, 0, 0, 6, 'DE CANTABRIA - 19', '39500', 'CABEZON DE LA SAL', 39, 0, '', '942702828', '', '', 0, 0, 0, 'Alta'),
(2110, 1, '46000057', 13, 5, 39, '', 'COMUNICACIONES ERINA ALBERIQUE', '', '', 0, 0, 0, 8, 'RAMON Y CAJAL - 30', '46260', 'ALBERIQUE', 46, 0, '', '962441639', '', '', 0, 0, 0, 'Alta'),
(2111, 1, '46000084', 13, 5, 39, '', 'COMUNICACIONES ERINA XATIVA', '', '', 0, 0, 0, 20, 'PAIS VALENCIA - 1 BAJO IZQ', '46800', 'XATIVA', 46, 0, '', '', '', '', 0, 0, 0, 'Alta'),
(2112, 1, '48810013', 13, 5, 39, '', 'FANS VALENCIA AVDA BURJASSOT', '', '', 0, 0, 0, 6, 'BURJASSOT - 193', '46015', 'VALENCIA', 46, 0, '', '', '', '', 0, 0, 0, 'Alta'),
(2113, 1, '49047574', 13, 5, 39, '', 'RECICLAJES ECOPLANA DOCTOR MARA', '', '', 0, 0, 0, 20, 'DOCTOR MARA', '12005', 'CASTELLON DE LA PLANA', 12, 0, '', '964722743', '', '', 0, 0, 0, 'Alta'),
(2114, 1, '49050000', 13, 5, 39, '', 'TELECONCEPT OLIVA', '', '', 0, 0, 0, 8, 'PADRE ANTONIO SALELLES - 3', '46780', 'OLIVA', 46, 0, '', '', '', '', 0, 0, 0, 'Alta'),
(2115, 1, '49440080', 13, 5, 39, '', 'INNOVACOM BENETUSSER', '', '', 0, 0, 0, 8, 'CAMI NOU - 117 BAJO', '46910', 'BENETUSSER', 46, 0, '', '961841729', '', '', 0, 0, 0, 'Alta'),
(2116, 1, '49440133', 13, 5, 39, '', 'VILOVI COMUNICACIONES LIBERTAD', '', '', 0, 0, 0, 8, 'DIAGONAL - 2', '03206', 'ELCHE', 3, 0, '', '966931206', '', '', 0, 0, 0, 'Alta'),
(2117, 1, '49440135', 13, 5, 39, '', 'INNOVACOM FESTIVAL PARK', '', '', 0, 0, 0, 7, 'FESTIVAL PARK CTRA PALMA-INCA KM. 7,1 - (L 119 C', '07141', 'MARRATXI', 7, 0, '', '', '', '', 0, 0, 0, 'Alta'),
(2118, 1, '49440153', 13, 5, 39, '', 'JUROMA PERE GARAU', '', '', 0, 0, 0, 20, 'PERE GARAU - 2', '07007', 'PALMA DE MALLORCA', 7, 0, '', '', '', '', 0, 0, 0, 'Alta'),
(2119, 1, '49440184', 13, 5, 39, '', 'GRUPO ROZALEN SAN VICENTE', '', '', 0, 0, 0, 8, 'ANCHA DE CASTELAR - 78', '03690', 'SAN VICENTE DEL RASPEIG', 3, 0, '', '', '', '', 0, 0, 0, 'Alta'),
(2120, 1, '49440270', 13, 5, 39, '', 'TELECOM LA HORTA SUD XIRIVELLA', '', '', 0, 0, 0, 6, 'DEL CAMI NOU - 65', '46950', 'XIRIVELLA', 46, 0, '', '', '', '', 0, 0, 0, 'Alta'),
(2121, 1, '49444930', 13, 5, 39, '', 'JUROMA', '', '', 0, 0, 0, 6, 'DEL FERROCARRIL - 87 BAJOS', '07500', 'MANACOR', 7, 0, '', '', '', '', 0, 0, 0, 'Alta'),
(2122, 1, '49447241', 13, 5, 39, '', 'TELECOM LA HORTA SUD QUART DE POBLET', '', '', 0, 0, 0, 8, 'SAN ONOFRE - 7', '46930', 'QUART DE POBLET', 46, 0, '', '', '', '', 0, 0, 0, 'Alta'),
(2123, 1, '49990006', 13, 5, 39, '', 'PLANET RAMON GALLUD', '', '', 0, 0, 0, 8, 'RAMON GALLUD - 34', '03181', 'TORREVIEJA', 3, 0, '', '', '', '', 0, 0, 0, 'Alta'),
(2124, 1, '49990061', 13, 5, 39, '', 'PROXIMA ALCOY', '', '', 0, 0, 0, 7, 'ALZAMORA ELS AL', '03802', 'ALCOY', 3, 0, '', '695456960', '', '', 0, 0, 0, 'Alta'),
(2125, 1, '49990083', 13, 5, 39, '', 'REDITEL CARTAGENA', '', '', 0, 0, 0, 8, 'ANGEL BRUNA - 25', '30203', 'CARTAGENA', 30, 0, '', '968520429', '', '', 0, 0, 0, 'Alta'),
(2126, 1, '49990136', 13, 5, 39, '', 'IS CELL & WEB GUARDAMAR', '', '', 0, 0, 0, 8, 'MAYOR - 24 BAJO', '03140', 'GUARDAMAR DEL SEGURA', 3, 0, '', '', '', '', 0, 0, 0, 'Alta'),
(2127, 1, '49990143', 13, 5, 39, '', 'PROXIMA VILLARREAL', '', '', 0, 0, 0, 6, 'LA MUR', '12540', 'VILLAREAL', 12, 0, '', '', '', '', 0, 0, 0, 'Alta'),
(2128, 1, '49990152', 13, 5, 39, '', 'DIGITAL WAP ALCUDIA', '', '', 0, 0, 0, 8, 'POLLENTIA - 15 BAJOS', '07400', 'ALCUDIA', 7, 0, '', '', '', '', 0, 0, 0, 'Alta'),
(2129, 1, '49990156', 13, 5, 39, '', 'DIGITAL WAP AVENIDA DE ALICANTE', '', '', 0, 0, 0, 6, 'ALICANTE - 55', '03202', 'ELCHE', 3, 0, '', '965458254', '', '', 0, 0, 0, 'Alta'),
(2130, 1, '56000094', 13, 3, 39, '', 'ESPACIO ORANGE LA UNION', '', '', 0, 0, 0, 8, 'LA UNION - 65', '29003', 'MALAGA', 29, 0, '', '', '', '', 0, 0, 0, 'Alta'),
(2131, 1, '56000152', 13, 3, 39, '', 'ESPACIO ORANGE MARTINEZ DE LA ROSA', '', '', 0, 0, 0, 8, 'MARTINEZ DE LA ROSA - 114', '29010', 'MALAGA', 29, 0, '', '', '', '', 0, 0, 0, 'Alta'),
(2132, 1, '59440055', 13, 3, 39, '', 'DIRECTO MOVIL ESTEPONA', '', '', 0, 0, 0, 8, 'TERRAZA - 16', '29680', 'ESTEPONA', 29, 0, '', '952806911', '', '', 0, 0, 0, 'Alta'),
(2133, 1, '59440128', 13, 3, 39, '', 'TELEMOVIL PRIOR LOS PALACIOS', '', '', 0, 0, 0, 6, 'DE UTRERA - 13', '41720', 'LOS PALACIOS Y VILLAFRANCA', 41, 0, '', '', '', '', 0, 0, 0, 'Alta'),
(2134, 1, '59440233', 13, 3, 39, '', 'MAXIMOVIL VELEZ MALAGA', '', '', 0, 0, 0, 8, 'CAMINO DE MALAGA - 40', '29700', 'VELEZ MALAGA', 29, 0, '', '', '', '', 0, 0, 0, 'Alta'),
(2135, 1, '59440236', 13, 3, 39, '', 'GRUPO PROMOVIL HUELVA LA MERCED', '', '', 0, 0, 0, 19, 'INDEPENDENCIA - 22', '21002', 'HUELVA', 21, 0, '', '', '', '', 0, 0, 0, 'Alta'),
(2136, 1, '59440240', 13, 3, 39, '', 'GRUPO PROMOVIL CALLE REAL', '', '', 0, 0, 0, 8, 'REAL - 91', '11100', 'SAN FERNANDO', 11, 0, '', '', '', '', 0, 0, 0, 'Alta'),
(2137, 1, '59440269', 13, 3, 39, '', 'DTV TELECOM MORON', '', '', 0, 0, 0, 8, 'POZO NUEVO - 17', '41530', 'MORON DE LA FRONTERA', 41, 0, '', '', '', '', 0, 0, 0, 'Alta'),
(2138, 1, '59440320', 13, 3, 39, '', 'TELEMOVILPRIOR MONTEQUINTO', '', '', 0, 0, 0, 8, 'MESINA - (L COMERCIAL 11-A', '41089', 'DOS HERMANAS', 41, 0, '', '955233944', '', '', 0, 0, 0, 'Alta'),
(2139, 1, '59440321', 13, 3, 39, '', 'ONUFONE BLAS DE LEZO', '', '', 0, 0, 0, 8, 'BLAS DE LEZO - 11', '29011', 'MALAGA', 29, 0, '', '', '', '', 0, 0, 0, 'Alta'),
(2140, 1, '59440329', 13, 3, 39, '', 'ANEVINIP DON BENITO', '', '', 0, 0, 0, 8, 'RAMON Y CAJAL - 10', '06400', 'DON BENITO', 6, 0, '', '924806210', '', '', 0, 0, 0, 'Alta'),
(2141, 1, '59445186', 13, 3, 39, '', 'DIGITAL BAILEN', '', '', 0, 0, 0, 20, 'GENERAL CASTA', '23710', 'BAILEN', 23, 0, '', '953678055', '', '', 0, 0, 0, 'Alta'),
(2142, 1, '59445653', 13, 3, 39, '', 'CONEXION SAN JACINTO', '', '', 0, 0, 0, 8, 'SAN JACINTO - 19', '41010', 'SEVILLA', 41, 0, '', '', '', '', 0, 0, 0, 'Alta'),
(2143, 1, '59448875', 13, 3, 39, '', 'TELEMOVIL PRIOR ESPA', '', '', 0, 0, 0, 6, 'REYES CATOLICOS - 116-118', '41702', 'DOS HERMANAS', 41, 0, '', '955675130', '', '', 0, 0, 0, 'Alta'),
(2144, 1, '59990098', 13, 3, 39, '', 'OK CLUB BERMEJALES', '', '', 0, 0, 0, 6, 'ALEMANIA - 20', '41012', 'SEVILLA', 41, 0, '', '', '', '', 0, 0, 0, 'Alta'),
(2145, 1, '59990153', 13, 3, 39, '', 'ONUFONE BENALMADENA', '', '', 0, 0, 0, 6, 'DE LA CONSTITUCION EDIFICION GAVILAN - 36 (L 1', '29631', 'BENALMADENA', 29, 0, '', '952574136', '', '', 0, 0, 0, 'Alta'),
(2146, 1, '69440051', 13, 3, 39, '', 'GRUPO PROMOVIL LOS CRISTIANOS', '', '', 0, 0, 0, 8, 'BULEVAR CHAJOFE EDIFICIO MARTE - (L 12)', '38650', 'ARONA PLAYA DE LAS AMERICAS', 38, 0, '', '922798688', '', '', 0, 0, 0, 'Alta'),
(2147, 1, '69440056', 13, 3, 39, '', 'GRUPO PROMOVIL GALDAR', '', '', 0, 0, 0, 8, 'SORONT SEMIDAN - 4', '35460', 'GALDAR', 35, 0, '', '928897246', '', '', 0, 0, 0, 'Alta'),
(2148, 1, '69440068', 13, 3, 39, '', 'YOUR PHONE DEILAND', '', '', 0, 0, 0, 7, 'DEILAND C CHIMIDAS - 20  LCL S183 PLTA BAJA PLAYA HONDA', '35500', 'SAN BARTOLOME', 35, 0, '', '', '', '', 0, 0, 0, 'Alta'),
(2149, 1, '69445443', 13, 3, 39, '', 'LORENA GOMEZ SANJUAN SC LA PALMA', '', '', 0, 0, 0, 8, 'ANSELMO PEREZ DE BRITO - 6', '38700', 'SANTA CRUZ DE LA PALMA', 38, 0, '', '', '', '', 0, 0, 0, 'Alta'),
(2150, 1, '79990015', 13, 7, 39, '', 'YOUR PHONE BILBAO', '', '', 0, 0, 0, 8, 'BUENOS AIRES - 4', '48001', 'BILBAO', 48, 0, '', '944242642', '', '', 0, 0, 0, 'Alta'),
(2151, 1, '79990078', 13, 7, 39, '', 'YOUR PHONE RENTERIA', '', '', 0, 0, 0, 20, 'DIPUTACION DE GUIPUZCOA - 1', '20100', 'RENTERIA', 20, 0, '', '', '', '', 0, 0, 0, 'Alta'),
(2152, 1, '79990079', 13, 7, 39, '', 'YOUR PHONE LASARTE', '', '', 0, 0, 0, 6, 'HIPODROMO - 10', '20160', 'LASARTE', 20, 0, '', '', '', '', 0, 0, 0, 'Alta'),
(2153, 1, '49050007', 13, 5, 40, '', 'TELECONCEPT BENIDORM', '', '', 0, 0, 0, 8, 'LOS ALMENDROS - 20', '03501', 'BENIDORM', 3, 0, '', '966811333', '', '', 0, 0, 0, 'Alta'),
(2154, 1, '16000095', 13, 1, 41, '', 'TCP JUAN CARLOS I TALAVERA', '', '', 0, 0, 0, 6, 'JUAN CARLOS I - 6', '45600', 'TALAVERA DE LA REINA', 45, 0, '', '', '', '', 0, 0, 0, 'Alta'),
(2155, 1, '16000102', 13, 1, 41, '', 'TCP HACIENDA DE PAVONES', '', '', 0, 0, 0, 8, 'HACIENDA DE PAVONES - 3', '28030', 'MADRID', 28, 0, '', '', '', '', 0, 0, 0, 'Alta'),
(2156, 1, '16000132', 13, 6, 41, '', 'ESPACIO ORANGE MODESTO LAFUENTE', '', '', 0, 0, 0, 6, 'MODESTO LAFUENTE - 14', '34002', 'PALENCIA', 34, 0, '', '', '', '', 0, 0, 0, 'Alta'),
(2157, 1, '16000139', 13, 6, 41, '', 'TELMUNDO CARREFOUR SALAMANCA', '', '', 0, 0, 0, 6, 'AGUSTINOS RECOLETOS - S/N (L6)', '37005', 'SALAMANCA', 37, 0, '', '', '', '', 0, 0, 0, 'Alta'),
(2158, 1, '16000952', 13, 1, 41, '', 'TCP LOPEZ HOYOS', '', '', 0, 0, 0, 8, 'LOPEZ DE HOYOS - 121', '28002', 'MADRID', 28, 0, '', '', '', '', 0, 0, 0, 'Alta'),
(2159, 1, '16001063', 13, 6, 41, '', 'TELMUNDO ZAMORA', '', '', 0, 0, 0, 8, 'ZAMORA - 70', '37005', 'SALAMANCA', 37, 0, '', '', '', '', 0, 0, 0, 'Alta'),
(2160, 1, '16450004', 13, 1, 41, '', 'SERTEL CLARA DEL REY', '', '', 0, 0, 0, 8, 'DE CLARA DEL REY - 58', '28002', 'MADRID', 28, 0, '', '', '', '', 0, 0, 0, 'Alta'),
(2161, 1, '16540006', 13, 1, 41, '', 'INDALO ARGANDA', '', '', 0, 0, 0, 14, 'LOECHES - 2', '28500', 'ARGANDA DEL REY', 28, 0, '', '911642190', '', '', 0, 0, 0, 'Alta'),
(2162, 1, '16690012', 13, 1, 41, '', 'GLOBALTELCO GUADALAJARA AMPARO', '', '', 0, 0, 0, 8, 'PADRE FELIX FLORES - 1', '19002', 'GUADALAJARA', 19, 0, '', '', '', '', 0, 0, 0, 'Alta'),
(2163, 1, '16690015', 13, 1, 41, '', 'GLOBALTELCO MARQUES ALONSO MARTINEZ', '', '', 0, 0, 0, 8, 'MARQUES ALONSO MARTINEZ - 7', '28805', 'ALCALA DE HENARES', 28, 0, '', '918779209', '', '', 0, 0, 0, 'Alta'),
(2164, 1, '16690040', 13, 1, 41, '', 'GLOBALTELCO BARAJAS', '', '', 0, 0, 0, 6, 'GENERAL - 37', '28042', 'MADRID', 28, 0, '', '', '', '', 0, 0, 0, 'Alta'),
(2165, 1, '19046348', 13, 1, 41, '', 'CONVERSA ARANJUEZ', '', '', 0, 0, 0, 8, 'ALMIBAR - 107', '28300', 'ARANJUEZ', 28, 0, '', '605913851', '', '', 0, 0, 0, 'Alta'),
(2166, 1, '19440028', 13, 1, 41, '', 'OSHOP PLAZA NUEVA LEGANES', '', '', 0, 0, 0, 7, 'PLAZA NUEVA LEGANES AVDA PUERTA DEL SOL 2C - S/N (L 15', '28918', 'LEGANES', 28, 0, '', '', '', '', 0, 0, 0, 'Alta'),
(2167, 1, '19440144', 13, 1, 41, '', 'MANCHATEL PUERTOLLANO', '', '', 0, 0, 0, 8, 'ADUANA - 50', '13500', 'PUERTOLLANO', 13, 0, '', '', '', '', 0, 0, 0, 'Alta'),
(2168, 1, '19440162', 13, 1, 41, '', 'MANCHATEL CIUDAD REAL PALOMA', '', '', 0, 0, 0, 8, 'PALOMA - 1', '13004', 'CIUDAD REAL', 13, 0, '', '', '', '', 0, 0, 0, 'Alta'),
(2169, 1, '19440207', 13, 1, 41, '', 'CONVERSA RIVAS CENTRO', '', '', 0, 0, 0, 20, 'DE LA CONSTITUCION - 2 (L 5', '28522', 'RIVAS-VACIAMADRID', 28, 0, '', '', '', '', 0, 0, 0, 'Alta'),
(2170, 1, '19440334', 13, 1, 41, '', 'CONVERSA TOMELLOSO', '', '', 0, 0, 0, 8, 'DON VICTOR PE', '13700', 'TOMELLOSO', 13, 0, '', '', '', '', 0, 0, 0, 'Alta'),
(2171, 1, '19447604', 13, 1, 41, '', 'GRUPO PROMOVIL I GUADALAJARA', '', '', 0, 0, 0, 7, 'FERIAL PLANTA BAJA PLAZA DE GUADALAJARA - S/N (L 4', '19003', 'GUADALAJARA', 19, 0, '', '', '', '', 0, 0, 0, 'Alta'),
(2172, 1, '19447971', 13, 1, 41, '', 'CONEXION PASEO DE EXTREMADURA', '', '', 0, 0, 0, 19, 'DE EXTREMADURA - 154', '28011', 'MADRID', 28, 0, '', '', '', '', 0, 0, 0, 'Alta'),
(2173, 1, '19990071', 13, 1, 41, '', 'TELMASUR PINTO', '', '', 0, 0, 0, 7, 'PLAZA EBOLI AVDA PABLO PICASSO - S/N', '28320', 'PINTO', 28, 0, '', '', '', '', 0, 0, 0, 'Alta'),
(2174, 1, '19990095', 13, 1, 41, '', 'PROXIMA MADRID GENERAL RICARDOS', '', '', 0, 0, 0, 8, 'GENERAL RICARDOS - 99', '28019', 'MADRID', 28, 0, '', '', '', '', 0, 0, 0, 'Alta'),
(2175, 1, '19990113', 13, 1, 41, '', 'TELMASUR FRANCOS RODRIGUEZ', '', '', 0, 0, 0, 8, 'FRANCOS RODRIGUEZ - 48', '28039', 'MADRID', 28, 0, '', '', '', '', 0, 0, 0, 'Alta'),
(2176, 1, '19990139', 13, 1, 41, '', 'YOURPHONE CC LA VI', '', '', 0, 0, 0, 7, 'LA VI', '28701', 'SAN SEBASTIAN DE LOS REYES', 28, 0, '', '', '', '', 0, 0, 0, 'Alta'),
(2177, 1, '19990241', 13, 1, 41, '', 'TELMASUR ALUCHE', '', '', 0, 0, 0, 8, 'CAMARENA - 112', '28047', 'MADRID', 28, 0, '', '', '', '', 0, 0, 0, 'Alta'),
(2178, 1, '19990242', 13, 1, 41, '', 'TELMASUR BRAVO MURILLO II', '', '', 0, 0, 0, 8, 'BRAVO MURILLO - 9', '28015', 'MADRID', 28, 0, '', '', '', '', 0, 0, 0, 'Alta'),
(2179, 1, '19990270', 13, 1, 41, '', 'CONVERSA CALLE ILLESCAS', '', '', 0, 0, 0, 8, 'ILLESCAS - 18', '28024', 'MADRID', 28, 0, '', '', '', '', 0, 0, 0, 'Alta'),
(2180, 1, '19993187', 13, 6, 41, '', 'HELLO VIALIA', '', '', 0, 0, 0, 7, 'VIALIA PASEO DE LA ESTACI', '37004', 'SALAMANCA', 37, 0, '', '', '', '', 0, 0, 0, 'Alta'),
(2181, 1, '19993476', 13, 1, 41, '', 'PROXIMA ALCOBENDAS', '', '', 0, 0, 0, 8, 'CONSTITUCION - 3', '28100', 'ALCOBENDAS', 28, 0, '', '916542633', '', '', 0, 0, 0, 'Alta'),
(2182, 1, '26000000', 13, 4, 41, '', 'SELLERS TELECOMUNICACIONES ESPARRAGUERA', '', '', 0, 0, 0, 14, 'PIERA - 2', '08292', 'ESPARRAGUERA', 8, 0, '', '937778950', '', '', 0, 0, 0, 'Alta'),
(2183, 1, '26000975', 13, 4, 41, '', 'ALPA TELECOMUNICACIONES 2006 BARCELONA VALENCIA', '', '', 0, 0, 0, 8, 'VALENCIA - 265', '08007', 'BARCELONA', 8, 0, '', '934879897', '', '', 0, 0, 0, 'Alta'),
(2184, 1, '26360000', 13, 4, 41, '', 'KIWITEL CASTELLDEFELS', '', '', 0, 0, 0, 8, 'ESGLESIA - 26', '08860', 'CASTELLDEFELS', 8, 0, '', '936645503', '', '', 0, 0, 0, 'Alta'),
(2185, 1, '26360017', 13, 4, 41, '', 'KIWITEL VIA JULIA', '', '', 0, 0, 0, 8, 'VIA JULIA BAJOS - 37', '08042', 'BARCELONA', 8, 0, '', '933531154', '', '', 0, 0, 0, 'Alta'),
(2186, 1, '28810008', 13, 7, 41, '', 'FANS LOGRO', '', '', 0, 0, 0, 8, 'PEREZ GALDOS - 53', '26002', 'LOGRO', 26, 0, '', '', '', '', 0, 0, 0, 'Alta'),
(2187, 1, '29060230', 13, 4, 41, '', 'DIGITAL PHONE DELICIAS', '', '', 0, 0, 0, 8, 'DELICIAS - 49', '50017', 'ZARAGOZA', 50, 0, '', '', '', '', 0, 0, 0, 'Alta'),
(2188, 1, '29440172', 13, 4, 41, '', 'RECICLAJES ECOPLANA RONDA', '', '', 0, 0, 0, 19, 'GRAN PASSEIG DE RONDA - 81', '25006', 'LERIDA', 25, 0, '', '', '', '', 0, 0, 0, 'Alta'),
(2189, 1, '29443649', 13, 4, 41, '', 'ESTEL.COM BALAGUER', '', '', 0, 0, 0, 8, 'URGELL - 78-80', '25600', 'BALAGUER', 25, 0, '', '973443423', '', '', 0, 0, 0, 'Alta'),
(2190, 1, '29447449', 13, 4, 41, '', 'MOBIL CERDANYOLA', '', '', 0, 0, 0, 8, 'FRANCESC LAYRET - 74', '08290', 'CERDANYOLA DEL VALLES', 8, 0, '', '935863071', '', '', 0, 0, 0, 'Alta'),
(2191, 1, '29990002', 13, 4, 41, '', 'TELRED BANYOLES', '', '', 0, 0, 0, 6, 'PA', '17820', 'BANYOLES', 17, 0, '', '972576869', '', '', 0, 0, 0, 'Alta'),
(2192, 1, '29990040', 13, 4, 41, '', 'YOUR PHONE VIA SABADELL', '', '', 0, 0, 0, 7, 'VIA SABADELL C/ CAN BORRELL - 27-37 EDIF B LCL 4', '08205', 'SABADELL', 8, 0, '', '', '', '', 0, 0, 0, 'Alta'),
(2193, 1, '29990042', 13, 4, 41, '', 'BCTEL GUIPUZCOA', '', '', 0, 0, 0, 21, 'GUIPUZCOA - 79', '08020', 'BARCELONA', 8, 0, '', '933138491', '', '', 0, 0, 0, 'Alta'),
(2194, 1, '29990061', 13, 4, 41, '', 'ONDALIBRE MONTCADA', '', '', 0, 0, 0, 8, 'MAJOR - 82', '08110', 'MONTCADA I REIXAC', 8, 0, '', '', '', '', 0, 0, 0, 'Alta'),
(2195, 1, '29990075', 13, 4, 41, '', 'PROXIMA PREMIA DE MAR', '', '', 0, 0, 0, 8, 'GRAN V', '08330', 'PREMIA DE MAR', 8, 0, '', '', '', '', 0, 0, 0, 'Alta'),
(2196, 1, '29990087', 13, 4, 41, '', 'PROXIMA CC SPLAU CORNELLA', '', '', 0, 0, 0, 7, 'SPLAU AVDA BAIX LLOBREGAT LO 53A-B - 121', '08940', 'CORNELLA DE LLOBREGAT', 8, 0, '', '695456957', '', '', 0, 0, 0, 'Alta'),
(2197, 1, '29990091', 13, 4, 41, '', 'PROXIMA BARCELONA AV GAUDI', '', '', 0, 0, 0, 6, 'GAUDI - 30', '08025', 'BARCELONA', 8, 0, '', '695456981', '', '', 0, 0, 0, 'Alta'),
(2198, 1, '29990134', 13, 4, 41, '', 'TELRED PALAMOS', '', '', 0, 0, 0, 6, 'CATALUNYA - 27', '17230', 'PALAMOS', 17, 0, '', '', '', '', 0, 0, 0, 'Alta'),
(2199, 1, '29990136', 13, 4, 41, '', 'HORTATEL SANTA COLOMA', '', '', 0, 0, 0, 6, 'SANTA COLOMA - 40', '08922', 'SANTA COLOMA DE GRAMENET', 8, 0, '', '', '', '', 0, 0, 0, 'Alta'),
(2200, 1, '29990141', 13, 4, 41, '', 'BCTEL TORTOSA', '', '', 0, 0, 0, 20, 'D''AGUSTI QUEROL - 4', '43500', 'TORTOSA', 43, 0, '', '', '', '', 0, 0, 0, 'Alta'),
(2201, 1, '29990145', 13, 4, 41, '', 'PR', '', '', 0, 0, 0, 8, 'GAIETA VINZIA - 13', '08100', 'MOLLET DEL VALLES', 8, 0, '', '', '', '', 0, 0, 0, 'Alta'),
(2202, 1, '29990154', 13, 4, 41, '', 'PROXIMA VALLS', '', '', 0, 0, 0, 8, 'AVENIR - 28', '43800', 'VALLS', 43, 0, '', '', '', '', 0, 0, 0, 'Alta'),
(2203, 1, '29990157', 13, 4, 41, '', 'YOUR PHONE GRANOLLERS', '', '', 0, 0, 0, 20, 'CORONA - 4', '08402', 'GRANOLLERS', 8, 0, '', '', '', '', 0, 0, 0, 'Alta'),
(2204, 1, '29990163', 13, 4, 41, '', 'HORTATEL OLESA', '', '', 0, 0, 0, 19, 'PROGRES - 4', '08640', 'OLESA DE MONTSERRAT', 8, 0, '', '', '', '', 0, 0, 0, 'Alta'),
(2205, 1, '29990164', 13, 4, 41, '', 'ONDALIBRE HOSPITALET', '', '', 0, 0, 0, 8, 'PUJOS - 125', '08904', 'HOSPITALET DEL LLOBREGAT', 8, 0, '', '', '', '', 0, 0, 0, 'Alta'),
(2206, 1, '29990195', 13, 4, 41, '', 'YOUR PHONE CORNELLA', '', '', 0, 0, 0, 8, 'DOCTOR ARUS - 2 BJ', '08940', 'CORNELLA DE LLOBREGAT', 8, 0, '', '933751242', '', '', 0, 0, 0, 'Alta'),
(2207, 1, '29990201', 13, 4, 41, '', 'YOUR PHONE EL PRAT', '', '', 0, 0, 0, 6, 'VIRGEN DE MONTSERRAT - 100', '08820', 'EL PRAT DE LLOBREGAT', 8, 0, '', '933741826', '', '', 0, 0, 0, 'Alta'),
(2208, 1, '29990202', 13, 4, 41, '', 'YOUR PHONE GAVA', '', '', 0, 0, 0, 8, 'SANT PERE - 19', '08850', 'GAVA', 8, 0, '', '', '', '', 0, 0, 0, 'Alta'),
(2209, 1, '29990225', 13, 7, 41, '', 'COMTIGO PAMPLONA', '', '', 0, 0, 0, 20, 'DEL VINCULO - S/N', '31002', 'PAMPLONA', 31, 0, '', '', '', '', 0, 0, 0, 'Alta'),
(2210, 1, '29990258', 13, 4, 41, '', 'ISP HERON CITY', '', '', 0, 0, 0, 7, 'HERON CITY BARCELONA AVDA RIO DE JANEIRO - (L 1.12', '08016', 'BARCELONA', 8, 0, '', '933536231', '', '', 0, 0, 0, 'Alta'),
(2211, 1, '29992877', 13, 4, 41, '', 'HORTATEL HORTA', '', '', 0, 0, 0, 8, 'HORTA - 44', '08031', 'BARCELONA', 8, 0, '', '934295988', '', '', 0, 0, 0, 'Alta'),
(2212, 1, '29993122', 13, 4, 41, '', 'PROXIMA PINEDA DE MAR', '', '', 0, 0, 0, 6, 'HISPANITAT - 23', '08397', 'PINEDA DE MAR', 8, 0, '', '', '', '', 0, 0, 0, 'Alta'),
(2213, 1, '29993233', 13, 4, 41, '', 'BCTEL AMPOSTA', '', '', 0, 0, 0, 6, 'DE LA R', '43870', 'AMPOSTA', 43, 0, '', '977703468', '', '', 0, 0, 0, 'Alta'),
(2214, 1, '29994033', 13, 4, 41, '', 'PROXIMA BLANES', '', '', 0, 0, 0, 8, 'AMPLE - 33', '17300', 'BLANES', 17, 0, '', '685915945', '', '', 0, 0, 0, 'Alta'),
(2215, 1, '29994099', 13, 4, 41, '', 'YOUR PHONE BADALONA', '', '', 0, 0, 0, 8, 'DE LA SALUT - 63', '08914', 'BADALONA', 8, 0, '', '657853841', '', '', 0, 0, 0, 'Alta'),
(2216, 1, '36540005', 13, 6, 41, '', 'SERTEL RIBADEO', '', '', 0, 0, 0, 6, 'GALICIA - 17', '27700', 'RIBADEO', 27, 0, '', '', '', '', 0, 0, 0, 'Alta'),
(2217, 1, '36710066', 13, 6, 41, '', 'MULTISERVICIOS PADRON', '', '', 0, 0, 0, 8, 'FONDO DE VILA - 2', '15900', 'PADRON', 15, 0, '', '', '', '', 0, 0, 0, 'Alta'),
(2218, 1, '36710075', 13, 6, 41, '', 'MULTISERVICIOS LOUREIRO CRESPO', '', '', 0, 0, 0, 20, 'PINTOR ARTURO SOUTO - 1 (L 8', '36004', 'PONTEVEDRA', 36, 0, '', '', '', '', 0, 0, 0, 'Alta'),
(2219, 1, '39040000', 13, 6, 41, '', 'DUATEL SANTIAGO V', '', '', 0, 0, 0, 8, 'ROMERO DONALLO - 1', '15706', 'SANTIAGO DE COMPOSTELA', 15, 0, '', '', '', '', 0, 0, 0, 'Alta'),
(2220, 1, '39440064', 13, 6, 41, '', 'CONEXION SANJURJO', '', '', 0, 0, 0, 8, 'SANJURJO BADIA - 169', '36207', 'VIGO', 36, 0, '', '', '', '', 0, 0, 0, 'Alta'),
(2221, 1, '39440165', 13, 7, 41, '', 'CONEXION ALISAL', '', '', 0, 0, 0, 7, 'CARREFOUR EL ALISAL C/ JOAQUIN RODRIGO - 2', '39011', 'SANTANDER', 39, 0, '', '', '', '', 0, 0, 0, 'Alta'),
(2222, 1, '39440195', 13, 6, 41, '', 'DUATEL CC ALFONSO MOLINA', '', '', 0, 0, 0, 6, 'ALFONSO MOLINA  - S/N (L 24-25', '15008', 'LA CORU', 15, 0, '', '', '', '', 0, 0, 0, 'Alta'),
(2223, 1, '39440212', 13, 6, 41, '', 'GRUPO PROMOVIL ALCALDE MIGUEL CASTA', '', '', 0, 0, 0, 8, 'ALCALDE MIGUEL CASTA', '24005', 'LEON', 24, 0, '', '', '', '', 0, 0, 0, 'Alta'),
(2224, 1, '39446040', 13, 6, 41, '', 'DUATEL RIBEIRA', '', '', 0, 0, 0, 8, 'ROSALIA DE CASTRO - 13', '15960', 'RIBEIRA', 15, 0, '', '', '', '', 0, 0, 0, 'Alta'),
(2225, 1, '39447162', 13, 6, 41, '', 'TOHNOS COSTA GIJON', '', '', 0, 0, 0, 6, 'DE LA COSTA - 130 BAJO IZDA', '33203', 'GIJON', 33, 0, '', '', '', '', 0, 0, 0, 'Alta'),
(2226, 1, '39710650', 13, 6, 41, '', 'MULTISERVICIOS VILLAGARCIA DE AROSA', '', '', 0, 0, 0, 8, 'COBIAN ESQ C/ EDELMIRO TRILLO - 1', '36600', 'VILLAGARCIA DE AROSA', 36, 0, '', '', '', '', 0, 0, 0, 'Alta'),
(2227, 1, '39990119', 13, 6, 41, '', 'COMUNICALIA FERROL CARRETERA DE CASTILLA', '', '', 0, 0, 0, 8, 'CARRETERA DE CASTILLA - 145', '15404', 'FERROL', 15, 0, '', '981372255', '', '', 0, 0, 0, 'Alta'),
(2228, 1, '39992067', 13, 6, 41, '', 'DUATEL BOIRO', '', '', 0, 0, 0, 8, 'ROBUSTIANO PEREZ DEL RIO - 16', '15930', 'BOIRO', 15, 0, '', '981844818', '', '', 0, 0, 0, 'Alta'),
(2229, 1, '46000028', 13, 5, 41, '', 'COMUNICACIONES ERINA ALGINET', '', '', 0, 0, 0, 8, 'VALENCIA - 31', '46230', 'ALGINET', 46, 0, '', '961753051', '', '', 0, 0, 0, 'Alta'),
(2230, 1, '46000333', 13, 5, 41, '', 'COMUNICACIONES ERINA LA ALCUDIA', '', '', 0, 0, 0, 6, 'ANTONIO ALMELA - 33', '46250', 'LA ALCUDIA', 46, 0, '', '', '', '', 0, 0, 0, 'Alta'),
(2231, 1, '48810016', 13, 5, 41, '', 'FANS THOUS', '', '', 0, 0, 0, 8, 'MAXIMILIANO THOUS - 21', '46009', 'VALENCIA', 46, 0, '', '', '', '', 0, 0, 0, 'Alta'),
(2232, 1, '48810019', 13, 5, 41, '', 'FANS VALENCIA MONCADA', '', '', 0, 0, 0, 10, 'DE MONCADA - 79', '46025', 'VALENCIA', 46, 0, '', '', '', '', 0, 0, 0, 'Alta'),
(2233, 1, '49040852', 13, 5, 41, '', 'DIGITAL WAP IBIZA', '', '', 0, 0, 0, 8, 'ISIDORO MACABICH - 59', '07800', 'IBIZA', 7, 0, '', '', '', '', 0, 0, 0, 'Alta'),
(2234, 1, '49060143', 13, 5, 41, '', 'MENORCA SYSTEM CIUTADELLA', '', '', 0, 0, 0, 6, 'JAUME I EL CONQUERIDOR - 45', '07760', 'CIUTADELLA', 7, 0, '', '971382763', '', '', 0, 0, 0, 'Alta'),
(2235, 1, '49099902', 13, 5, 41, '', 'REDITEL RONDA GARAY', '', '', 0, 0, 0, 8, 'RONDA GARAY - 37', '30003', 'MURCIA', 30, 0, '', '', '', '', 0, 0, 0, 'Alta'),
(2236, 1, '49440051', 13, 5, 41, '', 'GRUPO ROZALEN Y OTERO REQUENA', '', '', 0, 0, 0, 8, 'ELPESO - 2', '46340', 'REQUENA', 46, 0, '', '', '', '', 0, 0, 0, 'Alta'),
(2237, 1, '49440081', 13, 5, 41, '', 'INNOVACOM RIBARROJA', '', '', 0, 0, 0, 14, 'VILAMARXANT - 99', '46190', 'RIBARROJA DEL TURIA', 46, 0, '', '', '', '', 0, 0, 0, 'Alta'),
(2238, 1, '49440100', 13, 5, 41, '', 'PLANETELEKOM VALLDARGENT', '', '', 0, 0, 0, 8, 'VALLDARGENT, 2 ESQUINA PLAZA MADRID BAJOS - 2', '07013', 'PALMA DE MALLORCA', 7, 0, '', '', '', '', 0, 0, 0, 'Alta'),
(2239, 1, '49440102', 13, 5, 41, '', 'RECICLAJES ECOPLANA ONDA', '', '', 0, 0, 0, 6, 'PAIS VALENCIANO - 61', '12200', 'ONDA', 12, 0, '', '', '', '', 0, 0, 0, 'Alta'),
(2240, 1, '49440106', 13, 5, 41, '', 'GRUPO ROZALEN Y OTERO ONTENIENTE', '', '', 0, 0, 0, 6, 'DANIEL GIL - 33', '46870', 'ONTENIENTE', 46, 0, '', '', '', '', 0, 0, 0, 'Alta'),
(2241, 1, '49440108', 13, 5, 41, '', 'TOHNOS MURCIA', '', '', 0, 0, 0, 8, 'SAN ANTON - 17', '30009', 'MURCIA', 30, 0, '', '', '', '', 0, 0, 0, 'Alta'),
(2242, 1, '49440127', 13, 5, 41, '', 'CALL & CALL TORRENTE', '', '', 0, 0, 0, 6, 'PAIS VALENCIANO - 27', '46900', 'TORRENTE', 46, 0, '', '', '', '', 0, 0, 0, 'Alta'),
(2243, 1, '49440159', 13, 5, 41, '', 'GRUPO ROZALEN Y OTERO ALCOY', '', '', 0, 0, 0, 6, 'ALAMEDA - 64', '03803', 'ALCOY', 3, 0, '', '966336269', '', '', 0, 0, 0, 'Alta'),
(2244, 1, '49440181', 13, 5, 41, '', 'TELECOM LA HORTA SUD CARLET', '', '', 0, 0, 0, 6, 'INGENIERO BALAGUER - 105', '46240', 'CARLET', 46, 0, '', '961042522', '', '', 0, 0, 0, 'Alta'),
(2245, 1, '49440183', 13, 5, 41, '', 'GRUPO ROZALEN ELDA', '', '', 0, 0, 0, 20, 'TRABAJADORES DEL CALZADO - 1', '03600', 'ELDA', 3, 0, '', '965391160', '', '', 0, 0, 0, 'Alta'),
(2246, 1, '49440239', 13, 5, 41, '', 'OSHOP CARREFOUR ALZIRA', '', '', 0, 0, 0, 7, 'CARREFOUR ALZIRA ALBALAT - S/N', '46600', 'ALZIRA', 46, 0, '', '692863218', '', '', 0, 0, 0, 'Alta'),
(2247, 1, '49440248', 13, 5, 41, '', 'OSHOP SAGUNTO', '', '', 0, 0, 0, 6, '9 DE OCTUBRE - 65 BAJO DERECHA', '46500', 'SAGUNTO', 46, 0, '', '', '', '', 0, 0, 0, 'Alta'),
(2248, 1, '49440266', 13, 5, 41, '', 'INNOVACOM SOLLER', '', '', 0, 0, 0, 6, 'JERONIMO ESTADES - 5', '07100', 'SOLLER', 7, 0, '', '', '', '', 0, 0, 0, 'Alta'),
(2249, 1, '49440269', 13, 5, 41, '', 'VILOVI COMUNICACIONES CARAVACA', '', '', 0, 0, 0, 8, 'GRAN VIA - 29', '30400', 'CARAVACA DE LA CRUZ', 30, 0, '', '', '', '', 0, 0, 0, 'Alta'),
(2250, 1, '49440271', 13, 5, 41, '', 'TELECOM LA HORTA SUD ALDAYA', '', '', 0, 0, 0, 8, 'BLASCO IBA', '46960', 'ALDAYA', 46, 0, '', '961578018', '', '', 0, 0, 0, 'Alta'),
(2251, 1, '49444718', 13, 5, 41, '', 'TELECOM LA HORTA SUD SILLA', '', '', 0, 0, 0, 8, 'RAMBLA DE LA INDEPENDENCIA - 4 BAJO', '46460', 'SILLA', 46, 0, '', '', '', '', 0, 0, 0, 'Alta'),
(2252, 1, '49990078', 13, 5, 41, '', 'CALL & CALL LLIRIA', '', '', 0, 0, 0, 8, 'DUC DE LLIRIA - 38', '46160', 'LLIRIA', 46, 0, '', '', '', '', 0, 0, 0, 'Alta'),
(2253, 1, '49990086', 13, 5, 41, '', 'IS CELL & WEB ELDA', '', '', 0, 0, 0, 8, 'JUAN CARLOS I - 1', '03600', 'ELDA', 3, 0, '', '966311430', '', '', 0, 0, 0, 'Alta'),
(2254, 1, '49990098', 13, 5, 41, '', 'DIGITAL SANTA EULALIA', '', '', 0, 0, 0, 8, 'SAN JAIME - 66', '07840', 'SANTA EULALIA', 7, 0, '', '', '', '', 0, 0, 0, 'Alta'),
(2255, 1, '49990126', 13, 5, 41, '', 'IS CELL & WEB SAN JUAN PUEBLO', '', '', 0, 0, 0, 6, 'LA RAMBLA - 49B', '03550', 'SAN JUAN DE ALICANTE', 3, 0, '', '', '', '', 0, 0, 0, 'Alta'),
(2256, 1, '49990135', 13, 5, 41, '', 'IS CELL & WEB SANTA POLA', '', '', 0, 0, 0, 20, 'GLORIETA - 9', '03130', 'SANTA POLA', 3, 0, '', '', '', '', 0, 0, 0, 'Alta'),
(2257, 1, '49990142', 13, 5, 41, '', 'INNOVACOM JESUS', '', '', 0, 0, 0, 8, 'JESUS - 101', '46007', 'VALENCIA', 46, 0, '', '', '', '', 0, 0, 0, 'Alta'),
(2258, 1, '49990154', 13, 5, 41, '', 'REDITEL CC VEGA PLAZA', '', '', 0, 0, 0, 6, 'DE GRANADA - S/N', '30500', 'MOLINA DEL SEGURA', 30, 0, '', '', '', '', 0, 0, 0, 'Alta'),
(2259, 1, '49990159', 13, 5, 41, '', 'REDITEL PUERTO LUMBRERAS', '', '', 0, 0, 0, 8, 'PEDRO GARCIA RUBIO - 6', '30890', 'PUERTO LUMBRERAS', 30, 0, '', '', '', '', 0, 0, 0, 'Alta'),
(2260, 1, '49990164', 13, 5, 41, '', 'DIGITAL WAP ALMAZORA', '', '', 0, 0, 0, 6, 'JOSE ORTIZ - 17', '12550', 'ALMAZORA', 12, 0, '', '964561072', '', '', 0, 0, 0, 'Alta'),
(2261, 1, '49992913', 13, 5, 41, '', 'REDITEL ORIHUELA', '', '', 0, 0, 0, 6, 'TEODOMIRO - 1', '03300', 'ORIHUELA', 3, 0, '', '', '', '', 0, 0, 0, 'Alta'),
(2262, 1, '55351027', 13, 3, 41, '', 'ORDEX', '', '', 0, 0, 0, 6, 'DE EXTREMADURA - 20', '10800', 'CORIA', 10, 0, '', '927508004', '', '', 0, 0, 0, 'Alta'),
(2263, 1, '56000041', 13, 3, 41, '', 'ESPACIO ORANGE LUCENA', '', '', 0, 0, 0, 7, 'CARREFOUR POLIGONO INDUSTRIAL LOS POLVILLARES - S/N MANZ 1', '14900', 'LUCENA', 14, 0, '', '', '', '', 0, 0, 0, 'Alta'),
(2264, 1, '56000091', 13, 3, 41, '', 'ESPACIO ORANGE BAZA', '', '', 0, 0, 0, 8, 'JOSE DE MORA - 14', '18800', 'BAZA', 18, 0, '', '958702440', '', '', 0, 0, 0, 'Alta'),
(2265, 1, '56000113', 13, 3, 41, '', 'ESPACIO ORANGE HUELIN', '', '', 0, 0, 0, 8, 'AYALAS - 88', '29002', 'MALAGA', 29, 0, '', '', '', '', 0, 0, 0, 'Alta'),
(2266, 1, '56000140', 13, 3, 41, '', 'ESPACIO ORANGE TORREDELMAR', '', '', 0, 0, 0, 8, 'DEL MAR - 12', '29740', 'VELEZ MALAGA', 29, 0, '', '', '', '', 0, 0, 0, 'Alta'),
(2267, 1, '56000141', 13, 3, 41, '', 'ESPACIO ORANGE FUENGIROLA', '', '', 0, 0, 0, 6, 'CONDES SAN ISIDRO - 50', '29640', 'FUENGIROLA', 29, 0, '', '952473331', '', '', 0, 0, 0, 'Alta'),
(2268, 1, '56000144', 13, 3, 41, '', 'ESPACIO ORANGE LOS BOLICHES', '', '', 0, 0, 0, 6, 'LOS BOLICHES - 10 BAJO', '29640', 'FUENGIROLA', 29, 0, '', '952467368', '', '', 0, 0, 0, 'Alta'),
(2269, 1, '56000147', 13, 3, 41, '', 'ESPACIO ORANGE MALDONADO', '', '', 0, 0, 0, 8, 'MARTINEZ MALDONADO - 8', '29007', 'MALAGA', 29, 0, '', '', '', '', 0, 0, 0, 'Alta'),
(2270, 1, '56000149', 13, 3, 41, '', 'ESPACIO ORANGE PIO BAROJA', '', '', 0, 0, 0, 8, 'PIO BAROJA - 12', '29017', 'MALAGA', 29, 0, '', '', '', '', 0, 0, 0, 'Alta'),
(2271, 1, '58250686', 13, 3, 41, '', 'GRUPO PROMOVIL AFAN DE RIBERA', '', '', 0, 0, 0, 8, 'AFAN DE RIBERA - 80', '41006', 'SEVILLA', 41, 0, '', '', '', '', 0, 0, 0, 'Alta'),
(2272, 1, '59053065', 13, 3, 41, '', 'OK CLUB MARBELLA', '', '', 0, 0, 0, 6, 'RAMON Y CAJAL - 17', '29600', 'MARBELLA', 29, 0, '', '', '', '', 0, 0, 0, 'Alta'),
(2273, 1, '59080280', 13, 3, 41, '', 'OK CLUB SANLUCAR', '', '', 0, 0, 0, 8, 'CRISTOBAL COLON - 17 A', '41800', 'SANLUCAR LA MAYOR', 41, 0, '', '', '', '', 0, 0, 0, 'Alta'),
(2274, 1, '59440094', 13, 3, 41, '', 'AREAPHONE LEPE', '', '', 0, 0, 0, 8, 'ALONSO BARBA - 12', '21440', 'LEPE', 21, 0, '', '', '', '', 0, 0, 0, 'Alta'),
(2275, 1, '59440111', 13, 3, 41, '', 'DTV ARCOS DE LA FRONTERA', '', '', 0, 0, 0, 20, 'DE ESPA', '11630', 'ARCOS DE LA FRONTERA', 11, 0, '', '956703748', '', '', 0, 0, 0, 'Alta'),
(2276, 1, '59440117', 13, 3, 41, '', 'MAXIMOVIL ARMENGUAL DE LA MOTA', '', '', 0, 0, 0, 7, 'MALAGA PLAZA C/ARMENGUAL DE LA MOTA - 12 (L 25-26', '29007', 'MALAGA', 29, 0, '', '', '', '', 0, 0, 0, 'Alta'),
(2277, 1, '59440133', 13, 3, 41, '', 'DIRECTO MOVIL MAIRENA DEL ALCOR', '', '', 0, 0, 0, 8, 'CERVANTES - 27 (L', '41510', 'MAIRENA DEL ALCOR', 41, 0, '', '', '', '', 0, 0, 0, 'Alta'),
(2278, 1, '59440135', 13, 3, 41, '', 'DTV TELECOM UBRIQUE', '', '', 0, 0, 0, 6, 'DE ESPA', '11600', 'UBRIQUE', 11, 0, '', '', '', '', 0, 0, 0, 'Alta'),
(2279, 1, '59440139', 13, 3, 41, '', 'CORIATEL LAS CABEZAS', '', '', 0, 0, 0, 8, 'JUAN MARIN VARGAS - 4', '41730', 'LAS CABEZAS DE SAN JUAN', 41, 0, '', '', '', '', 0, 0, 0, 'Alta'),
(2280, 1, '59440188', 13, 3, 41, '', 'ONUFONE EUROPA', '', '', 0, 0, 0, 6, 'EUROPA - 69', '29003', 'MALAGA', 29, 0, '', '', '', '', 0, 0, 0, 'Alta'),
(2281, 1, '59440195', 13, 3, 41, '', 'GRUPO PROMOVIL JEREZ', '', '', 0, 0, 0, 16, 'DE BIARRITZ - S/N (L 8', '11405', 'JEREZ DE LA FRONTERA', 11, 0, '', '', '', '', 0, 0, 0, 'Alta'),
(2282, 1, '59440267', 13, 3, 41, '', 'MAXIMOVIL LA TROCHA', '', '', 0, 0, 0, 7, 'LA TROCHA CTRA COIN CARTAMA - S/N PL 1 LCL 25', '29100', 'COIN', 29, 0, '', '951318526', '', '', 0, 0, 0, 'Alta'),
(2283, 1, '59440318', 13, 3, 41, '', 'CONEXION MONTILLA', '', '', 0, 0, 0, 8, 'LA PARRA - 1', '14550', 'MONTILLA', 14, 0, '', '', '', '', 0, 0, 0, 'Alta'),
(2284, 1, '59440319', 13, 3, 41, '', 'MAXIMOVIL NERJA', '', '', 0, 0, 0, 20, 'ERMITA - 19 (L', '29780', 'NERJA', 29, 0, '', '', '', '', 0, 0, 0, 'Alta'),
(2285, 1, '59447786', 13, 3, 41, '', 'DIGITAL ANDUJAR', '', '', 0, 0, 0, 8, 'DE LAS OLLERIAS - 42', '23740', 'ANDUJAR', 23, 0, '', '953502218', '', '', 0, 0, 0, 'Alta'),
(2286, 1, '59448786', 13, 3, 41, '', 'OFERTEL BAENA', '', '', 0, 0, 0, 8, 'SALVADOR MU', '14850', 'BAENA', 14, 0, '', '957671198', '', '', 0, 0, 0, 'Alta'),
(2287, 1, '59449308', 13, 3, 41, '', 'AREAPHONE VILLANUEVA', '', '', 0, 0, 0, 6, 'SAN FRANCISCO - 29', '06700', 'VILLANUEVA DE LA SERENA', 6, 0, '', '', '', '', 0, 0, 0, 'Alta'),
(2288, 1, '59449542', 13, 3, 41, '', 'DIGITAL ARMILLA', '', '', 0, 0, 0, 20, 'PONIENTE - 5 (L 1)', '18100', 'ARMILLA', 18, 0, '', '958578527', '', '', 0, 0, 0, 'Alta'),
(2289, 1, '59990003', 13, 3, 41, '', 'YOUR PHONE MIRAMAR', '', '', 0, 0, 0, 7, 'PARQUE MIRAMAR AVD DE LA ENCARNACION - (L B41', '29640', 'FUENGIROLA', 29, 0, '', '952588761', '', '', 0, 0, 0, 'Alta'),
(2290, 1, '59990030', 13, 3, 41, '', 'YOUR PHONE JEREZ SUR', '', '', 0, 0, 0, 7, 'CARREFOUR HOBBYZOO CRTA N IV - S/N', '11408', 'JEREZ DE LA FRONTERA', 11, 0, '', '', '', '', 0, 0, 0, 'Alta'),
(2291, 1, '59990063', 13, 3, 41, '', 'YOUR PHONE GRANADA', '', '', 0, 0, 0, 7, 'CARREFOUR GRANADA CTRA ARMILLA - (L 29', '18006', 'GRANADA', 18, 0, '', '', '', '', 0, 0, 0, 'Alta'),
(2292, 1, '59990170', 13, 3, 41, '', 'OK CLUB LA LOMA', '', '', 0, 0, 0, 14, 'BAILEN MOTRIL - KM 37', '23009', 'JAEN', 23, 0, '', '', '', '', 0, 0, 0, 'Alta'),
(2293, 1, '59990174', 13, 3, 41, '', 'TELEMOVIL PRIOR EL VISO', '', '', 0, 0, 0, 6, 'DEL TRABAJO - 9', '41520', 'EL VISO DEL ALCOR', 41, 0, '', '955743972', '', '', 0, 0, 0, 'Alta'),
(2294, 1, '59990177', 13, 3, 41, '', 'PLAZA PHONE MELILLA', '', '', 0, 0, 0, 8, 'GENERAL POLAVIEJA - 30', '52006', 'MELILLA', 52, 0, '', '', '', '', 0, 0, 0, 'Alta'),
(2295, 1, '59990178', 13, 3, 41, '', 'OK CLUB ROTA', '', '', 0, 0, 0, 6, 'MARIA AUXILIADORA - 56 LOCAL E', '11520', 'ROTA', 11, 0, '', '', '', '', 0, 0, 0, 'Alta'),
(2296, 1, '59990181', 13, 3, 41, '', 'GRUPO PROMOVIL PUNTA UMBRIA ', '', '', 0, 0, 0, 8, 'ANCHA - 62', '21100', 'PUNTA UMBRIA', 21, 0, '', '', '', '', 0, 0, 0, 'Alta'),
(2297, 1, '69440045', 13, 3, 41, '', 'GRUPO PROMOVIL LA OROTAVA', '', '', 0, 0, 0, 6, 'CANARIAS  - 12', '38300', 'LA OROTAVA', 38, 0, '', '', '', '', 0, 0, 0, 'Alta'),
(2298, 1, '69440062', 13, 3, 41, '', 'GRUPO PROMOVIL PUERTO DE LA CRUZ NIEVES RAVELO', '', '', 0, 0, 0, 8, 'NIEVES RAVELO - 3 BAJO', '38400', 'PUERTO DE LA CRUZ', 38, 0, '', '', '', '', 0, 0, 0, 'Alta'),
(2299, 1, '69440066', 13, 3, 41, '', 'GRUPO PROMOVIL ARUCAS', '', '', 0, 0, 0, 6, 'EL MIRON - 25', '35400', 'ARUCAS', 35, 0, '', '928621973', '', '', 0, 0, 0, 'Alta'),
(2300, 1, '69440078', 13, 3, 41, '', 'GRUPO PROMOVIL LUIS DORESTE SILVA', '', '', 0, 0, 0, 28, 'PARROCO MANUEL GUEDES C LUIS DORESTE SILVA - 1 LCL 1', '35004', 'LAS PALMAS DE GRAN CANARIA', 35, 0, '', '', '', '', 0, 0, 0, 'Alta'),
(2301, 1, '69990028', 13, 3, 41, '', 'YOUR PHONE TOME CANO', '', '', 0, 0, 0, 8, 'TOME CANO - 2', '38005', 'SANTA CRUZ DE TENERIFE', 38, 0, '', '', '', '', 0, 0, 0, 'Alta'),
(2302, 1, '69990030', 13, 3, 41, '', 'YOUR PHONE YAIZA', '', '', 0, 0, 0, 8, 'VARADERO (PLAYA BLANCA) - 13', '35580', 'YAIZA', 35, 0, '', '', '', '', 0, 0, 0, 'Alta'),
(2303, 1, '69990039', 13, 3, 41, '', 'YOUR PHONE LAS AMERICAS', '', '', 0, 0, 0, 6, 'ANTONIO DOMINGUEZ EDIFICIO PORTOSIN - 20 LCL 14', '38660', 'ARONA PLAYA DE LAS AMERICAS', 38, 0, '', '922751847', '', '', 0, 0, 0, 'Alta'),
(2304, 1, '76000016', 13, 7, 41, '', 'MILENIA DONOSTI', '', '', 0, 0, 0, 8, 'GRAN VIA - 22', '20001', 'SAN SEBASTIAN', 20, 0, '', '', '', '', 0, 0, 0, 'Alta'),
(2305, 1, '79440033', 13, 7, 41, '', 'CONEXION BARAKALDO', '', '', 0, 0, 0, 6, 'DE LA LIBERTAD - 12', '48900', 'BARAKALDO', 48, 0, '', '944379224', '', '', 0, 0, 0, 'Alta'),
(2306, 1, '79440043', 13, 7, 41, '', 'CONEXION AUTONOMIA', '', '', 0, 0, 0, 8, 'GENERAL CONCHA-ESQUINA AUTONOMIA - 32', '48012', 'BILBAO', 48, 0, '', '944420483', '', '', 0, 0, 0, 'Alta'),
(2307, 1, '79440048', 13, 7, 41, '', 'TOHNOS BIDARTE', '', '', 0, 0, 0, 7, 'BIDARTE - AVDA LENDAKARI AGUIRRE - 29', '48014', 'BILBAO', 48, 0, '', '944483440', '', '', 0, 0, 0, 'Alta'),
(2308, 1, '79990021', 13, 7, 41, '', 'YOUR PHONE BASAURI', '', '', 0, 0, 0, 8, 'LEHENDAKARI AGUIRRE - 52', '48970', 'BASAURI', 48, 0, '', '944490024', '', '', 0, 0, 0, 'Alta'),
(2309, 1, '79990041', 13, 7, 41, '', 'YOUR PHONE SANTURCE', '', '', 0, 0, 0, 8, 'CAPIT', '48980', 'SANTURCE', 48, 0, '', '', '', '', 0, 0, 0, 'Alta'),
(2310, 1, '79990081', 13, 7, 41, '', 'YOUR PHONE HERNANI', '', '', 0, 0, 0, 8, 'NAGUSI - 3', '20120', 'HERNANI', 20, 0, '', '', '', '', 0, 0, 0, 'Alta'),
(2311, 1, '79990090', 13, 7, 41, '', 'COMUNICALIA MENDIBIL', '', '', 0, 0, 0, 7, 'MENDIBIL C ALMIRANTE ARIZMENDI - 9', '20302', 'IRUN', 20, 0, '', '', '', '', 0, 0, 0, 'Alta'),
(2312, 1, '79990092', 13, 7, 41, '', 'COMUNICALIA TXINGUDI', '', '', 0, 0, 0, 7, 'TXINGUDI BARRIO VENTAS - 80 LCL 40', '20305', 'IRUN', 20, 0, '', '', '', '', 0, 0, 0, 'Alta'),
(2313, 1, '79990097', 13, 7, 41, '', 'ONJOY VITORIA', '', '', 0, 0, 0, 6, 'SANTIAGO - 37', '01003', 'VITORIA', 1, 0, '', '', '', '', 0, 0, 0, 'Alta'),
(2314, 1, '16690009', 13, 1, 42, '', 'GLOBALTELCO CC ALCALA NORTE', '', '', 0, 0, 0, 7, 'ALCALA NORTE C/ ALCALA - 414 (L 4', '28027', 'MADRID', 28, 0, '', '', '', '', 0, 0, 0, 'Alta'),
(2315, 1, '28250727', 13, 7, 42, '', 'PUNTO MOVIL LAS CLARAS', '', '', 0, 0, 0, 8, 'FERNANDO REMACHA - 1', '31500', 'TUDELA', 31, 0, '', '', '', '', 0, 0, 0, 'Alta'),
(2316, 1, '29440124', 13, 4, 42, '', 'RECICLAJES ECOPLANA CC CARREFOUR TARRAGONA', '', '', 0, 0, 0, 7, 'CARREFOUR PLANET TARRAGONA AUTOVIA REUS, KM 4 - S/N', '43148', 'TARRAGONA', 43, 0, '', '', '', '', 0, 0, 0, 'Alta'),
(2317, 1, '56000978', 13, 3, 42, '', 'ESPACIO ORANGE ALMERIA', '', '', 0, 0, 0, 6, 'FEDERICO GARCIA LORCA - 50', '04005', 'ALMERIA', 4, 0, '', '950263482', '', '', 0, 0, 0, 'Alta'),
(2318, 1, '15350019', 13, 6, 43, '', 'ORDEX CIUDAD RODRIGO', '', '', 0, 0, 0, 20, 'MAYOR - 1', '37500', 'CIUDAD RODRIGO', 37, 0, '', '923042245', '', '', 0, 0, 0, 'Alta'),
(2319, 1, '16000003', 13, 1, 43, '', 'TCP PLAZA DE ESPA', '', '', 0, 0, 0, 8, 'MAYOR - 6', '28921', 'ALCORCON', 28, 0, '', '910071909', '', '', 0, 0, 0, 'Alta'),
(2320, 1, '16001096', 13, 1, 43, '', 'TCP TOLEDO', '', '', 0, 0, 0, 24, 'DE COLOMBIA - 3', '45004', 'TOLEDO', 45, 0, '', '', '', '', 0, 0, 0, 'Alta'),
(2321, 1, '16001107', 13, 7, 43, '', 'ESPACIO ORANGE CC CAMINO DE LA PLATA', '', '', 0, 0, 0, 7, 'CAMINO DE LA PLATA PLANTA BAJA LOCAL B37 AVDA CASTILLA Y LEON - S/N', '09006', 'BURGOS', 9, 0, '', '947219069', '', '', 0, 0, 0, 'Alta'),
(2322, 1, '16450000', 13, 1, 43, '', 'SERTEL AVDA CIUDAD DE BARCELONA', '', '', 0, 0, 0, 6, 'CIUDAD DE BARCELONA - 31', '28007', 'MADRID', 28, 0, '', '', '', '', 0, 0, 0, 'Alta'),
(2323, 1, '16450057', 13, 1, 43, '', 'SERTEL CHUECA', '', '', 0, 0, 0, 20, 'CHUECA - 10', '28004', 'MADRID', 28, 0, '', '', '', '', 0, 0, 0, 'Alta'),
(2324, 1, '16540012', 13, 1, 43, '', 'INDALO SIERRA CADI', '', '', 0, 0, 0, 8, 'SIERRA DEL CADI - 3', '28018', 'MADRID', 28, 0, '', '', '', '', 0, 0, 0, 'Alta'),
(2325, 1, '16690001', 13, 1, 43, '', 'GLOBALTELCO CONSTITUCION', '', '', 0, 0, 0, 6, 'CONSTITUCION - 53', '28850', 'TORREJON DE ARDOZ', 28, 0, '', '', '', '', 0, 0, 0, 'Alta'),
(2326, 1, '16690006', 13, 1, 43, '', 'GLOBALTELCO COLMENAR II', '', '', 0, 0, 0, 7, 'EL MIRADOR C/MOLINO DEL VIENTO - S/N', '28770', 'COLMENAR VIEJO', 28, 0, '', '918457666', '', '', 0, 0, 0, 'Alta'),
(2327, 1, '16690013', 13, 1, 43, '', 'GLOBALTELCO AZUQUECA', '', '', 0, 0, 0, 6, 'CONSTITUCI', '19200', 'AZUQUECA DE HENARES', 19, 0, '', '949260350', '', '', 0, 0, 0, 'Alta'),
(2328, 1, '16690016', 13, 1, 43, '', 'GLOBALTELCO BOADILLA', '', '', 0, 0, 0, 8, 'INFANTE DON LUIS - 8', '28660', 'BOADILLA DEL MONTE', 28, 0, '', '916339148', '', '', 0, 0, 0, 'Alta'),
(2329, 1, '18810005', 13, 1, 43, '', 'FANS ALCALA', '', '', 0, 0, 0, 8, 'ALCALA - 293', '28027', 'MADRID', 28, 0, '', '', '', '', 0, 0, 0, 'Alta'),
(2330, 1, '19047437', 13, 1, 43, '', 'OSHOP CEA', '', '', 0, 0, 0, 8, 'CEA BERMUDEZ - 65', '28003', 'MADRID', 28, 0, '', '', '', '', 0, 0, 0, 'Alta'),
(2331, 1, '19099398', 13, 7, 43, '', 'TOHNOS ARANDA DUERO', '', '', 0, 0, 0, 8, 'LA MIEL - 14', '09400', 'ARANDA DE DUERO', 9, 0, '', '947546507', '', '', 0, 0, 0, 'Alta'),
(2332, 1, '19440083', 13, 1, 43, '', 'OSHOP CC ALBUFERA', '', '', 0, 0, 0, 7, 'LA ALBUFERA AVDA DE LA ALBUFERA - 153 (L 10', '28038', 'MADRID', 28, 0, '', '', '', '', 0, 0, 0, 'Alta'),
(2333, 1, '19440095', 13, 1, 43, '', 'OSHOP GETAFE', '', '', 0, 0, 0, 7, 'CARREFOUR BULEVAR LOCAL C07 BIS CTRA GETAFE-VILLAVERDE - S/N', '28903', 'GETAFE', 28, 0, '', '', '', '', 0, 0, 0, 'Alta'),
(2334, 1, '19440149', 13, 1, 43, '', 'OSHOP VILLAVERDE', '', '', 0, 0, 0, 7, 'LOS ANGELES LOCAL 2 AVDA ANDALUCIA - KM 7,100', '28041', 'MADRID', 28, 0, '', '', '', '', 0, 0, 0, 'Alta'),
(2335, 1, '19440155', 13, 1, 43, '', 'OSHOP VICALVARO', '', '', 0, 0, 0, 7, 'VICALVARO LOCAL 8 C/ SAN CIPRIANO - S/N', '28032', 'MADRID', 28, 0, '', '', '', '', 0, 0, 0, 'Alta'),
(2336, 1, '19440156', 13, 1, 43, '', 'OSHOP GRAN VIA MAJADAHONDA', '', '', 0, 0, 0, 8, 'GRAN VIA - 17', '28220', 'MAJADAHONDA', 28, 0, '', '', '', '', 0, 0, 0, 'Alta'),
(2337, 1, '19440250', 13, 1, 43, '', 'CONVERSA GETAFE', '', '', 0, 0, 0, 6, 'DE ESPA', '28903', 'GETAFE', 28, 0, '', '', '', '', 0, 0, 0, 'Alta'),
(2338, 1, '19440259', 13, 1, 43, '', 'GRUPO PROMOVIL CC LOS VALLES', '', '', 0, 0, 0, 7, 'CARREFOUR LOS VALLES C RINCON DE LAS ERAS - S/N', '28400', 'COLLADO VILLALBA', 28, 0, '', '691787127', '', '', 0, 0, 0, 'Alta'),
(2339, 1, '19440265', 13, 1, 43, '', 'CONVERSA CASTELLANA', '', '', 0, 0, 0, 7, 'CASTELLANA 200 PASEO DE LA CASTELLANA - 200', '28046', 'MADRID', 28, 0, '', '', '', '', 0, 0, 0, 'Alta'),
(2340, 1, '19440314', 13, 6, 43, '', 'PROMOVIL TORDESILLAS', '', '', 0, 0, 0, 6, 'ZAMORA - 8', '47100', 'TORDESILLAS', 47, 0, '', '', '', '', 0, 0, 0, 'Alta'),
(2341, 1, '19440316', 13, 6, 43, '', 'PROMOVIL TORO SANTA MARINA', '', '', 0, 0, 0, 20, 'SANTA MARINA - 24', '49800', 'TORO', 49, 0, '', '', '', '', 0, 0, 0, 'Alta'),
(2342, 1, '19440331', 13, 1, 43, '', 'grupo promovil CC Alcampo cuenca', '', '', 0, 0, 0, 7, 'ALCAMPO CUENCA CTRA. N-400 - KM 178,5', '16002', 'CUENCA', 16, 0, '', '969236019', '', '', 0, 0, 0, 'Alta'),
(2343, 1, '19440333', 13, 1, 43, '', 'CONVERSA VALDEPE', '', '', 0, 0, 0, 8, 'ESCUELAS - 61', '13300', 'VALDEPE', 13, 0, '', '', '', '', 0, 0, 0, 'Alta'),
(2344, 1, '19447104', 13, 1, 43, '', 'OSHOP FUENLABRADA 1', '', '', 0, 0, 0, 6, 'DE ESPA', '28941', 'FUENLABRADA', 28, 0, '', '916906884', '', '', 0, 0, 0, 'Alta'),
(2345, 1, '19447260', 13, 6, 43, '', 'GRUPO PROMOVIL CC VALDERADUEY ZAMORA', '', '', 0, 0, 0, 7, 'VALDERADUEY AVDA CARDENAL CISNEROS - S/N', '49023', 'ZAMORA', 49, 0, '', '', '', '', 0, 0, 0, 'Alta'),
(2346, 1, '19447748', 13, 6, 43, '', 'TOHNOS AVDA SEGOVIA', '', '', 0, 0, 0, 6, 'SEGOVIA - 113', '47013', 'VALLADOLID', 47, 0, '', '', '', '', 0, 0, 0, 'Alta'),
(2347, 1, '19447993', 13, 1, 43, '', 'OSHOP TALAVERA', '', '', 0, 0, 0, 6, 'FRANCISCO AGUIRRE - 269', '45600', 'TALAVERA DE LA REINA', 45, 0, '', '', '', '', 0, 0, 0, 'Alta'),
(2348, 1, '19448115', 13, 1, 43, '', 'CONVERSA CC PLAZA ALUCHE', '', '', 0, 0, 0, 6, 'DE LOS POBLADOS - 58 ((L A25)', '28044', 'MADRID', 28, 0, '', '', '', '', 0, 0, 0, 'Alta'),
(2349, 1, '19448171', 13, 1, 43, '', 'GRUPO PROMOVIL SEGOVIA', '', '', 0, 0, 0, 8, 'SAN FRANCISCO - 21', '40001', 'SEGOVIA', 40, 0, '', '', '', '', 0, 0, 0, 'Alta'),
(2350, 1, '19448515', 13, 7, 43, '', 'TOHNOS BURGOS', '', '', 0, 0, 0, 20, 'SANTO DOMINGO DE GUZMAN - S/N', '09003', 'BURGOS', 9, 0, '', '947251624', '', '', 0, 0, 0, 'Alta'),
(2351, 1, '19448526', 13, 1, 43, '', 'OSHOP MAJADAHONDA', '', '', 0, 0, 0, 6, 'ESPA', '28220', 'MAJADAHONDA', 28, 0, '', '', '', '', 0, 0, 0, 'Alta'),
(2352, 1, '19448837', 13, 1, 43, '', 'CONVERSA TORREJON', '', '', 0, 0, 0, 7, 'EL PARQUE C/ SILICIO - 34', '28850', 'TORREJON DE ARDOZ', 28, 0, '', '', '', '', 0, 0, 0, 'Alta'),
(2353, 1, '19449059', 13, 1, 43, '', 'TOHNOS MOBILE PALACIO HIELO', '', '', 0, 0, 0, 7, 'PALACIO DE HIELO C/ SILVANO - 77 LCB16', '28043', 'MADRID', 28, 0, '', '', '', '', 0, 0, 0, 'Alta'),
(2354, 1, '19449482', 13, 1, 43, '', 'CONEXION VALDEBERNARDO', '', '', 0, 0, 0, 7, 'VALDEBERNARDO LOCAL B 13 C/ JOSE PRAT - 35', '28032', 'MADRID', 28, 0, '', '', '', '', 0, 0, 0, 'Alta'),
(2355, 1, '19990034', 13, 1, 43, '', 'YOUR PHONE DELICIAS', '', '', 0, 0, 0, 19, 'DE LAS DELICIAS - 143', '28045', 'MADRID', 28, 0, '', '', '', '', 0, 0, 0, 'Alta'),
(2356, 1, '19990046', 13, 1, 43, '', 'PROXIMA LOPEZ DE HOYOS', '', '', 0, 0, 0, 8, 'LOPEZ DE HOYOS - 98', '28002', 'MADRID', 28, 0, '', '', '', '', 0, 0, 0, 'Alta'),
(2357, 1, '19990098', 13, 7, 43, '', 'COMUNICALIA EL MIRADOR', '', '', 0, 0, 0, 7, 'EL MIRADOR - CTRA SANTANDER KM 2 - S/N', '09006', 'BURGOS', 9, 0, '', '947217342', '', '', 0, 0, 0, 'Alta');
INSERT INTO `pds` (`id_pds`, `client_pds`, `reference`, `type_pds`, `territory`, `panelado_pds`, `dispo`, `commercial`, `cif`, `picture_url`, `m2_fo`, `m2_bo`, `m2_total`, `type_via`, `address`, `zip`, `city`, `province`, `county`, `schedule`, `phone`, `mobile`, `email`, `contact_contact_person`, `contact_in_charge`, `contact_supervisor`, `status`) VALUES
(2358, 1, '19990112', 13, 6, 43, '', 'RADIO VALCA CC LAS HUERTAS', '', '', 0, 0, 0, 7, 'LAS HUERTAS - AVDA DE MADRID,37 LOCAL 42 - 37', '34004', 'PALENCIA', 34, 0, '', '', '', '', 0, 0, 0, 'Alta'),
(2359, 1, '19990156', 13, 1, 43, '', 'TELMASUR BRAVO MURILLO', '', '', 0, 0, 0, 8, 'BRAVO MURILLO - 250', '28020', 'MADRID', 28, 0, '', '', '', '', 0, 0, 0, 'Alta'),
(2360, 1, '19990213', 13, 7, 43, '', 'COMUNICALIA AVDA CID', '', '', 0, 0, 0, 6, 'DEL CID CAMPEADOR - 22', '09005', 'BURGOS', 9, 0, '', '947041224', '', '', 0, 0, 0, 'Alta'),
(2361, 1, '19990250', 13, 1, 43, '', 'TELMASUR MEJORADA', '', '', 0, 0, 0, 8, 'MAYOR - 7', '28840', 'MEJORADA DEL CAMPO', 28, 0, '', '', '', '', 0, 0, 0, 'Alta'),
(2362, 1, '19990268', 13, 1, 43, '', 'CONVERSA CANILLEJAS', '', '', 0, 0, 0, 8, 'BOLTA', '28022', 'MADRID', 28, 0, '', '', '', '', 0, 0, 0, 'Alta'),
(2363, 1, '19990269', 13, 1, 43, '', 'CONVERSA VILLAVICIOSA DE ODON', '', '', 0, 0, 0, 20, 'MERCADO - 2 BAJO', '28670', 'VILLAVICIOSA DE ODON', 28, 0, '', '', '', '', 0, 0, 0, 'Alta'),
(2364, 1, '19990271', 13, 1, 43, '', 'CONVERSA TORREJON EN MEDIO', '', '', 0, 0, 0, 8, 'EN MEDIO - 39', '28850', 'TORREJON DE ARDOZ', 28, 0, '', '', '', '', 0, 0, 0, 'Alta'),
(2365, 1, '19990272', 13, 1, 43, '', 'CONEXION SAN SEBASTIAN DE LOS REYES', '', '', 0, 0, 0, 14, 'NACIONAL I, Km 19 P.I. - S/N (L1-B)', '28703', 'SAN SEBASTIAN DE LOS REYES', 28, 0, '', '', '', '', 0, 0, 0, 'Alta'),
(2366, 1, '19991521', 13, 1, 43, '', 'TELMASUR SAHARA', '', '', 0, 0, 0, 8, 'SAHARA - 50', '28041', 'MADRID', 28, 0, '', '', '', '', 0, 0, 0, 'Alta'),
(2367, 1, '19992387', 13, 6, 43, '', 'TOHNOS VELARDES', '', '', 0, 0, 0, 8, 'HUELGAS - 1', '47005', 'VALLADOLID', 47, 0, '', '', '', '', 0, 0, 0, 'Alta'),
(2368, 1, '19992987', 13, 1, 43, '', 'TOHNOS MOBILE PLANET OCIO VILLALBA', '', '', 0, 0, 0, 7, 'PLANETOCIO LOCAL 51 AVDA JUAN CARLOS I - 46', '28400', 'COLLADO VILLALBA', 28, 0, '', '918513657', '', '', 0, 0, 0, 'Alta'),
(2369, 1, '19993032', 13, 1, 43, '', 'TOHNOS MOBILE CAMINO VIEJO LEGANES', '', '', 0, 0, 0, 8, 'CAMINO VIEJO DE LEGANES - 88', '28025', 'MADRID', 28, 0, '', '', '', '', 0, 0, 0, 'Alta'),
(2370, 1, '19993432', 13, 5, 43, '', 'REINOSA ANDUJAR', '', '', 0, 0, 0, 8, 'DIONISIO GUARDIOLA - 50', '02004', 'ALBACETE', 2, 0, '', '967616450', '', '', 0, 0, 0, 'Alta'),
(2371, 1, '19993687', 13, 6, 43, '', 'RADIO VALCA RUA OSCURA', '', '', 0, 0, 0, 20, 'LIBERTAD - 5', '47002', 'VALLADOLID', 47, 0, '', '', '', '', 0, 0, 0, 'Alta'),
(2372, 1, '19993776', 13, 1, 43, '', 'YOUR PHONE OCA', '', '', 0, 0, 0, 8, 'LA OCA - 53', '28025', 'MADRID', 28, 0, '', '', '', '', 0, 0, 0, 'Alta'),
(2373, 1, '25351146', 13, 7, 43, '', 'DIGITAL PHONE ESTELLA', '', '', 0, 0, 0, 19, 'INMACULADA - 9', '31200', 'ESTELLA', 31, 0, '', '948552900', '', '', 0, 0, 0, 'Alta'),
(2374, 1, '26000039', 13, 4, 43, '', 'ALPA TELECOMUNICACIONES 2006 INDUSTRIA', '', '', 0, 0, 0, 8, 'INDUSTRIA - 169', '08025', 'BARCELONA', 8, 0, '', '934509525', '', '', 0, 0, 0, 'Alta'),
(2375, 1, '26000090', 13, 4, 43, '', 'ALPA TELECOMUNICACIONES 2006 MERIDIANA', '', '', 0, 0, 0, 6, 'MERIDIANA - 276', '08027', 'BARCELONA', 8, 0, '', '934084486', '', '', 0, 0, 0, 'Alta'),
(2376, 1, '26000101', 13, 4, 43, '', 'SELLERS SANT PERE DE RIBES', '', '', 0, 0, 0, 8, 'EDUARD MARISTANY - 21-23 (L 3', '08810', 'SANT PERE DE RIBES', 8, 0, '', '', '', '', 0, 0, 0, 'Alta'),
(2377, 1, '26000111', 13, 4, 43, '', 'SELLERS TELECOMUNICACIONES MARTORELL', '', '', 0, 0, 0, 8, 'PUIG DEL RAVELL - 6A', '08760', 'MARTORELL', 8, 0, '', '', '', '', 0, 0, 0, 'Alta'),
(2378, 1, '26000942', 13, 4, 43, '', 'SELLERS TELECOMUNICACIONES SANT ANDREU DE LA BARCA', '', '', 0, 0, 0, 6, 'CONSTITUCIO - 3', '08740', 'SANT ANDREU DE LA BARCA', 8, 0, '', '', '', '', 0, 0, 0, 'Alta'),
(2379, 1, '26330000', 13, 4, 43, '', 'ESPACIO ORANGE CESARIO ALIERTA', '', '', 0, 0, 0, 6, 'CESAREO ALIERTA - 33', '50008', 'ZARAGOZA', 50, 0, '', '', '', '', 0, 0, 0, 'Alta'),
(2380, 1, '26360001', 13, 4, 43, '', 'KIWITEL MOLINS DE REI', '', '', 0, 0, 0, 8, 'MAJOR - 2 BAJOS', '08750', 'MOLINS DE REI', 8, 0, '', '', '', '', 0, 0, 0, 'Alta'),
(2381, 1, '26360004', 13, 4, 43, '', 'KIWITEL BARCELONA VERGOS', '', '', 0, 0, 0, 8, 'VERGOS - 58', '08017', 'BARCELONA', 8, 0, '', '932053398', '', '', 0, 0, 0, 'Alta'),
(2382, 1, '26360014', 13, 4, 43, '', 'KIWITEL SANT BOI', '', '', 0, 0, 0, 8, 'LLUIS PASCUAL ROCA - 52', '08830', 'SANT BOI DE LLOBREGAT', 8, 0, '', '', '', '', 0, 0, 0, 'Alta'),
(2383, 1, '26360016', 13, 4, 43, '', 'KIWITEL REUS', '', '', 0, 0, 0, 6, 'CARDENAL VIDAL I BARRAQUER - 47', '43205', 'REUS', 43, 0, '', '', '', '', 0, 0, 0, 'Alta'),
(2384, 1, '26360071', 13, 4, 43, '', 'KIWITEL VILAFRANCA DEL PENEDES', '', '', 0, 0, 0, 8, 'PARELLADA - 11_13', '08720', 'VILLAFRANCA DEL PENEDES', 8, 0, '', '', '', '', 0, 0, 0, 'Alta'),
(2385, 1, '26360104', 13, 4, 43, '', 'KIWITEL SANT VICEN', '', '', 0, 0, 0, 7, 'LAVAILET CTRA DE SANT BOI 63 LOCAL 12 - 63', '08620', 'SANT VICEN', 8, 0, '', '', '', '', 0, 0, 0, 'Alta'),
(2386, 1, '28810006', 13, 4, 43, '', 'FANS REUS', '', '', 0, 0, 0, 7, 'CARREFOUR REUS AVDA MARIA FORTUNY 81 - 81', '43203', 'REUS', 43, 0, '', '', '', '', 0, 0, 0, 'Alta'),
(2387, 1, '29042494', 13, 4, 43, '', 'COMTIGO TORRERO', '', '', 0, 0, 0, 6, 'AMERICA - 71', '50005', 'ZARAGOZA', 50, 0, '', '', '', '', 0, 0, 0, 'Alta'),
(2388, 1, '29049705', 13, 4, 43, '', 'ONDALIBRE MASNOU', '', '', 0, 0, 0, 6, 'MASNOU - 43', '08905', 'HOSPITALET DEL LLOBREGAT', 8, 0, '', '', '', '', 0, 0, 0, 'Alta'),
(2389, 1, '29049994', 13, 7, 43, '', 'COMTIGO BERCEO', '', '', 0, 0, 0, 7, 'BERCEO C/ LERIDA LOCAL 35 - 1', '26006', 'LOGRO', 26, 0, '', '', '', '', 0, 0, 0, 'Alta'),
(2390, 1, '29440007', 13, 4, 43, '', 'CONEXION VILAMARINA', '', '', 0, 0, 0, 7, 'VILAMARINA, AVDA SIGLO XXI, LOCAL 014A - 6', '08840', 'VILADECANS', 8, 0, '', '', '', '', 0, 0, 0, 'Alta'),
(2391, 1, '29440072', 13, 4, 43, '', 'ESTEL.COM PUIGCERDA', '', '', 0, 0, 0, 8, 'RAMON COSP - 14', '17520', 'PUIGCERDA', 17, 0, '', '', '', '', 0, 0, 0, 'Alta'),
(2392, 1, '29440073', 13, 4, 43, '', 'CONEXION BARCELONA CALABRIA', '', '', 0, 0, 0, 8, 'CALABRIA - 286', '08029', 'BARCELONA', 8, 0, '', '934398454', '', '', 0, 0, 0, 'Alta'),
(2393, 1, '29440076', 13, 4, 43, '', 'TELECOMUNICACIONES DEL SOMONTANO ALCORAZ', '', '', 0, 0, 0, 8, 'ALCORAZ - 8', '22002', 'HUESCA', 22, 0, '', '', '', '', 0, 0, 0, 'Alta'),
(2394, 1, '29440128', 13, 4, 43, '', 'RECICLAJES ECOPLANA SAN CARLES DE LA RAPITA', '', '', 0, 0, 0, 8, 'SANT ISIDRE - 23', '43540', 'SAN CARLES DE LA RAPITA', 43, 0, '', '', '', '', 0, 0, 0, 'Alta'),
(2395, 1, '29440129', 13, 4, 43, '', 'RECICLAJES ECOPLANA TORREFORTA', '', '', 0, 0, 0, 8, 'RIU GLORIETA (TORREFORTA) - 3', '43006', 'TARRAGONA', 43, 0, '', '', '', '', 0, 0, 0, 'Alta'),
(2396, 1, '29440158', 13, 4, 43, '', 'ESTEL.COM CARREFOUR LLEIDA', '', '', 0, 0, 0, 8, 'GRAN PASEO RONDA - 63 (L2)', '25006', 'LERIDA', 25, 0, '', '', '', '', 0, 0, 0, 'Alta'),
(2397, 1, '29440173', 13, 4, 43, '', 'RECICLAJES ECOPLANA MORA D', '', '', 0, 0, 0, 8, 'ANTONI ASENS - 23', '43740', 'MORA D''EBRE', 43, 0, '', '', '', '', 0, 0, 0, 'Alta'),
(2398, 1, '29445527', 13, 4, 43, '', 'ESTEL.COM PI I MARGALL', '', '', 0, 0, 0, 8, 'PI I MARGALL - 48', '25004', 'LERIDA', 25, 0, '', '', '', '', 0, 0, 0, 'Alta'),
(2399, 1, '29446127', 13, 4, 43, '', 'TELECOMUNICACIONES DEL SOMONTANO BARBASTRO', '', '', 0, 0, 0, 8, 'CORONA DE ARAGON - 12', '22300', 'BARBASTRO', 22, 0, '', '974990056', '', '', 0, 0, 0, 'Alta'),
(2400, 1, '29447005', 13, 4, 43, '', 'TELECOMUNICACIONES DEL SOMONTANO HUESCA', '', '', 0, 0, 0, 7, 'COSO REAL AVDA DOCTOR ARTERO 31 LOCAL 28 - 31', '22006', 'HUESCA', 22, 0, '', '', '', '', 0, 0, 0, 'Alta'),
(2401, 1, '29447572', 13, 4, 43, '', 'COMTIGO SAN JOSE', '', '', 0, 0, 0, 6, 'SAN JOSE LOCAL - 198', '50007', 'ZARAGOZA', 50, 0, '', '', '', '', 0, 0, 0, 'Alta'),
(2402, 1, '29990009', 13, 7, 43, '', 'ONJOY IRU', '', '', 0, 0, 0, 7, 'IRU', '31013', 'BERRIOZAR', 31, 0, '', '948215511', '', '', 0, 0, 0, 'Alta'),
(2403, 1, '29990025', 13, 4, 43, '', 'YOUR PHONE TERRASSA', '', '', 0, 0, 0, 6, 'FRANCESC MACIA - 10', '08226', 'TERRASSA', 8, 0, '', '', '', '', 0, 0, 0, 'Alta'),
(2404, 1, '29990032', 13, 4, 43, '', 'BCTEL MATARO PARK', '', '', 0, 0, 0, 8, 'ESTRASBURGO - 5', '08304', 'MATARO', 8, 0, '', '', '', '', 0, 0, 0, 'Alta'),
(2405, 1, '29990039', 13, 4, 43, '', 'YOUR PHONE SABADELL MATADEPERA', '', '', 0, 0, 0, 6, 'MATADEPERA - 126', '08207', 'SABADELL', 8, 0, '', '', '', '', 0, 0, 0, 'Alta'),
(2406, 1, '29990069', 13, 4, 43, '', 'TELECOMUNICACIONES DEL SOMONTANO BINEFAR', '', '', 0, 0, 0, 20, 'ESPA', '22500', 'BINEFAR', 22, 0, '', '974429049', '', '', 0, 0, 0, 'Alta'),
(2407, 1, '29990071', 13, 4, 43, '', 'BCTEL BLANES', '', '', 0, 0, 0, 21, 'JOAQUIM RUYRA - 65', '17300', 'BLANES', 17, 0, '', '658866950', '', '', 0, 0, 0, 'Alta'),
(2408, 1, '29990085', 13, 4, 43, '', 'PROXIMA BARCELONA RAMON ALBO', '', '', 0, 0, 0, 8, 'RAMON ALBO - 4', '08027', 'BARCELONA', 8, 0, '', '653822474', '', '', 0, 0, 0, 'Alta'),
(2409, 1, '29990131', 13, 4, 43, '', 'ONDALIBRE SANT QUIRZE', '', '', 0, 0, 0, 7, 'ALCAMPO AUTOPISTA A-18 SALIDA SABADELL NORTE - (L 18', '08192', 'SANT QUIRZE', 8, 0, '', '', '', '', 0, 0, 0, 'Alta'),
(2410, 1, '29990135', 13, 4, 43, '', 'ONDALIBRE ALCAMPO SANT ADRIA', '', '', 0, 0, 0, 7, 'ALCAMPO SANT ADRIA AVDA DE LA PLAYA S/N - S/N', '08930', 'SANT ADRIA DEL BESOS', 8, 0, '', '', '', '', 0, 0, 0, 'Alta'),
(2411, 1, '29990138', 13, 4, 43, '', 'ONDALIBRE RIPOLL', '', '', 0, 0, 0, 8, 'SANT PERE - 12', '17500', 'RIPOLL', 17, 0, '', '', '', '', 0, 0, 0, 'Alta'),
(2412, 1, '29990139', 13, 4, 43, '', 'TELRED LA BISBAL', '', '', 0, 0, 0, 8, 'VOLTES - 15', '17100', 'LA BISBAL DE L''EMPORDA', 17, 0, '', '', '', '', 0, 0, 0, 'Alta'),
(2413, 1, '29990142', 13, 4, 43, '', 'ONDALIBRE BERGA', '', '', 0, 0, 0, 8, 'CIUTAT - 24', '08600', 'BERGA', 8, 0, '', '938223023', '', '', 0, 0, 0, 'Alta'),
(2414, 1, '29990143', 13, 4, 43, '', 'TELRED PALAFRUGELL', '', '', 0, 0, 0, 8, 'BARRIS I BUIXO - 1', '17200', 'PALAFRUGELL', 17, 0, '', '', '', '', 0, 0, 0, 'Alta'),
(2415, 1, '29990156', 13, 4, 43, '', 'ONDALIBRE VALENCIA', '', '', 0, 0, 0, 8, 'VALENCIA - 104', '08001', 'BARCELONA', 8, 0, '', '932262966', '', '', 0, 0, 0, 'Alta'),
(2416, 1, '29990193', 13, 4, 43, '', 'TELRED SANTA COLOMA DE FARNERS', '', '', 0, 0, 0, 8, 'SANT SEBASTIA - 46', '17430', 'SANTA COLOMA DE FARNERS', 17, 0, '', '', '', '', 0, 0, 0, 'Alta'),
(2417, 1, '29990196', 13, 4, 43, '', 'YOUR PHONE ESPLUGUES', '', '', 0, 0, 0, 8, 'VERGE DE LA MERCE - 49 L16', '08950', 'ESPLUGUES DE LLOBREGAT', 8, 0, '', '933728651', '', '', 0, 0, 0, 'Alta'),
(2418, 1, '29992799', 13, 4, 43, '', 'DIGITAL PHONE COMPROMISO DE CASPE', '', '', 0, 0, 0, 8, 'COMPROMISO DE CASPE - 71', '50002', 'ZARAGOZA', 50, 0, '', '', '', '', 0, 0, 0, 'Alta'),
(2419, 1, '29993488', 13, 4, 43, '', 'PROXIMA BARCELONA VALENCIA', '', '', 0, 0, 0, 8, 'NAPOLES - 216-218 TDA 7', '08013', 'BARCELONA', 8, 0, '', '934589523', '', '', 0, 0, 0, 'Alta'),
(2420, 1, '29993522', 13, 4, 43, '', 'DIGITAL PHONE ALMOZARA', '', '', 0, 0, 0, 6, 'PABLO GARGALLO - 77', '50003', 'ZARAGOZA', 50, 0, '', '', '', '', 0, 0, 0, 'Alta'),
(2421, 1, '29993644', 13, 4, 43, '', 'ISP EROSKI TARRASA', '', '', 0, 0, 0, 7, 'EROSKI EXTREMADURA S/N LOCAL 3 SECTOR MONTSERRAT - S/N', '08228', 'TERRASSA', 8, 0, '', '', '', '', 0, 0, 0, 'Alta'),
(2422, 1, '29994188', 13, 4, 43, '', 'BCTEL LLORET', '', '', 0, 0, 0, 8, 'TORRENTO - 33', '17310', 'LLORET DE MAR', 17, 0, '', '', '', '', 0, 0, 0, 'Alta'),
(2423, 1, '36000072', 13, 6, 43, '', 'MILENIA AZABACHE', '', '', 0, 0, 0, 14, 'Nacional 630 KM 54 - S/N L7', '33420', 'SIERO', 33, 0, '', '', '', '', 0, 0, 0, 'Alta'),
(2424, 1, '36000073', 13, 6, 43, '', 'MILENIA PARQUE ASTUR', '', '', 0, 0, 0, 8, 'MAYOR - S/N L17', '33468', 'EL PEDRERO - CORVERA', 33, 0, '', '985514690', '', '', 0, 0, 0, 'Alta'),
(2425, 1, '36000965', 13, 7, 43, '', 'MILENIA SAN FERNANDO', '', '', 0, 0, 0, 8, 'SAN FERNANDO - 30', '39010', 'SANTANDER', 39, 0, '', '', '', '', 0, 0, 0, 'Alta'),
(2426, 1, '36450000', 13, 6, 43, '', 'SERTEL LUGO', '', '', 0, 0, 0, 8, 'SAN PEDRO - 10', '27002', 'LUGO', 27, 0, '', '', '', '', 0, 0, 0, 'Alta'),
(2427, 1, '36450002', 13, 6, 43, '', 'SERTEL ORDES', '', '', 0, 0, 0, 8, 'ALFONSO SENRA - 115', '15680', 'ORDES', 15, 0, '', '', '', '', 0, 0, 0, 'Alta'),
(2428, 1, '36710011', 13, 6, 43, '', 'MULTISERVICIOS PEREGRINA', '', '', 0, 0, 0, 8, 'PEREGRINA - 24', '36001', 'PONTEVEDRA', 36, 0, '', '', '', '', 0, 0, 0, 'Alta'),
(2429, 1, '36710076', 13, 6, 43, '', 'MULTISERVICIOS CC AROUSA', '', '', 0, 0, 0, 7, 'AROUSA LOCAL 27 C/ XUNQUEIRA BAJOS - S/N', '36600', 'VILLAGARCIA DE AROSA', 36, 0, '', '', '', '', 0, 0, 0, 'Alta'),
(2430, 1, '36710085', 13, 6, 43, '', 'MULTISERVICIOS ZERO CC CARREFOUR PONTEVEDRA', '', '', 0, 0, 0, 7, 'CARREFOUR C RUA SAN BLAS BARRIO SALCEDO - S/N', '36143', 'PONTEVEDRA', 36, 0, '', '', '', '', 0, 0, 0, 'Alta'),
(2431, 1, '39042740', 13, 6, 43, '', 'DUATEL NOIA', '', '', 0, 0, 0, 8, 'CARREIRI', '15200', 'NOIA', 15, 0, '', '', '', '', 0, 0, 0, 'Alta'),
(2432, 1, '39046917', 13, 6, 43, '', 'COMUNICAMASI SARRIA', '', '', 0, 0, 0, 8, 'CALVO SOTELO - 80', '27600', 'SARRIA', 27, 0, '', '', '', '', 0, 0, 0, 'Alta'),
(2433, 1, '39440002', 13, 6, 43, '', 'CONEXION CC ODEON', '', '', 0, 0, 0, 7, 'ODEON LOCAL 71 C/ CATALU', '15570', 'NARON', 15, 0, '', '', '', '', 0, 0, 0, 'Alta'),
(2434, 1, '39440030', 13, 7, 43, '', 'CONEXION SERAFIN ESCALANTE', '', '', 0, 0, 0, 8, 'SERAFIN ESCALANTE - 11', '39300', 'TORRELAVEGA', 39, 0, '', '', '', '', 0, 0, 0, 'Alta'),
(2435, 1, '39440044', 13, 6, 43, '', 'CONEXION CC BUENAVISTA', '', '', 0, 0, 0, 7, 'BUENAVISTA LOCAL 130 A C/ ARTURO ALVAREZ BUYLLA - S/N', '33005', 'OVIEDO', 33, 0, '', '', '', '', 0, 0, 0, 'Alta'),
(2436, 1, '39440156', 13, 6, 43, '', 'DUATEL OURENSE AVDA DE ZAMORA', '', '', 0, 0, 0, 6, 'DE ZAMORA - 37', '32005', 'ORENSE', 32, 0, '', '', '', '', 0, 0, 0, 'Alta'),
(2437, 1, '39440187', 13, 6, 43, '', 'DUATEL A GRANXA', '', '', 0, 0, 0, 8, 'POL INDUSTRIAL A GRANXA RUA CORTEGADA - S/N PARCELA 256 PARALELA 1', '36475', 'O PORRI', 36, 0, '', '', '', '', 0, 0, 0, 'Alta'),
(2438, 1, '39440192', 13, 6, 43, '', 'COMUNICAMASI LALIN', '', '', 0, 0, 0, 8, 'LUIS GONZALEZ TABOADA - 3', '36500', 'LALIN', 36, 0, '', '', '', '', 0, 0, 0, 'Alta'),
(2439, 1, '39440196', 13, 6, 43, '', 'DUATEL CC ROSALES', '', '', 0, 0, 0, 22, 'DE OUTEIRO - 419 (L35A)', '15011', 'LA CORU', 15, 0, '', '', '', '', 0, 0, 0, 'Alta'),
(2440, 1, '39440197', 13, 6, 43, '', 'DUATEL RONDA OUTEIRO', '', '', 0, 0, 0, 22, 'OUTEIRO - 156 BAJO', '15007', 'LA CORU', 15, 0, '', '', '', '', 0, 0, 0, 'Alta'),
(2441, 1, '39440199', 13, 6, 43, '', 'DUATEL CC PARQUE FERROL', '', '', 0, 0, 0, 6, 'BUQUE ESCUELA GALATEA - S/N (L2A-4B)', '15405', 'FERROL', 15, 0, '', '', '', '', 0, 0, 0, 'Alta'),
(2442, 1, '39440211', 13, 6, 43, '', 'GRUPO PROMOVIL BA', '', '', 0, 0, 0, 8, 'ODON ALONSO - 20', '24750', 'LA BA', 24, 0, '', '', '', '', 0, 0, 0, 'Alta'),
(2443, 1, '39443551', 13, 6, 43, '', 'DUATEL PORRI', '', '', 0, 0, 0, 8, 'ANTONIO PALACIOS - 44', '36400', 'O PORRI', 36, 0, '', '', '', '', 0, 0, 0, 'Alta'),
(2444, 1, '39444573', 13, 7, 43, '', 'CONEXION ITM', '', '', 0, 0, 0, 8, 'JOSE LUIS HIDALGO - 2', '39300', 'TORRELAVEGA', 39, 0, '', '', '', '', 0, 0, 0, 'Alta'),
(2445, 1, '39444584', 13, 7, 43, '', 'CONEXION MALIA', '', '', 0, 0, 0, 6, 'CONCORDIA - 16', '39600', 'CAMARGO', 39, 0, '', '942269605', '', '', 0, 0, 0, 'Alta'),
(2446, 1, '39445539', 13, 7, 43, '', 'CONEXION CASTILLA', '', '', 0, 0, 0, 8, 'CASTILLA - 13', '39002', 'SANTANDER', 39, 0, '', '', '', '', 0, 0, 0, 'Alta'),
(2447, 1, '39445740', 13, 7, 43, '', 'CONEXION ASTILLERO', '', '', 0, 0, 0, 8, 'TRAVESIA ORENSE - 10', '39610', 'EL ASTILLERO', 39, 0, '', '942559985', '', '', 0, 0, 0, 'Alta'),
(2448, 1, '39446140', 13, 6, 43, '', 'DUATEL CANGAS', '', '', 0, 0, 0, 8, 'EUGENIO SEQUEIROS - 16', '36940', 'CANGAS', 36, 0, '', '986392131', '', '', 0, 0, 0, 'Alta'),
(2449, 1, '39446951', 13, 6, 43, '', 'CONEXION OVIEDO', '', '', 0, 0, 0, 8, 'NUEVE DE MAYO - S/N', '33002', 'OVIEDO', 33, 0, '', '', '', '', 0, 0, 0, 'Alta'),
(2450, 1, '39446962', 13, 6, 43, '', 'DUATEL REDONDELA', '', '', 0, 0, 0, 8, 'RIBEIRA - 5', '36800', 'REDONDELA', 36, 0, '', '', '', '', 0, 0, 0, 'Alta'),
(2451, 1, '39447228', 13, 6, 43, '', 'COMUNICAMASI O BARCO', '', '', 0, 0, 0, 6, 'CONDE DE FENOSA - 1', '32300', 'O BARCO', 32, 0, '', '', '', '', 0, 0, 0, 'Alta'),
(2452, 1, '39990051', 13, 6, 43, '', 'COMUNICALIA LA CALZADA', '', '', 0, 0, 0, 6, 'ARGENTINA - 22', '33212', 'GIJON', 33, 0, '', '', '', '', 0, 0, 0, 'Alta'),
(2453, 1, '39990072', 13, 6, 43, '', 'COMUNICALIA MAGNUS', '', '', 0, 0, 0, 8, 'MAGNUS BLISTKTAB - 57', '33207', 'GIJON', 33, 0, '', '', '', '', 0, 0, 0, 'Alta'),
(2454, 1, '39990110', 13, 6, 43, '', 'DUATEL ORENSE6', '', '', 0, 0, 0, 8, 'AIRA DA FONSILLON - S/N L42A P1', '32890', 'BARBADAS', 32, 0, '', '988237411', '', '', 0, 0, 0, 'Alta'),
(2455, 1, '39990113', 13, 6, 43, '', 'CONEXION VIGO C SALAMANCA', '', '', 0, 0, 0, 8, 'SALAMANCA (ESQ CALLE BARCELONA) - 10', '36211', 'VIGO', 36, 0, '', '', '', '', 0, 0, 0, 'Alta'),
(2456, 1, '39993212', 13, 6, 43, '', 'CONEXION VERIN', '', '', 0, 0, 0, 8, 'MONTEMAYOR - 2', '32600', 'VERIN', 32, 0, '', '', '', '', 0, 0, 0, 'Alta'),
(2457, 1, '45351837', 13, 5, 43, '', 'RIC DIGITAL', '', '', 0, 0, 0, 8, 'DOS DE MAYO - 1', '03440', 'IBI', 3, 0, '', '', '', '', 0, 0, 0, 'Alta'),
(2458, 1, '46000288', 13, 5, 43, '', 'COMUNICACIONES ERINA ALGEMESSI', '', '', 0, 0, 0, 8, 'MONTA', '46680', 'ALGEMESI', 46, 0, '', '962422467', '', '', 0, 0, 0, 'Alta'),
(2459, 1, '46530001', 13, 5, 43, '', 'DIGITAL WAP BENALUA', '', '', 0, 0, 0, 20, 'NAVARRO RODRIGO - 10', '03007', 'ALICANTE', 3, 0, '', '966300715', '', '', 0, 0, 0, 'Alta'),
(2460, 1, '46530036', 13, 5, 43, '', 'DIGITAL WAP CAMACHOS', '', '', 0, 0, 0, 20, 'CAMACHOS - 11', '30002', 'MURCIA', 30, 0, '', '', '', '', 0, 0, 0, 'Alta'),
(2461, 1, '48810001', 13, 5, 43, '', 'FANS SAN JUAN DE ALICANTE', '', '', 0, 0, 0, 7, 'CARREFOUR SAN JUAN CARRETERA NACIONAL- 332 (ALICANTE-VALENCIA) - 89', '03550', 'SAN JUAN DE ALICANTE', 3, 0, '', '', '', '', 0, 0, 0, 'Alta'),
(2462, 1, '48810015', 13, 5, 43, '', 'FANS MONCADA', '', '', 0, 0, 0, 8, 'LUIS VIVES - 34', '46113', 'MONCADA', 46, 0, '', '', '', '', 0, 0, 0, 'Alta'),
(2463, 1, '49050008', 13, 5, 43, '', 'TELECONCEPT MORAIRA', '', '', 0, 0, 0, 6, 'MADRID - 20', '03724', 'MORAIRA', 3, 0, '', '', '', '', 0, 0, 0, 'Alta'),
(2464, 1, '49050631', 13, 5, 43, '', 'TELECONCEPT DENIA', '', '', 0, 0, 0, 6, 'ALICANTE - 23', '03700', 'DENIA', 3, 0, '', '966435202', '', '', 0, 0, 0, 'Alta'),
(2465, 1, '49052631', 13, 5, 43, '', 'TELECONCEPT MARQUES DE CAMPOS', '', '', 0, 0, 0, 8, 'MARQUES DE CAMPOS - 45 BAJO', '03700', 'DENIA', 3, 0, '', '', '', '', 0, 0, 0, 'Alta'),
(2466, 1, '49060000', 13, 5, 43, '', 'MENORCA SYSTEM MAHON', '', '', 0, 0, 0, 8, 'SES MORERES - 58', '07703', 'MAHON', 7, 0, '', '', '', '', 0, 0, 0, 'Alta'),
(2467, 1, '49440010', 13, 5, 43, '', 'JUROMA BAIX DES COS', '', '', 0, 0, 0, 6, 'BAIX DESCOS - 13', '07500', 'MANACOR', 7, 0, '', '', '', '', 0, 0, 0, 'Alta'),
(2468, 1, '49440050', 13, 5, 43, '', 'VILOVI COMUNICACIONES LAS TORRES', '', '', 0, 0, 0, 8, 'MAYOR - 10', '30565', 'LAS TORRES DE COTILLAS', 30, 0, '', '', '', '', 0, 0, 0, 'Alta'),
(2469, 1, '49440058', 13, 5, 43, '', 'PLANETELEKOM PETRER', '', '', 0, 0, 0, 7, 'CARREFOUR VINALOPO CTRA ALICANTE MADRID KM36 - S/N (L 11', '03610', 'PETRER', 3, 0, '', '', '', '', 0, 0, 0, 'Alta'),
(2470, 1, '49440062', 13, 5, 43, '', 'TELECOM LA HORTA SUD PATERNA', '', '', 0, 0, 0, 8, 'MAYOR - 19', '46980', 'PATERNA', 46, 0, '', '', '', '', 0, 0, 0, 'Alta'),
(2471, 1, '49440063', 13, 5, 43, '', 'VILOVI COMUNICACIONES MOLINA', '', '', 0, 0, 0, 8, 'ESTACION - 1', '30500', 'MOLINA DEL SEGURA', 30, 0, '', '', '', '', 0, 0, 0, 'Alta'),
(2472, 1, '49440086', 13, 5, 43, '', 'VILOVI COMUNICACIONES ARCHENA', '', '', 0, 0, 0, 6, 'DEL CARRIL - 43B', '30600', 'ARCHENA', 30, 0, '', '968673400', '', '', 0, 0, 0, 'Alta'),
(2473, 1, '49440089', 13, 5, 43, '', 'INNOVACOM CASTELLON', '', '', 0, 0, 0, 20, 'PAIS VALENCIANO - 13', '12006', 'CASTELLON DE LA PLANA', 12, 0, '', '964057477', '', '', 0, 0, 0, 'Alta'),
(2474, 1, '49440095', 13, 5, 43, '', 'INNOVACOM CHIVA', '', '', 0, 0, 0, 20, 'CONSTITUCION - 6 BAJO', '46370', 'CHIVA', 46, 0, '', '962521632', '', '', 0, 0, 0, 'Alta'),
(2475, 1, '49440103', 13, 5, 43, '', 'PLANETELEKOM TORREVIEJA', '', '', 0, 0, 0, 7, 'CARREFOUR TORREVIEJA, LOCAL 7, CTRA CREVILLENTE - 25', '03184', 'TORREVIEJA', 3, 0, '', '', '', '', 0, 0, 0, 'Alta'),
(2476, 1, '49440105', 13, 5, 43, '', 'VILOVI COMUNICACIONES ELCHE', '', '', 0, 0, 0, 8, 'PEDRO JUAN PERPI', '03204', 'ELCHE', 3, 0, '', '966633253', '', '', 0, 0, 0, 'Alta'),
(2477, 1, '49440124', 13, 5, 43, '', 'INNOVACOM GENERAL URRUTIA', '', '', 0, 0, 0, 8, 'GENERAL URRUTIA - 46', '46006', 'VALENCIA', 46, 0, '', '', '', '', 0, 0, 0, 'Alta'),
(2478, 1, '49440131', 13, 5, 43, '', 'INNOVACOM LLUCMAJOR', '', '', 0, 0, 0, 8, 'VALL - 87 BAJOS', '07620', 'LLUCMAJOR', 7, 0, '', '', '', '', 0, 0, 0, 'Alta'),
(2479, 1, '49440134', 13, 5, 43, '', 'INNOVACOM INCA', '', '', 0, 0, 0, 8, 'JAUME ARMENGOL - 51', '07300', 'INCA', 7, 0, '', '', '', '', 0, 0, 0, 'Alta'),
(2480, 1, '49440163', 13, 5, 43, '', 'INNOVACOM POBLA DE VALLBONA', '', '', 0, 0, 0, 8, 'POETA LLORENTE - 118', '46185', 'POBLA DE VALLBONA', 46, 0, '', '', '', '', 0, 0, 0, 'Alta'),
(2481, 1, '49440168', 13, 5, 43, '', 'GRUPO ROZALEN Y OTERO VILLAJOYOSA', '', '', 0, 0, 0, 8, 'COLON - 13', '03570', 'VILLAJOYOSA', 3, 0, '', '', '', '', 0, 0, 0, 'Alta'),
(2482, 1, '49440171', 13, 5, 43, '', 'TOHNOS TOTANA', '', '', 0, 0, 0, 6, 'RAMBLA DE LA SANTA - 26', '30850', 'TOTANA', 30, 0, '', '', '', '', 0, 0, 0, 'Alta'),
(2483, 1, '49440172', 13, 5, 43, '', 'TELECOM LA HORTA SUD ALBAL', '', '', 0, 0, 0, 6, 'CORTES VALENCIANAS - 72', '46470', 'ALBAL', 46, 0, '', '960033653', '', '', 0, 0, 0, 'Alta'),
(2484, 1, '49440186', 13, 5, 43, '', 'GRUPO ROZALEN FINESTRAT', '', '', 0, 0, 0, 7, 'FINESTRAT - CTRA NUEVA DE FINESTRAT A LA CALA KM5 - (L 12', '03509', 'FINESTRAT', 3, 0, '', '965869544', '', '', 0, 0, 0, 'Alta'),
(2485, 1, '49440234', 13, 5, 43, '', 'INNOVACOM VILLAREAL', '', '', 0, 0, 0, 7, 'CARREFOUR VILLAREAL AVD MATILDE SALVADOR - S/N LCL 11', '12540', 'VILLAREAL', 12, 0, '', '', '', '', 0, 0, 0, 'Alta'),
(2486, 1, '49440236', 13, 5, 43, '', 'OSHOP ALZIRA', '', '', 0, 0, 0, 6, 'PEREZ GALDOS - 28', '04660', 'ALZIRA', 46, 0, '', '685958686', '', '', 0, 0, 0, 'Alta'),
(2487, 1, '49440237', 13, 5, 43, '', 'OSHOP BENIOPA', '', '', 0, 0, 0, 8, 'BENIOPA - 24', '46700', 'GANDIA', 46, 0, '', '', '', '', 0, 0, 0, 'Alta'),
(2488, 1, '49440249', 13, 5, 43, '', 'PLANET GENERAL RIERA', '', '', 0, 0, 0, 7, ' PALMA GENERAL RIERA AVD GENERAL RIERA - 152', '07010', 'PALMA DE MALLORCA', 7, 0, '', '', '', '', 0, 0, 0, 'Alta'),
(2489, 1, '49440250', 13, 5, 43, '', 'CALL & CALL PAIPORTA', '', '', 0, 0, 0, 8, 'JAUME I - 1', '46200', 'PAIPORTA', 46, 0, '', '', '', '', 0, 0, 0, 'Alta'),
(2490, 1, '49440255', 13, 5, 43, '', 'VILOVI COMUNICACIONES CEHEGIN', '', '', 0, 0, 0, 8, 'GRAN VIA - 8', '30430', 'CEHEGIN', 30, 0, '', '', '', '', 0, 0, 0, 'Alta'),
(2491, 1, '49440261', 13, 5, 43, '', 'RECICLAJES ECOPLANA CASTELLON', '', '', 0, 0, 0, 6, 'MAR  - S/N (L6)', '12003', 'CASTELLON DE LA PLANA', 12, 0, '', '964229136', '', '', 0, 0, 0, 'Alta'),
(2492, 1, '49440264', 13, 5, 43, '', 'INNOVACOM PALMA', '', '', 0, 0, 0, 14, 'VALL DE MOSSA - 62 BAJOS', '07010', 'PALMA DE MALLORCA', 7, 0, '', '', '', '', 0, 0, 0, 'Alta'),
(2493, 1, '49440267', 13, 5, 43, '', 'INNOVACOM CALA MILLOR', '', '', 0, 0, 0, 8, 'NA PENYALS, EDIFICIO GALA - 24 BJ LCL A', '07550', 'SON SERVERA', 7, 0, '', '', '', '', 0, 0, 0, 'Alta'),
(2494, 1, '49440268', 13, 5, 43, '', 'TELECOM LA HORTA SUD ONTENIENTE', '', '', 0, 0, 0, 8, 'PINTOR SEGRELLES - S/N (L207)', '46870', 'ONTENIENTE', 46, 0, '', '', '', '', 0, 0, 0, 'Alta'),
(2495, 1, '49440273', 13, 5, 43, '', 'CALL & CALL ALBORAYA', '', '', 0, 0, 0, 6, 'AUSIAS MARCH - 16 BAJO', '46120', 'ALBORAYA', 46, 0, '', '961857345', '', '', 0, 0, 0, 'Alta'),
(2496, 1, '49440274', 13, 5, 43, '', 'OSHOP VALENCIA SALAMANCA', '', '', 0, 0, 0, 8, 'SALAMANCA - 2 BAJO', '46005', 'VALENCIA', 46, 0, '', '', '', '', 0, 0, 0, 'Alta'),
(2497, 1, '49446174', 13, 5, 43, '', 'TELECOM LA HORTA SUD MANISES', '', '', 0, 0, 0, 14, 'RIBARROJA - 52 BAJO', '46940', 'MANISES', 46, 0, '', '', '', '', 0, 0, 0, 'Alta'),
(2498, 1, '49446596', 13, 5, 43, '', 'CALL & CALL ALDAYA', '', '', 0, 0, 0, 6, 'DOS DE MAYO - 44 BAJO', '46960', 'ALDAYA', 46, 0, '', '961516622', '', '', 0, 0, 0, 'Alta'),
(2499, 1, '49446941', 13, 5, 43, '', 'TELECOM LA HORTA SUD AVDA MEDITERRANEO', '', '', 0, 0, 0, 6, 'DEL MEDITERRANEO - 25', '46011', 'VALENCIA', 46, 0, '', '', '', '', 0, 0, 0, 'Alta'),
(2500, 1, '49990058', 13, 5, 43, '', 'REDITEL MAZARRON', '', '', 0, 0, 0, 7, 'LA PIRAMIDE LOCAL 10 AV DOCTOR MECA S/N - S/N', '30860', 'PUERTO DE MAZARRON', 30, 0, '', '', '', '', 0, 0, 0, 'Alta'),
(2501, 1, '49990060', 13, 5, 43, '', 'PROXIMA ZARAICHE', '', '', 0, 0, 0, 7, 'ZARAICHE AVD MIGUEL CERVANTES 106 - S/N', '30009', 'MURCIA', 30, 0, '', '', '', '', 0, 0, 0, 'Alta'),
(2502, 1, '49990077', 13, 5, 43, '', 'REDITEL AGUILAS', '', '', 0, 0, 0, 6, 'JUAN CARLOS I - 10', '30880', 'AGUILAS', 30, 0, '', '679560020', '', '', 0, 0, 0, 'Alta'),
(2503, 1, '49990119', 13, 5, 43, '', 'PROXIMA ALMORADI', '', '', 0, 0, 0, 20, 'CONSTITUCION - 5', '03160', 'ALMORADI', 3, 0, '', '966783350', '', '', 0, 0, 0, 'Alta'),
(2504, 1, '49990134', 13, 5, 43, '', 'RECICLAJES ECOPLANA VINAROZ', '', '', 0, 0, 0, 7, 'VINAROZ CTRA N340 POL IND VINAROZ - KM 1049 LCL 2', '12500', 'VINAROZ', 12, 0, '', '', '', '', 0, 0, 0, 'Alta'),
(2505, 1, '49990139', 13, 5, 43, '', 'DIGITAL WAP 31 DE DICIEMBRE', '', '', 0, 0, 0, 8, '31 DE DICIEMBRE - 27', '07003', 'PALMA DE MALLORCA', 7, 0, '', '', '', '', 0, 0, 0, 'Alta'),
(2506, 1, '49990140', 13, 5, 43, '', 'DIGITAL WAP SANTA PON', '', '', 0, 0, 0, 6, 'REI JAUME I - 111', '07184', 'CALVIA', 7, 0, '', '971698367', '', '', 0, 0, 0, 'Alta'),
(2507, 1, '49990141', 13, 5, 43, '', 'DIGITAL WAP BLANQUERNA', '', '', 0, 0, 0, 8, 'BLANQUERNA - 64', '07010', 'PALMA DE MALLORCA', 7, 0, '', '', '', '', 0, 0, 0, 'Alta'),
(2508, 1, '49990145', 13, 5, 43, '', 'PROXIMA VALL DE UXO', '', '', 0, 0, 0, 20, 'LA PAZ - 4 BAJO', '12600', 'VALL DE UXO', 12, 0, '', '', '', '', 0, 0, 0, 'Alta'),
(2509, 1, '49990153', 13, 5, 43, '', 'DIGITAL WAP POLLEN', '', '', 0, 0, 0, 8, 'CECILI METEL - 12 LOCAL N', '07460', 'POLLEN', 7, 0, '', '', '', '', 0, 0, 0, 'Alta'),
(2510, 1, '49990157', 13, 5, 43, '', 'PROXIMA JUMILLA', '', '', 0, 0, 0, 8, 'CANOVAS DEL CASTILLO - 76', '30520', 'JUMILLA', 30, 0, '', '', '', '', 0, 0, 0, 'Alta'),
(2511, 1, '49990158', 13, 5, 43, '', 'REDITEL TESIFONTE', '', '', 0, 0, 0, 8, 'TESIFONTE GALLEGO - 7', '02002', 'ALBACETE', 2, 0, '', '675970720', '', '', 0, 0, 0, 'Alta'),
(2512, 1, '49990163', 13, 5, 43, '', 'PROXIMA VILLENA', '', '', 0, 0, 0, 6, 'CONSTITUCION - 3', '03400', 'VILLENA', 3, 0, '', '', '', '', 0, 0, 0, 'Alta'),
(2513, 1, '49993213', 13, 5, 43, '', 'PROXIMA BURRIANA', '', '', 0, 0, 0, 8, 'RAVAL - 33', '12530', 'BURRIANA', 12, 0, '', '692680225', '', '', 0, 0, 0, 'Alta'),
(2514, 1, '49993357', 13, 5, 43, '', 'CALL & CALL PICASSENT', '', '', 0, 0, 0, 8, 'DOCTOR SOLER - 8', '46220', 'PICASSENT', 46, 0, '', '', '', '', 0, 0, 0, 'Alta'),
(2515, 1, '49993813', 13, 5, 43, '', 'IS CELL & WEB LERIDA', '', '', 0, 0, 0, 8, 'LERIDA - 12', '03012', 'ALICANTE', 3, 0, '', '966376474', '', '', 0, 0, 0, 'Alta'),
(2516, 1, '56000010', 13, 3, 43, '', 'ESPACIO ORANGE SAN JUAN DE DIOS', '', '', 0, 0, 0, 8, 'SAN JUAN DE DIOS - 52', '18001', 'GRANADA', 18, 0, '', '', '', '', 0, 0, 0, 'Alta'),
(2517, 1, '56000014', 13, 3, 43, '', 'ESPACIO ORANGE PUERTO', '', '', 0, 0, 0, 6, 'EJERCITO - 9', '11500', 'EL PUERTO DE SANTA MARIA', 11, 0, '', '956855537', '', '', 0, 0, 0, 'Alta'),
(2518, 1, '56000028', 13, 3, 43, '', 'ESPACIO ORANGE BARBATE', '', '', 0, 0, 0, 6, 'DEL MAR - 62 (L 5', '11160', 'BARBATE', 11, 0, '', '956432012', '', '', 0, 0, 0, 'Alta'),
(2519, 1, '56000042', 13, 3, 43, '', 'ESPACIO ORANGE MACARENA', '', '', 0, 0, 0, 7, 'CARREF MACARENA RONDA URBANA NORTE - S/N LCL 9', '41008', 'SEVILLA', 41, 0, '', '', '', '', 0, 0, 0, 'Alta'),
(2520, 1, '56000046', 13, 3, 43, '', 'ESPACIO ORANGE AYAMONTE', '', '', 0, 0, 0, 8, 'CERVANTES - 7', '21400', 'AYAMONTE', 21, 0, '', '959471226', '', '', 0, 0, 0, 'Alta'),
(2521, 1, '56000048', 13, 3, 43, '', 'ESPACIO ORANGE CARREFOUR HUELVA', '', '', 0, 0, 0, 7, 'CARREFOUR NORTE RONDA EXTERIOR SUR - (L 15', '21007', 'HUELVA', 21, 0, '', '', '', '', 0, 0, 0, 'Alta'),
(2522, 1, '56000057', 13, 3, 43, '', 'ESPACIO ORANGE MIAJADAS', '', '', 0, 0, 0, 6, 'DE TRUJILLO - 4', '10100', 'MIAJADAS', 10, 0, '', '', '', '', 0, 0, 0, 'Alta'),
(2523, 1, '56000084', 13, 3, 43, '', 'ESPACIO ORANGE SAN PABLO', '', '', 0, 0, 0, 7, 'CARREFOUR SAN PABLO C/ JOSE JESUS GARCIA DIAZ - 1 LCL 8', '41020', 'SEVILLA', 41, 0, '', '', '', '', 0, 0, 0, 'Alta'),
(2524, 1, '56000095', 13, 3, 43, '', 'ESPACIO ORANGE ZAHIRA', '', '', 0, 0, 0, 7, 'CARREFOUR ZAHIRA CTRA MADRID - KM 400 CC LCL 9', '14014', 'CORDOBA', 14, 0, '', '957259275', '', '', 0, 0, 0, 'Alta'),
(2525, 1, '56000099', 13, 3, 43, '', 'ESPACIO ORANGE DOS HERMANAS', '', '', 0, 0, 0, 7, 'CARREFOUR DOS HERMANAS CTRA NACIONAL IV KM 555 ESQ AVDA DR FLEMING - S/N LCL 15', '41700', 'DOS HERMANAS', 41, 0, '', '954729559', '', '', 0, 0, 0, 'Alta'),
(2526, 1, '56000107', 13, 3, 43, '', 'ESPACIO ORANGE CC EL FARO BADAJOZ', '', '', 0, 0, 0, 7, 'EL FARO BADAJOZ AVDA ELVAS - S/N', '06006', 'BADAJOZ', 6, 0, '', '924391044', '', '', 0, 0, 0, 'Alta'),
(2527, 1, '56000129', 13, 3, 43, '', 'ESPACIO ORANGE SEVILLA', '', '', 0, 0, 0, 6, 'SANCHEZ PIZJUAN - 1 (L', '41009', 'SEVILLA', 41, 0, '', '', '', '', 0, 0, 0, 'Alta'),
(2528, 1, '56000143', 13, 3, 43, '', 'ESPACIO ORANGE TRIGO', '', '', 0, 0, 0, 8, 'TRIGO ESQUINA SILOS - 1', '41500', 'ALCALA DE GUADAIRA', 41, 0, '', '', '', '', 0, 0, 0, 'Alta'),
(2529, 1, '56000148', 13, 3, 43, '', 'ESPACIO ORANGE CRISTO DE LA EPIDEMIA', '', '', 0, 0, 0, 8, 'CRISTO DE LA EPIDEMIA - 80', '29013', 'MALAGA', 29, 0, '', '', '', '', 0, 0, 0, 'Alta'),
(2530, 1, '56000150', 13, 3, 43, '', 'ESPACIO ORANGE TORREMOLINOS', '', '', 0, 0, 0, 20, 'COSTA DEL SOL - 5 (L25)', '29620', 'TORREMOLINOS', 29, 0, '', '', '', '', 0, 0, 0, 'Alta'),
(2531, 1, '56000151', 13, 3, 43, '', 'ESPACIO ORANGE VIALIA', '', '', 0, 0, 0, 27, 'DE LA ESTACION - LOCAL FO12', '29002', 'MALAGA', 29, 0, '', '', '', '', 0, 0, 0, 'Alta'),
(2532, 1, '56000153', 13, 3, 43, '', 'ESPACIO ORANGE RINCON DE LA VICTORIA', '', '', 0, 0, 0, 6, 'DEL MEDITERRANEO - 88', '29730', 'RINCON DE LA VICTORIA', 29, 0, '', '', '', '', 0, 0, 0, 'Alta'),
(2533, 1, '56000645', 13, 3, 43, '', 'ESPACIO ORANGE CACERES', '', '', 0, 0, 0, 6, 'DE ESPA', '10001', 'CACERES', 10, 0, '', '927240150', '', '', 0, 0, 0, 'Alta'),
(2534, 1, '56001056', 13, 3, 43, '', 'ESPACIO ORANGE SEGUNDA AGUADA', '', '', 0, 0, 0, 6, 'SEGUNDA AGUADA - 6', '11012', 'CADIZ', 11, 0, '', '956075010', '', '', 0, 0, 0, 'Alta'),
(2535, 1, '56001123', 13, 3, 43, '', 'ESPACIO ORANGE CHICLANA', '', '', 0, 0, 0, 7, 'EROSKI CHICLANA CRTA NAC IV - KM 340', '11130', 'CHICLANA DE LA FRONTERA', 11, 0, '', '956531668', '', '', 0, 0, 0, 'Alta'),
(2536, 1, '56001145', 13, 3, 43, '', 'ESPACIO ORANGE CTRA CARMONA', '', '', 0, 0, 0, 14, 'CARMONA - 51', '41008', 'SEVILLA', 41, 0, '', '', '', '', 0, 0, 0, 'Alta'),
(2537, 1, '56001189', 13, 3, 43, '', 'ESPACIO ORANGE DARRO', '', '', 0, 0, 0, 20, 'DEL HUMILLADERO - 11', '18005', 'GRANADA', 18, 0, '', '', '', '', 0, 0, 0, 'Alta'),
(2538, 1, '56001190', 13, 3, 43, '', 'ESPACIO ORANGE BEETHOVEN', '', '', 0, 0, 0, 8, 'BEETHOVEN - 3', '29004', 'MALAGA', 29, 0, '', '', '', '', 0, 0, 0, 'Alta'),
(2539, 1, '56300012', 13, 3, 43, '', 'HELLO LOS ARCOS', '', '', 0, 0, 0, 7, 'LOS ARCOS AVD DE ANDALUCIA - S/N (L 31B', '41007', 'SEVILLA', 41, 0, '', '', '', '', 0, 0, 0, 'Alta'),
(2540, 1, '56300056', 13, 3, 43, '', 'HELLO NERVION PLAZA', '', '', 0, 0, 0, 6, 'LUIS DE MORALES - S/N LOCAL 18A', '41018', 'SEVILLA', 41, 0, '', '', '', '', 0, 0, 0, 'Alta'),
(2541, 1, '59041108', 13, 3, 43, '', 'ANEVINIP', '', '', 0, 0, 0, 6, 'MARIA AUXILIADORA - 25', '06011', 'BADAJOZ', 6, 0, '', '924229123', '', '', 0, 0, 0, 'Alta'),
(2542, 1, '59045819', 13, 3, 43, '', 'MAXIMOVIL LOJA', '', '', 0, 0, 0, 6, 'DE LOS ANGELES - 37', '18300', 'LOJA', 18, 0, '', '', '', '', 0, 0, 0, 'Alta'),
(2543, 1, '59440009', 13, 3, 43, '', 'GRUPO PROMOVIL HUELVA', '', '', 0, 0, 0, 7, 'AQUALON C/ GLORIETA NORTE - S/N (L 20', '21005', 'HUELVA', 21, 0, '', '', '', '', 0, 0, 0, 'Alta'),
(2544, 1, '59440025', 13, 3, 43, '', 'AREAPHONE CACERES', '', '', 0, 0, 0, 6, 'ANTONIO HURTADO - 20', '10002', 'CACERES', 10, 0, '', '927248053', '', '', 0, 0, 0, 'Alta'),
(2545, 1, '59440072', 13, 3, 43, '', 'DIGITAL MARTOS', '', '', 0, 0, 0, 6, 'SAN AMADOR - 57', '23600', 'MARTOS', 23, 0, '', '', '', '', 0, 0, 0, 'Alta'),
(2546, 1, '59440078', 13, 3, 43, '', 'CONEXION SANLUCAR DE BARRAMEDA', '', '', 0, 0, 0, 7, 'LAS DUNAS AVD PUERTO DE SANTA MARIA - KM 1,5 (L 59', '11540', 'SANLUCAR DE BARRAMEDA', 11, 0, '', '', '', '', 0, 0, 0, 'Alta'),
(2547, 1, '59440103', 13, 3, 43, '', 'ONUFONE VALVERDE', '', '', 0, 0, 0, 8, 'VALLE DE LA FUENTE - 82 (L', '21600', 'VALVERDE DEL CAMINO', 21, 0, '', '', '', '', 0, 0, 0, 'Alta'),
(2548, 1, '59440106', 13, 3, 43, '', 'ONUFONE TEATINOS', '', '', 0, 0, 0, 8, 'ANTIGONA - 3 (L 16', '29010', 'MALAGA', 29, 0, '', '', '', '', 0, 0, 0, 'Alta'),
(2549, 1, '59440114', 13, 3, 43, '', 'DIRECTO MOVIL ESTEPA', '', '', 0, 0, 0, 6, 'ANDALUCIA - 105', '41560', 'ESTEPA', 41, 0, '', '955914302', '', '', 0, 0, 0, 'Alta'),
(2550, 1, '59440115', 13, 3, 43, '', 'TELEMOVIL PRIOR UTRERA', '', '', 0, 0, 0, 8, 'VIRGEN DE CONSOLACI', '41710', 'UTRERA', 41, 0, '', '', '', '', 0, 0, 0, 'Alta'),
(2551, 1, '59440123', 13, 3, 43, '', 'DTV CHICLANA', '', '', 0, 0, 0, 8, 'ARTESANO PEPE MARIN - 12', '11130', 'CHICLANA DE LA FRONTERA', 11, 0, '', '956497889', '', '', 0, 0, 0, 'Alta'),
(2552, 1, '59440142', 13, 3, 43, '', 'CORIATEL SAN JUAN', '', '', 0, 0, 0, 8, 'LEPANTO - 115', '41920', 'SAN JUAN DE AZNALFARACHE', 41, 0, '', '', '', '', 0, 0, 0, 'Alta'),
(2553, 1, '59440145', 13, 3, 43, '', 'AREAPHONE MONTIJO', '', '', 0, 0, 0, 8, 'CIPRIANO GARCIA PI', '06480', 'MONTIJO', 6, 0, '', '', '', '', 0, 0, 0, 'Alta'),
(2554, 1, '59440161', 13, 3, 43, '', 'ONUFONE BOLLULLOS', '', '', 0, 0, 0, 6, '28 DE FEBRERO - 60 (L', '21710', 'BOLLULLOS DEL CONDADO', 21, 0, '', '959410401', '', '', 0, 0, 0, 'Alta'),
(2555, 1, '59440237', 13, 3, 43, '', 'CORIATEL LEBRIJA', '', '', 0, 0, 0, 8, 'TRINIDAD - 2', '41740', 'LEBRIJA', 41, 0, '', '', '', '', 0, 0, 0, 'Alta'),
(2556, 1, '59440260', 13, 3, 43, '', 'TELEMOVIL PRIOR RINCONADA', '', '', 0, 0, 0, 8, 'MADRID - 47', '41300', 'LA RINCONADA', 41, 0, '', '', '', '', 0, 0, 0, 'Alta'),
(2557, 1, '59440265', 13, 3, 43, '', 'DTV PUERTA EUROPA', '', '', 0, 0, 0, 7, 'PUERTA EUROPA AVDA VIRGEN DEL CARMEN - LCL 37 B', '11201', 'ALGECIRAS', 11, 0, '', '856124339', '', '', 0, 0, 0, 'Alta'),
(2558, 1, '59440266', 13, 3, 43, '', 'MAXIMOVIL ALHAURIN', '', '', 0, 0, 0, 14, 'DE CARTAMA - 2', '29120', 'ALHAURIN EL GRANDE', 29, 0, '', '952594706', '', '', 0, 0, 0, 'Alta'),
(2559, 1, '59440315', 13, 3, 43, '', 'OFERTEL CABRA', '', '', 0, 0, 0, 8, 'MARTIN BELDA - 20', '14940', 'CABRA', 14, 0, '', '957520746', '', '', 0, 0, 0, 'Alta'),
(2560, 1, '59440337', 13, 3, 43, '', 'GRUPO PROMOVIL ECIJA', '', '', 0, 0, 0, 6, 'MARIA AUXILIADORA - S/N (L D 23', '41400', 'ECIJA', 41, 0, '', '969302246', '', '', 0, 0, 0, 'Alta'),
(2561, 1, '59444653', 13, 3, 43, '', 'AREAPHONE', '', '', 0, 0, 0, 6, 'JUAN SEBASTIAN ELCANO - 56', '06010', 'BADAJOZ', 6, 0, '', '924229179', '', '', 0, 0, 0, 'Alta'),
(2562, 1, '59448486', 13, 3, 43, '', 'MAXIMOVIL LINARES', '', '', 0, 0, 0, 6, 'DE ANDALUCIA - 2', '23700', 'LINARES', 23, 0, '', '', '', '', 0, 0, 0, 'Alta'),
(2563, 1, '59448920', 13, 3, 43, '', 'CORIATEL ALMONTE', '', '', 0, 0, 0, 8, 'TELLO DE ESLAVA - 4', '21730', 'ALMONTE', 21, 0, '', '959406703', '', '', 0, 0, 0, 'Alta'),
(2564, 1, '59448975', 13, 3, 43, '', 'ONUFONE ISLA CRISTINA', '', '', 0, 0, 0, 8, 'EL CARMEN - 27', '21410', 'ISLA CRISTINA', 21, 0, '', '', '', '', 0, 0, 0, 'Alta'),
(2565, 1, '59449142', 13, 3, 43, '', 'AREAPHONE SAN ROQUE', '', '', 0, 0, 0, 6, 'RICARDO CARAPETO - 6', '06008', 'BADAJOZ', 6, 0, '', '924200917', '', '', 0, 0, 0, 'Alta'),
(2566, 1, '59449175', 13, 3, 43, '', 'DIGITAL LA CAROLINA', '', '', 0, 0, 0, 6, 'JUAN CARLOS I - 12 BAJO', '23200', 'LA CAROLINA', 23, 0, '', '', '', '', 0, 0, 0, 'Alta'),
(2567, 1, '59990029', 13, 3, 43, '', 'MAXIMOVIL ALORA', '', '', 0, 0, 0, 6, 'CERVANTES - 21A', '29500', 'ALORA', 29, 0, '', '952496824', '', '', 0, 0, 0, 'Alta'),
(2568, 1, '59990039', 13, 3, 43, '', 'YOUR PHONE TOMARES', '', '', 0, 0, 0, 7, 'CARREFOUR (TIENDA EN GALERIA CCIAL FRENTE ADMON LOTERIAS) CTRA TOMARES - KM 1', '41920', 'SAN JUAN DE AZNALFARACHE', 41, 0, '', '', '', '', 0, 0, 0, 'Alta'),
(2569, 1, '59990070', 13, 3, 43, '', 'YOUR PHONE LOS BARRIOS II', '', '', 0, 0, 0, 7, 'CARREFOUR LOS BARRIOS-PALMONES CTRA CADIZ MALAGA - KM 112 (L 3', '11370', 'LOS BARRIOS', 11, 0, '', '', '', '', 0, 0, 0, 'Alta'),
(2570, 1, '59990082', 13, 3, 43, '', 'OK CLUB UBEDA JAEN', '', '', 0, 0, 0, 8, 'OBISPO COBOS - 23', '23400', 'UBEDA', 23, 0, '', '', '', '', 0, 0, 0, 'Alta'),
(2571, 1, '59990083', 13, 3, 43, '', 'YOUR PHONE PATIOS', '', '', 0, 0, 0, 7, 'LOS PATIOS CRTA CADIZ - KM 241 (L 54 BAJO', '29004', 'MALAGA', 29, 0, '', '', '', '', 0, 0, 0, 'Alta'),
(2572, 1, '59990114', 13, 3, 43, '', 'OK CLUB CAMAS', '', '', 0, 0, 0, 8, 'SANTA MARIA DE GRACIA - 27 E (L B', '41900', 'CAMAS', 41, 0, '', '954281040', '', '', 0, 0, 0, 'Alta'),
(2573, 1, '59990147', 13, 3, 43, '', 'OK CLUB CC PARQUE CEUTA', '', '', 0, 0, 0, 7, 'PARQUE CEUTA AVD TENIENTE GENERAL MUSLERA - S/N', '51001', 'CEUTA', 51, 0, '', '956502250', '', '', 0, 0, 0, 'Alta'),
(2574, 1, '59990148', 13, 3, 43, '', 'OK CLUB ESTEPONA', '', '', 0, 0, 0, 8, 'CASTILLO - 29', '29680', 'ESTEPONA', 29, 0, '', '952791032', '', '', 0, 0, 0, 'Alta'),
(2575, 1, '59990179', 13, 3, 43, '', 'OK CLUB CHIPIONA', '', '', 0, 0, 0, 8, 'ISAAC PERAL - 51 BAJO', '11550', 'CHIPIONA', 11, 0, '', '956372843', '', '', 0, 0, 0, 'Alta'),
(2576, 1, '59990203', 13, 3, 43, '', 'ONUFONE OSUNA', '', '', 0, 0, 0, 8, 'CARRERA - 5', '41640', 'OSUNA', 41, 0, '', '', '', '', 0, 0, 0, 'Alta'),
(2577, 1, '59990205', 13, 3, 43, '', 'ONUFONE LORA DEL RIO', '', '', 0, 0, 0, 8, 'GUADALORA - 12', '41440', 'LORA DEL RIO', 41, 0, '', '', '', '', 0, 0, 0, 'Alta'),
(2578, 1, '59993081', 13, 3, 43, '', 'HELLO EL PASEO', '', '', 0, 0, 0, 7, 'EL PASEO CRTA N IV - KM 653', '11500', 'EL PUERTO DE SANTA MARIA', 11, 0, '', '956540602', '', '', 0, 0, 0, 'Alta'),
(2579, 1, '59993436', 13, 3, 43, '', 'OK CLUB LINARES', '', '', 0, 0, 0, 7, 'ALCAMPO AVD SAN CRISTOBAL - GALERIA (L 10', '23700', 'LINARES', 23, 0, '', '', '', '', 0, 0, 0, 'Alta'),
(2580, 1, '59993447', 13, 3, 43, '', 'OK CLUB LUCENA', '', '', 0, 0, 0, 8, 'JULIO ROMERO DE TORRES - 21', '14900', 'LUCENA', 14, 0, '', '', '', '', 0, 0, 0, 'Alta'),
(2581, 1, '59993470', 13, 3, 43, '', 'OK CLUB LOCAL LA SIERRA', '', '', 0, 0, 0, 7, 'LA SIERRA C/POETA EMILIO PRADOS - S/N BAJO (L', '14012', 'CORDOBA', 14, 0, '', '957408940', '', '', 0, 0, 0, 'Alta'),
(2582, 1, '59993981', 13, 3, 43, '', 'YOUR PHONE ZOCO CORDOBA', '', '', 0, 0, 0, 7, 'ZOCO CORDOBA PZA DE LOS CALIFAS - S/N PARCELA 3B MANZANA 3 PLTA 1', '14005', 'CORDOBA', 14, 0, '', '957761690', '', '', 0, 0, 0, 'Alta'),
(2583, 1, '59993992', 13, 3, 43, '', 'YOUR PHONE SEVILLA', '', '', 0, 0, 0, 6, 'REPUBLICA ARGENTINA - 30', '41011', 'SEVILLA', 41, 0, '', '', '', '', 0, 0, 0, 'Alta'),
(2584, 1, '69440010', 13, 3, 43, '', 'CONEXION ADEJE GRAN SUR', '', '', 0, 0, 0, 7, 'GRAN SUR C/LISBOA - S/N (L5A)', '38660', 'ADEJE', 38, 0, '', '922714438', '', '', 0, 0, 0, 'Alta'),
(2585, 1, '69440067', 13, 3, 43, '', 'CONEXION BELLAVISTA', '', '', 0, 0, 0, 7, 'BELLAVISTA C PARTERA LEONORITA - LCL A205-206', '35290', 'SAN BARTOLOME DE TIRAJANA', 35, 0, '', '', '', '', 0, 0, 0, 'Alta'),
(2586, 1, '69440079', 13, 3, 43, '', 'CONEXION EL TABLERO', '', '', 0, 0, 0, 7, 'EL TABLERO AVDA FRANCISCO VEGA MONROY - T-8 AC-1 PARC 187', '35109', 'SAN BARTOLOME DE TIRAJANA', 35, 0, '', '', '', '', 0, 0, 0, 'Alta'),
(2587, 1, '69440102', 13, 3, 43, '', 'GRUPO PROMOVIL VECINDARIO', '', '', 0, 0, 0, 6, 'CANARIAS - 134', '35280', 'SANTA LUCIA DE TIRAJANA', 35, 0, '', '', '', '', 0, 0, 0, 'Alta'),
(2588, 1, '69440105', 13, 3, 43, '', 'CONEXION GRAN TARAJAL', '', '', 0, 0, 0, 8, 'TINDAYA - S/N 1B ESQ C/ HIERRO (GRAN TARAJAL)', '35629', 'TUINEJE', 35, 0, '', '', '', '', 0, 0, 0, 'Alta'),
(2589, 1, '69446443', 13, 3, 43, '', 'LORENA GOMEZ SANJUAN LOS LLANOS', '', '', 0, 0, 0, 8, 'DOCTOR FLEMING - 7 (L 1', '38760', 'LOS LLANOS DE ARIDANE', 38, 0, '', '', '', '', 0, 0, 0, 'Alta'),
(2590, 1, '69990011', 13, 3, 43, '', 'YOUR PHONE JOSE ANTONIO PRIMO DE RIVERA', '', '', 0, 0, 0, 8, 'JOSE ANTONIO PRIMO DE RIVERA - 107', '35500', 'ARRECIFE', 35, 0, '', '928817441', '', '', 0, 0, 0, 'Alta'),
(2591, 1, '69990026', 13, 3, 43, '', 'YOUR PHONE LOS REALEJOS', '', '', 0, 0, 0, 6, 'LOS REMEDIOS - 30', '38410', 'LOS REALEJOS', 38, 0, '', '', '', '', 0, 0, 0, 'Alta'),
(2592, 1, '69990040', 13, 3, 43, '', 'YOUR PHONE ICOD', '', '', 0, 0, 0, 8, 'SAN AGUSTIN - 70', '38430', 'ICOD DE LOS VINOS', 38, 0, '', '', '', '', 0, 0, 0, 'Alta'),
(2593, 1, '69990041', 13, 3, 43, '', 'YOUR PHONE MAGALONA', '', '', 0, 0, 0, 7, 'LA MAGALONA C/ PEZ - S/N LCL 27', '38430', 'ICOD DE LOS VINOS', 38, 0, '', '', '', '', 0, 0, 0, 'Alta'),
(2594, 1, '76000002', 13, 7, 43, '', 'ESPACIO ORANGE ARDIGALES GALDACANO', '', '', 0, 0, 0, 8, 'JUAN BAUTISTA URIARTE - 33', '48960', 'GALDACANO', 48, 0, '', '946526522', '', '', 0, 0, 0, 'Alta'),
(2595, 1, '76000006', 13, 7, 43, '', 'MILENIA ABADI', '', '', 0, 0, 0, 7, 'ABADI', '48220', 'ABADI', 48, 0, '', '946217303', '', '', 0, 0, 0, 'Alta'),
(2596, 1, '76000018', 13, 7, 43, '', 'ESPACIO ORANGE ARDIGALES LLODIO', '', '', 0, 0, 0, 6, 'ZUMALAKARREGUI - 44', '01400', 'LLODIO', 1, 0, '', '', '', '', 0, 0, 0, 'Alta'),
(2597, 1, '76000031', 13, 7, 43, '', 'ESPACIO ORANGE ARDIGALES MONDRAGON', '', '', 0, 0, 0, 8, 'MAALAKO ERRABAL - 11', '20500', 'MONDRAGON', 20, 0, '', '', '', '', 0, 0, 0, 'Alta'),
(2598, 1, '76000032', 13, 7, 43, '', 'ESPACIO ORANGE ARDIGALES PORTUGALETE', '', '', 0, 0, 0, 6, 'CARLOS VII - 1', '48920', 'PORTUGALETE', 48, 0, '', '', '', '', 0, 0, 0, 'Alta'),
(2599, 1, '76000049', 13, 7, 43, '', 'MILENIA VITORIA', '', '', 0, 0, 0, 7, 'ARETXABALETA C IRURAITZ GAUNA - 1 (L 4', '01006', 'VITORIA', 1, 0, '', '', '', '', 0, 0, 0, 'Alta'),
(2600, 1, '79440055', 13, 7, 43, '', 'CONEXION URQUIJO', '', '', 0, 0, 0, 3, 'URQUIJO - 33', '48008', 'BILBAO', 48, 0, '', '944106982', '', '', 0, 0, 0, 'Alta'),
(2601, 1, '79990005', 13, 7, 43, '', 'YOUR PHONE SANTUTXU', '', '', 0, 0, 0, 8, 'JULIAN BOLIVAR ELORDUY - 3', '48004', 'BILBAO', 48, 0, '', '944335020', '', '', 0, 0, 0, 'Alta'),
(2602, 1, '79990025', 13, 7, 43, '', 'ONJOY C.C. URBIL', '', '', 0, 0, 0, 7, 'URBIL LOCAL B35 - POLIGONO ASTEA SUAIN - S/N', '20170', 'USURBIL', 20, 0, '', '', '', '', 0, 0, 0, 'Alta'),
(2603, 1, '79990027', 13, 7, 43, '', 'ONJOY DURANGO', '', '', 0, 0, 0, 8, 'FRAY JUAN DE ZUMARRAGA - 2', '48200', 'DURANGO', 48, 0, '', '946217377', '', '', 0, 0, 0, 'Alta'),
(2604, 1, '79990032', 13, 7, 43, '', 'YOUR PHONE AUTONOMIA', '', '', 0, 0, 0, 8, 'AUTONOMIA - 33', '48012', 'BILBAO', 48, 0, '', '944701044', '', '', 0, 0, 0, 'Alta'),
(2605, 1, '79990046', 13, 7, 43, '', 'YOUR PHONE BERMEO', '', '', 0, 0, 0, 8, 'PRANTZISKO DEUNA ATEA - 7', '48370', 'BERMEO', 48, 0, '', '946880549', '', '', 0, 0, 0, 'Alta'),
(2606, 1, '79990089', 13, 7, 43, '', 'COMUNICALIA ARTEA', '', '', 0, 0, 0, 7, 'ARTEA BARRIO PERURI - 33 LCL  B-75 I36', '48940', 'LEIOA', 48, 0, '', '', '', '', 0, 0, 0, 'Alta'),
(2607, 1, '79990091', 13, 7, 43, '', 'COMUNICALIA CRUCES', '', '', 0, 0, 0, 8, 'SAGASTI - 1', '48903', 'BARAKALDO', 48, 0, '', '944905950', '', '', 0, 0, 0, 'Alta'),
(2608, 1, '79990095', 13, 7, 43, '', 'ONJOY EIBAR', '', '', 0, 0, 0, 8, 'TORIBIO ETXEBARRIA - 15 BAJO DERECHA', '20600', 'EIBAR', 20, 0, '', '', '', '', 0, 0, 0, 'Alta'),
(2609, 1, '26000808', 13, 4, 44, '', 'GLOBAL PARTNERS SERVICES FIGUERES', '', '', 0, 0, 0, 8, 'RAMBLA - 27', '17600', 'FIGUERES', 17, 0, '', '972505972', '', '', 0, 0, 0, 'Alta'),
(2610, 1, '49440123', 13, 5, 44, '', 'ONE TELECOM', '', '', 0, 0, 0, 7, 'CC CARREFOUR EXPRESS. c/MAYOR - S/N', '03190', 'PILAR DE LA HORADADA', 3, 0, '', '', '', '', 0, 0, 0, 'Alta'),
(2611, 1, '56000008', 13, 3, 44, '', 'ESPACIO ORANGE MEDITERRANEO', '', '', 0, 0, 0, 6, 'DEL MEDITERRANEO - LCL 3 CC-MEDITER', '04009', 'ALMERIA', 4, 0, '', '950144077', '', '', 0, 0, 0, 'Alta'),
(2612, 1, '56000109', 13, 3, 44, '', 'ESPACIO ORANGE CC CARREFOUR MERIDA', '', '', 0, 0, 0, 7, 'CARREFOUR MERIDA CTRA MADRID-LISBOA - S/N', '06800', 'MERIDA', 6, 0, '', '', '', '', 0, 0, 0, 'Alta'),
(2613, 1, '59442753', 13, 3, 44, '', 'OFERTEL AVDA BARCELONA', '', '', 0, 0, 0, 6, 'DE BARCELONA - 4', '14010', 'CORDOBA', 14, 0, '', '957435330', '', '', 0, 0, 0, 'Alta'),
(2614, 1, '29990246', 15, 4, 55, '', 'STAND ORANGE ECI PLAZA CATALU', '', '', 0, 0, 0, 20, 'CATALU', '08002', 'BARCELONA', 8, 0, '', '', '', '', 0, 0, 0, 'Alta'),
(2615, 1, '16000152', 15, 1, 53, '', 'STAND ORANGE ECI GOYA-GECI', '', '', 0, 0, 0, 8, 'GOYA - 87', '28009', 'MADRID', 28, 0, '', '', '', '', 0, 0, 0, 'Alta'),
(2616, 1, '16000171', 15, 1, 54, '', 'STAND ORANGE ECI CALLAO - GGSS', '', '', 0, 0, 0, 20, 'CALLAO - 2', '28013', 'MADRID', 28, 0, '', '', '', '', 0, 0, 0, 'Alta'),
(2617, 1, '16000144', 15, 1, 50, '', 'STAND ORANGE ECI VALDERAS-GECI', '', '', 0, 0, 0, 14, 'NACIONAL V - 12500', '28925', 'ALCORCON', 28, 0, '', '', '', '', 0, 0, 0, 'Alta'),
(2618, 1, '16000146', 15, 1, 50, '', 'STAND ECI ALCALA DE HENARES-GECI', '', '', 0, 0, 0, 6, 'JUAN CARLOS I - S/N', '28806', 'ALCALA DE HENARES', 28, 0, '', '', '', '', 0, 0, 0, 'Alta'),
(2619, 1, '16000147', 15, 1, 50, '', 'STAND ORANGE ECI ARROYOMOLINOS-GECI', '', '', 0, 0, 0, 14, 'NACIONAL V KM 23,500 - 0', '28939', 'ARROYOMOLINOS', 28, 0, '', '', '', '', 0, 0, 0, 'Alta'),
(2620, 1, '16000149', 15, 1, 50, '', 'STAND ORANGE ECI POZUELO', '', '', 0, 0, 0, 14, 'NACIONAL VI - 12,5', '28008', 'POZUELO DE ALARCON', 28, 0, '', '', '', '', 0, 0, 0, 'Alta'),
(2621, 1, '16000150', 15, 1, 50, '', 'STAND ORANGE ECI SANCHINARRO - GGSS', '', '', 0, 0, 0, 8, 'MARGARITA DE PARMA - 1', '28050', 'MADRID', 28, 0, '', '', '', '', 0, 0, 0, 'Alta'),
(2622, 1, '16000151', 15, 1, 50, '', 'STAND ORANGE ECI MENDEZ ALVARO- GECI', '', '', 0, 0, 0, 8, 'RETAMA - 8', '28045', 'MADRID', 28, 0, '', '', '', '', 0, 0, 0, 'Alta'),
(2623, 1, '16000169', 15, 1, 50, '', 'STAND ORANGE ECI CAMPO DE LAS NACIONES - GGSS', '', '', 0, 0, 0, 6, 'ANDES - 50', '28042', 'MADRID', 28, 0, '', '', '', '', 0, 0, 0, 'Alta'),
(2624, 1, '16000170', 15, 1, 50, '', 'STAND ORANGE ECI LA VAGUADA - GGSS', '', '', 0, 0, 0, 8, 'GINZO DE LIMIA - S/N', '28029', 'MADRID', 28, 0, '', '', '', '', 0, 0, 0, 'Alta'),
(2625, 1, '16990000', 15, 1, 50, '', 'STAND ORANGE ECI CASTELLANA-GECI', '', '', 0, 0, 0, 8, 'RAIMUNDO FERNANDEZ VILLAVERDE - 79', '28003', 'MADRID', 28, 0, '', '', '', '', 0, 0, 0, 'Alta'),
(2626, 1, '19990307', 15, 6, 50, '', 'STAND ORANGE ECI ZORRILLA - GGSS', '', '', 0, 0, 0, 19, 'ZORRILLA - 130-132', '47006', 'VALLADOLID', 47, 0, '', '', '', '', 0, 0, 0, 'Alta'),
(2627, 1, '19990309', 15, 6, 50, '', 'STAND ORANGE ECI SALAMANCA - GGSS', '', '', 0, 0, 0, 8, 'MARIA AUXILIADORA - 71-85', '37004', 'SALAMANCA', 37, 0, '', '', '', '', 0, 0, 0, 'Alta'),
(2628, 1, '19990309', 15, 6, 50, '', 'STAND ORANGE ECI SALAMANCA - GGSS', '', '', 0, 0, 0, 8, 'FRAY LUIS DE LEON - 21', '24005', 'LEON', 24, 0, '', '', '', '', 0, 0, 0, 'Alta'),
(2629, 1, '29990239', 15, 7, 50, '', 'STAND ORANGE ECI PAMPLONA - GGSS', '', '', 0, 0, 0, 8, 'ESTELLA - 9', '31002', 'PAMPLONA', 31, 0, '', '', '', '', 0, 0, 0, 'Alta'),
(2630, 1, '29990245', 15, 4, 50, '', 'STAND ORANGE ECI DIAGONAL - GGSS', '', '', 0, 0, 0, 6, 'DIAGONAL - 617', '08028', 'BARCELONA', 8, 0, '', '', '', '', 0, 0, 0, 'Alta'),
(2631, 1, '29990248', 15, 4, 50, '', 'STAND ORANGE ECI CORNELLA - GGSS', '', '', 0, 0, 0, 6, 'SALVADOR DAL', '08940', 'CORNELLA DE LLOBREGAT', 8, 0, '', '', '', '', 0, 0, 0, 'Alta'),
(2632, 1, '29990250', 15, 4, 50, '', 'STAND ORANGE ECI TARRAGONA - GGSS', '', '', 0, 0, 0, 21, 'PRESIDENT LLU', '43005', 'TARRAGONA', 43, 0, '', '', '', '', 0, 0, 0, 'Alta'),
(2633, 1, '29990251', 15, 4, 50, '', 'STAND ORANGE ECI INDEPENDENCIA - GGSS', '', '', 0, 0, 0, 20, 'INTENDENCIA - 11', '50001', 'ZARAGOZA', 50, 0, '', '', '', '', 0, 0, 0, 'Alta'),
(2634, 1, '29990252', 15, 4, 50, '', 'STAND ORANGE ECI ZARAGOZA - GGSS', '', '', 0, 0, 0, 8, 'SAGASTA L 2 - 3', '50008', 'ZARAGOZA', 50, 0, '', '', '', '', 0, 0, 0, 'Alta'),
(2635, 1, '36000063', 15, 6, 50, '', 'STAND ORANGE ECI RAMON Y CAJAL-GECI', '', '', 0, 0, 0, 8, 'RAMON Y CAJAL  - 57 Y 59', '15006', 'LA CORU', 15, 0, '', '', '', '', 0, 0, 0, 'Alta'),
(2636, 1, '36000068', 15, 6, 50, '', 'STAND ORANGE ECI SANTIAGO', '', '', 0, 0, 0, 8, 'RUA DO RESTOLLAL  - 50', '15702', 'SANTIAGO DE COMPOSTELA', 15, 0, '', '', '', '', 0, 0, 0, 'Alta'),
(2637, 1, '39990122', 15, 6, 50, '', 'STAND ORANGE ECI SALESAS - GGSS', '', '', 0, 0, 0, 8, 'General Elorza C.Ccial Salesas  - 75', '33002', 'OVIEDO', 33, 0, '', '', '', '', 0, 0, 0, 'Alta'),
(2638, 1, '39990123', 15, 7, 50, '', 'STAND ORANGE ECI SANTANDER - GGSS', '', '', 0, 0, 0, 14, 'NACIONAL 634 P I NUEVA MONTA', '39011', 'SANTANDER', 39, 0, '', '', '', '', 0, 0, 0, 'Alta'),
(2639, 1, '46000091', 15, 5, 50, '', 'STAND ORANGE ECI PINTOR SOROLLA-GECI', '', '', 0, 0, 0, 8, 'PINTOR SOROLLA - 26', '46004', 'VALENCIA', 46, 0, '', '', '', '', 0, 0, 0, 'Alta'),
(2640, 1, '46000092', 15, 5, 50, '', 'STAND ORANGE ECI NUEVO CENTRO-GECI', '', '', 0, 0, 0, 8, 'MENEDEZ PIDAL - 15', '46009', 'VALENCIA', 46, 0, '', '', '', '', 0, 0, 0, 'Alta');
INSERT INTO `pds` (`id_pds`, `client_pds`, `reference`, `type_pds`, `territory`, `panelado_pds`, `dispo`, `commercial`, `cif`, `picture_url`, `m2_fo`, `m2_bo`, `m2_total`, `type_via`, `address`, `zip`, `city`, `province`, `county`, `schedule`, `phone`, `mobile`, `email`, `contact_contact_person`, `contact_in_charge`, `contact_supervisor`, `status`) VALUES
(2641, 1, '46000093', 15, 5, 50, '', 'STAND ORANGE ECI AVDA. DE FRANCIA-GECI', '', '', 0, 0, 0, 8, 'PINTOR MAELLA - 37', '46023', 'VALENCIA', 46, 0, '', '', '', '', 0, 0, 0, 'Alta'),
(2642, 1, '46000095', 15, 5, 50, '', 'STAND ORANGE ECI CASTELLON-GECI', '', '', 0, 0, 0, 19, 'DE MORELLA - 1', '12006', 'CASTELLON DE LA PLANA', 12, 0, '', '', '', '', 0, 0, 0, 'Alta'),
(2643, 1, '46000096', 15, 5, 50, '', 'STAND ORANGE ECI AVENIDAS-GECI', '', '', 0, 0, 0, 6, 'ALEJANDRO ROSELLO 12 Y - 16', '07002', 'PALMA DE MALLORCA', 7, 0, '', '', '', '', 0, 0, 0, 'Alta'),
(2644, 1, '46000144', 15, 5, 50, '', 'STAND ORANGE ECI SALZILLO - GGSS', '', '', 0, 0, 0, 8, 'GRAN VIA FRANCISCO SALZILLO - 42', '30005', 'MURCIA', 30, 0, '', '', '', '', 0, 0, 0, 'Alta'),
(2645, 1, '46000151', 15, 5, 50, '', 'STAND ORANGE ECI ALICANTE - GGSS', '', '', 0, 0, 0, 6, 'FEDERICO SOTO 1 Y - 3', '03003', 'ALICANTE', 3, 0, '', '', '', '', 0, 0, 0, 'Alta'),
(2646, 1, '59990183', 15, 3, 50, '', 'STAND ORANGE ECI RONDA DE CORDOBA - GGSS', '', '', 0, 0, 0, 14, 'SANTA MAR', '14011', 'CORDOBA', 14, 0, '', '', '', '', 0, 0, 0, 'Alta'),
(2647, 1, '59990185', 15, 3, 50, '', 'STAND ORANGE ECI JAEN - GGSS', '', '', 0, 0, 0, 6, 'DE MADRID  - 31', '23008', 'JAEN', 23, 0, '', '', '', '', 0, 0, 0, 'Alta'),
(2648, 1, '59990188', 15, 3, 50, '', 'STAND ORANGE ECI EL EJIDO - GGSS', '', '', 0, 0, 0, 19, 'de las Mimosas - 1', '04700', 'El Ejido', 4, 0, '', '', '', '', 0, 0, 0, 'Alta'),
(2649, 1, '59990189', 15, 3, 50, '', 'STAND ORANGE ECI GENIL - GGSS', '', '', 0, 0, 0, 14, 'Del Genial  - 20-22', '18005', 'GRANADA', 18, 0, '', '', '', '', 0, 0, 0, 'Alta'),
(2650, 1, '59990190', 15, 3, 50, '', 'STAND ORANGE ECI PLAZA DEL DUQUE - GGSS', '', '', 0, 0, 0, 20, ' Del Duque de la Victoria - 8', '41002', 'SEVILLA', 41, 0, '', '', '', '', 0, 0, 0, 'Alta'),
(2651, 1, '59990191', 15, 3, 50, '', 'STAND ORANGE ECI BAHIA DE MALAGA - GGSS', '', '', 0, 0, 0, 14, ' de C', '29570', 'MALAGA', 29, 0, '', '', '', '', 0, 0, 0, 'Alta'),
(2652, 1, '59990192', 15, 3, 50, '', 'STAND ORANGE ECI CORDOBA - GGSS', '', '', 0, 0, 0, 22, ' de los Tejares  - 30', '14008', 'CORDOBA', 14, 0, '', '', '', '', 0, 0, 0, 'Alta'),
(2653, 1, '59990194', 15, 3, 50, '', 'STAND ORANGE ECI ARABIAL - GGSS', '', '', 0, 0, 0, 8, ' Arabial  - 97', '18003', 'GRANADA', 18, 0, '', '', '', '', 0, 0, 0, 'Alta'),
(2654, 1, '59990195', 15, 3, 50, '', 'STAND ORANGE ECI HUELVA - GGSS', '', '', 0, 0, 0, 6, 'ALCALDE FEDERICO MOLINA - 1A', '21006', 'HUELVA', 21, 0, '', '', '', '', 0, 0, 0, 'Alta'),
(2655, 1, '59990196', 15, 3, 50, '', 'STAND ORANGE ECI COSTA MIJAS - GGSS', '', '', 0, 0, 0, 14, '340, km.210 Las Lagunas. - KM340', '29640', 'MIJAS', 29, 0, '', '', '', '', 0, 0, 0, 'Alta'),
(2656, 1, '59990197', 15, 3, 50, '', 'STAND ORANGE ECI MARBELLA - GGSS', '', '', 0, 0, 0, 8, 'RAMON ARECES PUERTOBANUS - S/N', '29660', 'MARBELLA', 29, 0, '', '', '', '', 0, 0, 0, 'Alta'),
(2657, 1, '59990198', 15, 3, 50, '', 'STAND ORANGE ECI SAN JUAN DE AZNALFARACHE - GGSS', '', '', 0, 0, 0, 10, 'DE LAS ERILLAS - 0', '41920', 'SAN JUAN DE AZNALFARACHE', 41, 0, '', '', '', '', 0, 0, 0, 'Alta'),
(2658, 1, '59990199', 15, 3, 50, '', 'STAND ORANGE ECI ANDALUCIA - GGSS', '', '', 0, 0, 0, 6, 'ANDALUCIA - 4', '29007', 'MALAGA', 29, 0, '', '', '', '', 0, 0, 0, 'Alta'),
(2659, 1, '59990200', 15, 3, 50, '', 'STAND ORANGE ECI NERVION - GGSS', '', '', 0, 0, 0, 8, 'LUIS MONTOTO - 122', '41005', 'SEVILLA', 41, 0, '', '', '', '', 0, 0, 0, 'Alta'),
(2660, 1, '69990047', 15, 3, 50, '', 'STAND ORANGE ECI SIETE PALMAS - GGSS', '', '', 0, 0, 0, 8, 'FELO MONZON (URB SIETE PALMAS) - S/N', '35018', 'LAS PALMAS DE GRAN CANARIA', 35, 0, '', '', '', '', 0, 0, 0, 'Alta'),
(2661, 1, '69990048', 15, 3, 50, '', 'STAND ORANGE ECI TRES DE MAYO - GGSS', '', '', 0, 0, 0, 6, 'TRES DE MAYO - 7', '38007', 'SANTA CRUZ DE TENERIFE', 38, 0, '', '', '', '', 0, 0, 0, 'Alta'),
(2662, 1, '69990049', 15, 3, 50, '', 'STAND ORANGE ECI MESA Y LOPEZ - GGSS', '', '', 0, 0, 0, 6, 'JOSE MESA Y LOPEZ - 15', '35007', 'LAS PALMAS DE GRAN CANARIA', 35, 0, '', '', '', '', 0, 0, 0, 'Alta'),
(2663, 1, '79990100', 15, 7, 50, '', 'STAND ORANGE ECI GRAN VIA - GGSS', '', '', 0, 0, 0, 8, 'GRAN VIA - 20', '48001', 'BILBAO', 48, 0, '', '', '', '', 0, 0, 0, 'Alta'),
(2664, 1, '79990101', 15, 7, 50, '', 'STAND ORANGE ECI VITORIA - GGSS', '', '', 0, 0, 0, 8, 'LA PAZ - 2', '01004', 'VITORIA', 1, 0, '', '', '', '', 0, 0, 0, 'Alta'),
(2665, 1, '16000168', 15, 1, 51, '', 'STAND ORANGE ECI PRINCESA - GGSS', '', '', 0, 0, 0, 8, 'PRINCESA - 56', '28008', 'MADRID', 28, 0, '', '', '', '', 0, 0, 0, 'Alta'),
(2666, 1, '29990247', 15, 4, 52, '', 'STAND ORANGE ECI SABADELL - GGSS', '', '', 0, 0, 0, 6, 'EIX MACI', '08206', 'SABADELL', 8, 0, '', '', '', '', 0, 0, 0, 'Alta'),
(2667, 1, '29990249', 15, 4, 52, '', 'STAND ORANGE ECI CAN DRAGO - GGSS', '', '', 0, 0, 0, 19, 'ANDREU NIN - 51', '08016', 'BARCELONA', 8, 0, '', '', '', '', 0, 0, 0, 'Alta'),
(2668, 1, '29990253', 15, 4, 52, '', 'STAND ORANGE ECI PUERTO VENECIA - GGSS', '', '', 0, 0, 0, 6, 'ISLA MURANO - 15', '50021', 'ZARAGOZA', 50, 0, '', '', '', '', 0, 0, 0, 'Alta'),
(2669, 1, '36000078', 15, 6, 52, '', 'STAND ORANGE ECI VIGO - GGSS', '', '', 0, 0, 0, 19, 'GRAN VIA - 25', '36204', 'VIGO', 36, 0, '', '', '', '', 0, 0, 0, 'Alta'),
(2670, 1, '39990124', 15, 6, 52, '', 'STAND ORANGE ECI GIJON - GGSS', '', '', 0, 0, 0, 8, 'RAMON ARECES - 2', '33211', 'GIJON', 33, 0, '', '', '', '', 0, 0, 0, 'Alta'),
(2671, 1, '59990184', 15, 3, 52, '', 'STAND ORANGE ECI CONQUISTADORES - GGSS', '', '', 0, 0, 0, 20, ' De Los Conquistadores  - S/N', '06005', 'BADAJOZ', 6, 0, '', '', '', '', 0, 0, 0, 'Alta'),
(2672, 1, '59990186', 15, 3, 52, '', 'STAND ORANGE ECI SEVILLA ESTE - GGSS', '', '', 0, 0, 0, 14, ' Sevilla-M', '41020', 'SEVILLA', 41, 0, '', '', '', '', 0, 0, 0, 'Alta'),
(2673, 1, '59990187', 15, 3, 52, '', 'STAND ORANGE ECI JEREZ - GGSS', '', '', 0, 0, 0, 6, ' Andalucia  - 34', '11407', 'JEREZ DE LA FRONTERA', 11, 0, '', '', '', '', 0, 0, 0, 'Alta'),
(2674, 1, '59990193', 15, 3, 52, '', 'STAND ORANGE ECI ALGECIRAS - GGSS', '', '', 0, 0, 0, 19, 'Juan P', '11204', 'ALGECIRAS', 11, 0, '', '', '', '', 0, 0, 0, 'Alta'),
(2675, 1, '17000000', 19, 1, 17, '', 'TIENDA ORANGE MADRID C GOYA', '', '', 0, 0, 0, 8, 'GOYA - 21', '28001', 'MADRID', 28, 0, '', '', '', '', 0, 0, 0, 'Alta'),
(2676, 1, '27000002', 19, 4, 15, '', 'TIENDA ORANGE BARCELONA PSO DE GRACIA', '', '', 0, 0, 0, 19, 'DE GRACIA - 6', '08007', 'BARCELONA', 8, 0, '', '933014787', '', '', 0, 0, 0, 'Alta'),
(2677, 1, '57000000', 19, 3, 15, '', 'TIENDA ORANGE SEVILLA C TETUAN', '', '', 0, 0, 0, 8, 'TETUAN - 19', '41001', 'SEVILLA', 41, 0, '', '', '', '', 0, 0, 0, 'Alta'),
(2678, 1, '17000006', 19, 6, 13, '', 'TIENDA ORANGE VALLADOLID C SANTIAGO', '', '', 0, 0, 0, 8, 'SANTIAGO - 15', '47001', 'VALLADOLID', 47, 0, '', '', '', '', 0, 0, 0, 'Alta'),
(2679, 1, '19990065', 22, 1, 64, '', 'TELANDCOM TORREJON', '', '', 0, 0, 0, 14, 'TORREJON A AJALVIR - S/N', '28850', 'TORREJON DE ARDOZ', 28, 0, '', '', '', '', 0, 0, 0, 'Alta'),
(2680, 1, '19990067', 22, 1, 64, '', 'TELANDCOM LA DEHESA', '', '', 0, 0, 0, 14, 'NACIONAL II  - KM 34', '28805', 'ALCALA DE HENARES', 28, 0, '', '', '', '', 0, 0, 0, 'Alta'),
(2681, 1, '19990068', 22, 1, 64, '', 'TELANDCOM ALCORCON', '', '', 0, 0, 0, 6, 'EUROPA - 6', '28922', 'ALCORCON', 28, 0, '', '', '', '', 0, 0, 0, 'Alta'),
(2682, 1, '19990084', 22, 1, 64, '', 'TELANDCOM TRES AGUAS', '', '', 0, 0, 0, 6, 'DE AMERICA (LOCAL 160) - 7', '28923', 'ALCORCON', 28, 0, '', '', '', '', 0, 0, 0, 'Alta'),
(2683, 1, '19990087', 22, 1, 64, '', 'TELANDCOM MOBILE SL', '', '', 0, 0, 0, 8, 'ARACNE - S/N', '28022', 'MADRID', 28, 0, '', '', '', '', 0, 0, 0, 'Alta'),
(2684, 1, '19990109', 22, 1, 64, '', 'TELANDCOM PARQUESUR', '', '', 0, 0, 0, 8, 'GRAN BRETA', '28916', 'LEGANES', 28, 0, '', '', '', '', 0, 0, 0, 'Alta'),
(2685, 1, '19990137', 22, 1, 64, '', 'TELANDCOM PARLA', '', '', 0, 0, 0, 8, 'PARLA - 1', '28289', 'PARLA', 28, 0, '', '', '', '', 0, 0, 0, 'Alta'),
(2686, 1, '19990141', 22, 1, 64, '', 'TELANDCOM ALUCHE', '', '', 0, 0, 0, 6, 'DE LOS POBLADOS - 58', '28044', 'MADRID', 28, 0, '', '', '', '', 0, 0, 0, 'Alta'),
(2687, 1, '19990149', 22, 1, 64, '', 'TELANDCOM ALCALA NORTE', '', '', 0, 0, 0, 8, 'ALCALA - 414 ((L 3)', '28027', 'MADRID', 28, 0, '', '', '', '', 0, 0, 0, 'Alta'),
(2688, 1, '19990160', 22, 1, 64, '', 'TELANDCOM XANAD', '', '', 0, 0, 0, 8, 'PUERTO DE NAVACERRADA - 2', '28939', 'ARROYOMOLINOS', 28, 0, '', '', '', '', 0, 0, 0, 'Alta'),
(2689, 1, '19990170', 22, 1, 64, '', 'TELANDCOM TOLEDO', '', '', 0, 0, 0, 6, 'RIO BOLADIEZ - S/N (L4)', '45007', 'TOLEDO', 45, 0, '', '', '', '', 0, 0, 0, 'Alta'),
(2690, 1, '19990182', 22, 1, 64, '', 'TELANDCOM PRINCIPE PIO', '', '', 0, 0, 0, 19, 'FLORIDA - 2 (LG30)', '28008', 'MADRID', 28, 0, '', '', '', '', 0, 0, 0, 'Alta'),
(2691, 1, '19990186', 22, 1, 64, '', 'TELANDCOM BRAVO MURILLO', '', '', 0, 0, 0, 8, 'BRAVO MURILLO - 109', '28020', 'MADRID', 28, 0, '', '', '', '', 0, 0, 0, 'Alta'),
(2692, 1, '19440326', 21, 3, 65, '', 'PROMOVIL TIENDA MOVIL', '', '', 0, 0, 0, 8, 'LABRADOR POLIGONO INDUSTRIAL LA HINIESTA OFICINA NORTE - 15B', '49024', 'ZAMORA', 49, 0, '', '', '', '', 0, 0, 0, 'Alta'),
(2693, 1, '39440208', 21, 6, 65, '', 'DUATEL TIENDA MOVIL', '', '', 0, 0, 0, 29, 'A GRANXA  - S/N C/ C PARALELA 3 PARCELA 140', '36400', 'O PORRI', 36, 0, '', '', '', '', 0, 0, 0, 'Alta'),
(2694, 1, '16000050', 14, 1, 35, '', 'TIENDA ORANGE ALCORCON CC TRES AGUAS', '', '', 0, 0, 0, 6, 'DE AMERICA - 7', '28923', 'ALCORCON', 28, 0, '', '914950290', '', '', 0, 0, 0, 'Alta'),
(2695, 1, '16000054', 14, 1, 35, '', 'TIENDA ORANGE MADRID CC PRINCIPE PIO', '', '', 0, 0, 0, 19, 'FLORIDA - 2', '28008', 'MADRID', 28, 0, '', '', '', '', 0, 0, 0, 'Alta'),
(2696, 1, '16000055', 14, 1, 35, '', 'TIENDA ORANGE MADRID C MARCELO USERA', '', '', 0, 0, 0, 8, 'MARCELO USERA - 74', '28026', 'MADRID', 28, 0, '', '', '', '', 0, 0, 0, 'Alta'),
(2697, 1, '16000079', 14, 1, 35, '', 'TIENDA ORANGE TORREJON CC PQ CORREDOR - LINCE', '', '', 0, 0, 0, 14, 'TORREJON A AJALVIR - S/N (L6)', '28850', 'TORREJON DE ARDOZ', 28, 0, '', '', '', '', 0, 0, 0, 'Alta'),
(2698, 1, '16000088', 14, 1, 35, '', 'TIENDA ORANGE MADRID CC LAS ROSAS-LINCE', '', '', 0, 0, 0, 7, 'LAS ROSAS PLANTA BAJA LOCAL 17 AVDA GUADALAJARA - S/N', '28032', 'MADRID', 28, 0, '', '', '', '', 0, 0, 0, 'Alta'),
(2699, 1, '16000108', 14, 1, 35, '', 'TIENDA ORANGE LEGANES CC PARQUESUR 2', '', '', 0, 0, 0, 8, 'GRAN BRETA', '28916', 'LEGANES', 28, 0, '', '', '', '', 0, 0, 0, 'Alta'),
(2700, 1, '16000158', 14, 1, 35, '', 'TIENDA ORANGE MADRID C CONDE PE', '', '', 0, 0, 0, 8, 'CONDE DE PE', '28006', 'MADRID', 28, 0, '', '', '', '', 0, 0, 0, 'Alta'),
(2701, 1, '16690002', 14, 1, 35, '', 'TIENDA ORANGE ALCALA DE HENARES CC ALCALA MAGNA- LINCE', '', '', 0, 0, 0, 7, 'ALCALA MAGNA PLANTA 1', '28806', 'ALCALA DE HENARES', 28, 0, '', '918784480', '', '', 0, 0, 0, 'Alta'),
(2702, 1, '16690007', 14, 1, 35, '', 'TIENDA ORANGE MADRID CC EL VENTANAL - LINCE', '', '', 0, 0, 0, 7, 'VENTANAL DE LA SIERRA LOCAL 22 AVD LIBERTAD - S/N', '28770', 'COLMENAR VIEJO', 28, 0, '', '918458012', '', '', 0, 0, 0, 'Alta'),
(2703, 1, '19440103', 14, 1, 35, '', 'TIENDA ORANGE PARLA CC EL FERIAL-LINCE', '', '', 0, 0, 0, 8, 'PARLA - 1', '28289', 'PARLA', 28, 0, '', '', '', '', 0, 0, 0, 'Alta'),
(2704, 1, '19446560', 14, 1, 35, '', 'TIENDA ORANGE SEGOVIA CC LUZ DE CASTILLA- LINCE', '', '', 0, 0, 0, 7, 'LUZ DE CASTILLA POL EL CERRO - S/N', '40006', 'SEGOVIA', 40, 0, '', '', '', '', 0, 0, 0, 'Alta'),
(2705, 1, '19993587', 14, 5, 35, '', 'TIENDA ORANGE ALBACETE CC ALBACENTER-LINCE', '', '', 0, 0, 0, 7, 'ALBACENTER C/ ALCALDE CONANGLA S/N LOCAL B28A - S/N', '02002', 'ALBACETE', 2, 0, '', '967212847', '', '', 0, 0, 0, 'Alta'),
(2706, 1, '26000089', 14, 4, 35, '', 'TIENDA ORANGE BARBERA DEL VALLES CC BARICENTRO', '', '', 0, 0, 0, 7, 'BARICENTRO CTRA NACIONAL N-II S/N KM 6,7 LOCAL - S/N', '08210', 'BARBERA DEL VALLES', 8, 0, '', '937181916', '', '', 0, 0, 0, 'Alta'),
(2707, 1, '26000797', 14, 4, 35, '', 'TIENDA ORANGE SANT BOI MARIA FORTUNY-LINCE', '', '', 0, 0, 0, 8, 'MARIA FORTUNY LC 2 - 30', '08830', 'SANT BOI DE LLOBREGAT', 8, 0, '', '', '', '', 0, 0, 0, 'Alta'),
(2708, 1, '29090000', 14, 4, 35, '', 'TIENDA ORANGE BADALONA CC MAGIC BADALONA-LINCE', '', '', 0, 0, 0, 7, 'MAGIC BADALONA C/ CONCORDIA - 1-5 (L B40', '08917', 'BADALONA', 8, 0, '', '932245695', '', '', 0, 0, 0, 'Alta'),
(2709, 1, '29993599', 14, 4, 35, '', 'TIENDA ORANGE SALT CC ESPAI GIRONES-LINCE', '', '', 0, 0, 0, 7, 'ESPAI GIRONES CAMI DELS CARLINS - 10 (L 163', '17190', 'SALT', 17, 0, '', '', '', '', 0, 0, 0, 'Alta'),
(2710, 1, '46000034', 14, 5, 35, '', 'TIENDA ORANGE VALENCIA CC BONAIRE', '', '', 0, 0, 0, 7, 'BONAIRE AUTOVIA A3 Km 345 - (L434)', '46960', 'ALDAYA', 46, 0, '', '961597459', '', '', 0, 0, 0, 'Alta'),
(2711, 1, '46000076', 14, 5, 35, '', 'TIENDA ORANGE SAN JAVIER CC DOS MARES', '', '', 0, 0, 0, 7, 'DOS MARES NACIONAL 332 CRUCE EL MIRADOR, LOCAL B15 - (L B15', '30730', 'SAN JAVIER', 30, 0, '', '', '', '', 0, 0, 0, 'Alta'),
(2712, 1, '46000077', 14, 5, 35, '', 'TIENDA ORANGE MURCIA CC THADER-LINCE', '', '', 0, 0, 0, 7, 'CC THADER AVDA JUAN DE BORBON - S/N (L 10', '30110', 'MURCIA', 30, 0, '', '', '', '', 0, 0, 0, 'Alta'),
(2713, 1, '46000078', 14, 5, 35, '', 'TIENDA ORANGE ALICANTE CC PLAZA MAR-LINCE', '', '', 0, 0, 0, 7, 'PLAZA MAR AVD DENIA S/N LOCAL B051 - S/N (LB051)', '03016', 'ALICANTE', 3, 0, '', '965220696', '', '', 0, 0, 0, 'Alta'),
(2714, 1, '46000080', 14, 5, 35, '', 'TIENDA ORANGE XATIVA CC PLAZA MAYOR', '', '', 0, 0, 0, 7, 'PZ MAYOR LOCAL 55 CTRA LLOSA DE RANES - S/N', '46800', 'XATIVA', 46, 0, '', '', '', '', 0, 0, 0, 'Alta'),
(2715, 1, '59080302', 14, 3, 35, '', 'TIENDA ORANGE ECIJA CC NACIONAL IV - LINCE', '', '', 0, 0, 0, 7, 'NACIONAL 4 CTRA ECIJA OSUNA - KM 0,1', '41400', 'ECIJA', 41, 0, '', '955876111', '', '', 0, 0, 0, 'Alta'),
(2716, 1, '59440001', 14, 3, 35, '', 'TIENDA ORANGE CORDOBA CC ARCANGEL - LINCE', '', '', 0, 0, 0, 7, 'EL ARCANGEL AVDA DEL ARCANGEL - S/N (L A 19 PL BAJA', '14010', 'CORDOBA', 14, 0, '', '957752668', '', '', 0, 0, 0, 'Alta'),
(2717, 1, '59445420', 14, 3, 35, '', 'TIENDA ORANGE MALAGA CC LARIOS - LINCE', '', '', 0, 0, 0, 7, 'LARIOS AVD DE LA AURORA - 25 (L 306B', '29002', 'MALAGA', 29, 0, '', '', '', '', 0, 0, 0, 'Alta'),
(2718, 1, '59990075', 14, 3, 35, '', 'TIENDA ORANGE VELEZ MALAGA CC INGENIO-LINCE', '', '', 0, 0, 0, 7, 'EL INGENIO AVDA JUAN CARLOS I - (L B32', '29700', 'VELEZ MALAGA', 29, 0, '', '', '', '', 0, 0, 0, 'Alta'),
(2719, 1, '59990202', 14, 3, 35, '', 'TIENDA ORANGE CASTILLEJA DE LA CUESTA CC AIRESUR - LINCE', '', '', 0, 0, 0, 7, 'AIRESUR ''CTRA DE CASTILLEJA DE LA CUESTA - S/N (L 14 A', '41950', 'CASTILLEJA DE LA CUESTA', 41, 0, '', '954162128', '', '', 0, 0, 0, 'Alta'),
(2720, 1, '66000009', 14, 3, 35, '', 'TIENDA ORANGE LAS PALMAS CC LAS ARENAS', '', '', 0, 0, 0, 7, 'LAS ARENAS CTRA DEL RINCON - KM 77 (L B 54', '35010', 'LAS PALMAS DE GRAN CANARIA', 35, 0, '', '', '', '', 0, 0, 0, 'Alta'),
(2721, 1, '79440002', 14, 7, 35, '', 'TIENDA ORANGE VITORIA CC BOULEVARD-LINCE', '', '', 0, 0, 0, 7, 'BOULEVAR LOCAL 008 C/ZARRAMAGA - 1', '01001', 'VITORIA', 1, 0, '', '', '', '', 0, 0, 0, 'Alta'),
(2722, 1, '46000075', 14, 5, 36, '', 'TIENDA ORANGE BURJASSOT CC MERCADONA-LINCE', '', '', 0, 0, 0, 7, 'MERCADONA PZA FRANCISCA NAVARRO - 8', '46100', 'BURJASSOT', 46, 0, '', '960036982', '', '', 0, 0, 0, 'Alta'),
(2723, 1, '16000028', 14, 1, 18, '', 'TIENDA ORANGE CIUDAD REAL C TOLEDO-LINCE', '', '', 0, 0, 0, 8, 'TOLEDO - 9', '13001', 'CIUDAD REAL', 13, 0, '', '926700047', '', '', 0, 0, 0, 'Alta'),
(2724, 1, '16000119', 14, 1, 18, '', 'TIENDA ORANGE GETAFE CC NASSICA', '', '', 0, 0, 0, 7, 'NASSICA - AVDA RIO GUADALQUIVIR - PLANTA BAJA - (L R38-39', '28905', 'GETAFE', 28, 0, '', '', '', '', 0, 0, 0, 'Alta'),
(2725, 1, '16000133', 14, 5, 18, '', 'TIENDA ORANGE ALBACETE C MAYOR', '', '', 0, 0, 0, 8, 'MAYOR - 24', '02001', 'ALBACETE', 2, 0, '', '967520338', '', '', 0, 0, 0, 'Alta'),
(2726, 1, '16000136', 14, 1, 18, '', 'TIENDA ORANGE  MADRID CC LA GAVIA', '', '', 0, 0, 0, 7, 'LA GAVIA LOCAL 46 AVDA DE LAS SUERTES - S/N', '28051', 'MADRID', 28, 0, '', '', '', '', 0, 0, 0, 'Alta'),
(2727, 1, '16000165', 14, 1, 18, '', 'TIENDA ORANGE CUENCA C CARRETERIA - LINCE', '', '', 0, 0, 0, 8, 'CARRETERIA - 38', '16002', 'CUENCA', 16, 0, '', '969232327', '', '', 0, 0, 0, 'Alta'),
(2728, 1, '26000097', 14, 4, 18, '', 'TIENDA ORANGE BARCELONA C DANTE', '', '', 0, 0, 0, 8, 'DANTE ALIGHIERI - 68', '08032', 'BARCELONA', 8, 0, '', '933575970', '', '', 0, 0, 0, 'Alta'),
(2729, 1, '26000108', 14, 4, 18, '', 'TIENDA ORANGE SITGES C JESUS', '', '', 0, 0, 0, 8, 'JESUS - 18', '08870', 'SITGES', 8, 0, '', '', '', '', 0, 0, 0, 'Alta'),
(2730, 1, '26000123', 14, 4, 18, '', 'TIENDA ORANGE TERRASSA C SANT PERE', '', '', 0, 0, 0, 8, 'SANT PERE - 8', '08221', 'TERRASSA', 8, 0, '', '', '', '', 0, 0, 0, 'Alta'),
(2731, 1, '26001031', 14, 4, 18, '', 'TIENDA ORANGE BARCELONA C SANTS', '', '', 0, 0, 0, 8, 'SANTS - 125', '08028', 'BARCELONA', 8, 0, '', '934119821', '', '', 0, 0, 0, 'Alta'),
(2732, 1, '36000041', 14, 6, 18, '', 'TIENDA ORANGE VIGO C GRAN VIA', '', '', 0, 0, 0, 8, 'GRAN VIA - 11', '36204', 'VIGO', 36, 0, '', '', '', '', 0, 0, 0, 'Alta'),
(2733, 1, '36000062', 14, 6, 18, '', 'TIENDA ORANGE CC PARQUE PRINCIPADO', '', '', 0, 0, 0, 7, 'PARQUE PRINCIPADO AUTOVIA A-66 PAREDES - KM 4,5 LCL 10', '33429', 'SIERO', 33, 0, '', '', '', '', 0, 0, 0, 'Alta'),
(2734, 1, '36001010', 14, 6, 18, '', 'TIENDA ORANGE AVILES C LA CAMARA', '', '', 0, 0, 0, 8, 'LA CAMARA - 19-21', '33401', 'AVILES', 33, 0, '', '985569670', '', '', 0, 0, 0, 'Alta'),
(2735, 1, '46000065', 14, 5, 18, '', 'TIENDA ORANGE TORREVIEJA CC HABANERAS', '', '', 0, 0, 0, 7, 'AVENIDA ROSA MAZON VALERO - S/N', '03184', 'TORREVIEJA', 3, 0, '', '', '', '', 0, 0, 0, 'Alta'),
(2736, 1, '49446585', 14, 5, 18, '', 'TIENDA ORANGE VALENCIA AVD GASPAR AGUILAR-LINCE', '', '', 0, 0, 0, 6, 'GASPAR AGUILAR - 80', '46017', 'VALENCIA', 46, 0, '', '', '', '', 0, 0, 0, 'Alta'),
(2737, 1, '56000017', 14, 3, 18, '', 'TIENDA ORANGE CADIZ AVDA CAYETANO', '', '', 0, 0, 0, 6, 'CAYETANO DEL TORO - (L 2', '11010', 'CADIZ', 11, 0, '', '956261124', '', '', 0, 0, 0, 'Alta'),
(2738, 1, '56000026', 14, 3, 18, '', 'TIENDA ORANGE SEVILLA C ASUNCION', '', '', 0, 0, 0, 8, 'ASUNCION - 37', '41011', 'SEVILLA', 41, 0, '', '', '', '', 0, 0, 0, 'Alta'),
(2739, 1, '66000017', 14, 3, 18, '', 'TIENDA ORANGE LA LAGUNA C HERRADORES', '', '', 0, 0, 0, 8, 'HERRADORES - 38', '38204', 'SAN CRISTOBAL DE LA LAGUNA', 38, 0, '', '', '', '', 0, 0, 0, 'Alta'),
(2740, 1, '66000018', 14, 3, 18, '', 'TIENDA ORANGE STA CRUZ DE TENERIFE RAMBLA PULIDO', '', '', 0, 0, 0, 21, 'PULIDO - 55', '38004', 'SANTA CRUZ DE TENERIFE', 38, 0, '', '', '', '', 0, 0, 0, 'Alta'),
(2741, 1, '16000082', 14, 1, 19, '', 'TIENDA ORANGE MADRID CC ISLAZUL', '', '', 0, 0, 0, 7, 'CC ISLAZUL, LOCAL 8A C/ CALDERILLA - 1', '28054', 'MADRID', 28, 0, '', '', '', '', 0, 0, 0, 'Alta'),
(2742, 1, '16000167', 14, 1, 19, '', 'TIENDA ORANGE GETAFE C MADRID', '', '', 0, 0, 0, 8, 'MADRID - 67', '28901', 'GETAFE', 28, 0, '', '', '', '', 0, 0, 0, 'Alta'),
(2743, 1, '26000033', 14, 7, 19, '', 'TIENDA ORANGE LOGRO', '', '', 0, 0, 0, 6, 'GRAN VIA DEL REY JUAN CARLOS I - 41', '26002', 'LOGRO', 26, 0, '', '', '', '', 0, 0, 0, 'Alta'),
(2744, 1, '26000096', 14, 4, 19, '', 'TIENDA ORANGE L''HOSPITALET C COLLBLANC', '', '', 0, 0, 0, 14, 'COLLBLANC - 31', '08903', 'HOSPITALET DEL LLOBREGAT', 8, 0, '', '', '', '', 0, 0, 0, 'Alta'),
(2745, 1, '26000137', 14, 4, 19, '', 'TIENDA ORANGE BARCELONA CC DIAGONAL MAR-LINCE', '', '', 0, 0, 0, 7, 'DIAGONAL MAR AVDA DIAGONAL - 3-25  PLT3  LCL 3525 ', '08019', 'BARCELONA', 8, 0, '', '933560570', '', '', 0, 0, 0, 'Alta'),
(2746, 1, '36000932', 14, 6, 19, '', 'TIENDA ORANGE AVILES CC EL ATRIO-LINCE', '', '', 0, 0, 0, 7, 'EL ATRIO LOCAL 27 - C/ LA CAMARA - 37', '33400', 'AVILES', 33, 0, '', '985565819', '', '', 0, 0, 0, 'Alta'),
(2747, 1, '36000976', 14, 6, 19, '', 'TIENDA ORANGE LEON CC ESPACIO LEON - LINCE', '', '', 0, 0, 0, 7, 'ESPACIO LEON , LOCAL ORANGE - AVDA PAIS LEONES - 12', '24010', 'LEON', 24, 0, '', '', '', '', 0, 0, 0, 'Alta'),
(2748, 1, '46000079', 14, 5, 19, '', 'TIENDA ORANGE ORIHUELA CC LA ZENIA', '', '', 0, 0, 0, 7, 'LA ZENIA BOULEVARD URB LA ZENIA LOCAL R91 - S/N', '03189', 'ORIHUELA', 3, 0, '', '', '', '', 0, 0, 0, 'Alta'),
(2749, 1, '46000107', 14, 5, 19, '', 'TIENDA ORANGE VALENCIA CC AQUA', '', '', 0, 0, 0, 8, 'MENORCA  - 19 LOCAL S-19', '46023', 'VALENCIA', 46, 0, '', '', '', '', 0, 0, 0, 'Alta'),
(2750, 1, '46000158', 14, 5, 19, '', 'TIENDA ORANGE VALENCIA CC NUEVO CENTRO', '', '', 0, 0, 0, 7, 'NUEVO CENTRO PIO XII - 4', '46009', 'VALENCIA', 46, 0, '', '', '', '', 0, 0, 0, 'Alta'),
(2751, 1, '47000010', 14, 5, 19, '', 'TIENDA ORANGE MURCIA C GRAN VIA DEL ESCULTOR FRANCISCO SALZILLO', '', '', 0, 0, 0, 8, 'GRAN VIA DEL ESCULTOR FRANCISCO SALZILLO - 19', '30004', 'MURCIA', 30, 0, '', '', '', '', 0, 0, 0, 'Alta'),
(2752, 1, '66000025', 14, 3, 19, '', 'TIENDA ORANGE LAS PALMAS CC ATLANTICO VECINDARIO', '', '', 0, 0, 0, 7, 'ATLANTICO C ADARGOMA - S/N LOCAL 8', '35280', 'SANTA LUCIA DE TIRAJANA', 35, 0, '', '', '', '', 0, 0, 0, 'Alta'),
(2753, 1, '67000001', 14, 3, 19, '', 'TIENDA ORANGE TENERIFE C CASTILLO', '', '', 0, 0, 0, 8, 'CASTILLO - 68', '38003', 'SANTA CRUZ DE TENERIFE', 38, 0, '', '', '', '', 0, 0, 0, 'Alta'),
(2754, 1, '17000021', 14, 1, 20, '', 'TIENDA ORANGE MADRID C GRAN VIA', '', '', 0, 0, 0, 8, 'GRAN VIA - 44', '28013', 'MADRID', 28, 0, '', '', '', '', 0, 0, 0, 'Alta'),
(2755, 1, '27000000', 14, 4, 20, '', 'TIENDA ORANGE ZARAGOZA C ALFONSO I', '', '', 0, 0, 0, 8, 'ALFONSO I - 3 Y 5', '50003', 'ZARAGOZA', 50, 0, '', '', '', '', 0, 0, 0, 'Alta'),
(2756, 1, '27000001', 14, 4, 20, '', 'TIENDA ORANGE BARCELONA C DE LA PORTAFERRISA', '', '', 0, 0, 0, 8, 'DE LA PORTAFERRISSA - 18', '08002', 'BARCELONA', 8, 0, '', '933016843', '', '', 0, 0, 0, 'Alta'),
(2757, 1, '27000024', 14, 4, 20, '', 'TIENDA ORANGE BARCELONA RAMBLA DE CATALUNYA', '', '', 0, 0, 0, 21, 'DE CATALUNYA - 72', '08007', 'BARCELONA', 8, 0, '', '932159647', '', '', 0, 0, 0, 'Alta'),
(2758, 1, '27000025', 14, 7, 20, '', 'TIENDA ORANGE PAMPLONA AVDA CARLOS III EL NOBLE', '', '', 0, 0, 0, 6, 'CARLOS III EL NOBLE - 9', '31002', 'PAMPLONA', 31, 0, '', '', '', '', 0, 0, 0, 'Alta'),
(2759, 1, '27000026', 14, 4, 20, '', 'TIENDA ORANGE BARCELONA C PELAYO', '', '', 0, 0, 0, 8, 'PELAI - 50  (L', '08001', 'BARCELONA', 8, 0, '', '934124240', '', '', 0, 0, 0, 'Alta'),
(2760, 1, '27000027', 14, 4, 20, '', 'TIENDA ORANGE BARCELONA AVDA DIAGONAL', '', '', 0, 0, 0, 6, 'DIAGONAL - 598', '08021', 'BARCELONA', 8, 0, '', '932008778', '', '', 0, 0, 0, 'Alta'),
(2761, 1, '37000000', 14, 6, 20, '', 'TIENDA ORANGE LA CORU', '', '', 0, 0, 0, 6, 'DE LA MARINA - 28 (CALLE REAL 63)', '15003', 'LA CORU', 15, 0, '', '', '', '', 0, 0, 0, 'Alta'),
(2762, 1, '47000000', 14, 5, 20, '', 'TIENDA ORANGE VALENCIA C COLON', '', '', 0, 0, 0, 8, 'COLON - 19', '46004', 'VALENCIA', 46, 0, '', '', '', '', 0, 0, 0, 'Alta'),
(2763, 1, '47000008', 14, 5, 20, '', 'TIENDA ORANGE VALENCIA PSO DE RUZAFA', '', '', 0, 0, 0, 19, 'DE RUZAFA - 14', '46004', 'VALENCIA', 46, 0, '', '', '', '', 0, 0, 0, 'Alta'),
(2764, 1, '47000011', 14, 5, 20, '', 'TIENDA ORANGE ALICANTE AVDA DE MAISONNAVE', '', '', 0, 0, 0, 6, 'DE MAISONNAVE - 38', '03003', 'ALICANTE', 3, 0, '', '965926845', '', '', 0, 0, 0, 'Alta'),
(2765, 1, '47000012', 14, 5, 20, '', 'TIENDA ORANGE PALMA DE MALLORCA C SAN MIGUEL', '', '', 0, 0, 0, 8, 'SANT MIQUEL - 15', '07002', 'PALMA DE MALLORCA', 7, 0, '', '', '', '', 0, 0, 0, 'Alta'),
(2766, 1, '77000000', 14, 7, 20, '', 'TIENDA ORANGE BILBAO C IPARRAGUIRRE', '', '', 0, 0, 0, 8, 'IPARRAGUIRRE - 37', '48011', 'BILBAO', 48, 0, '', '944439240', '', '', 0, 0, 0, 'Alta'),
(2767, 1, '16000033', 14, 1, 21, '', 'TIENDA ORANGE ALCORCON C MAYOR', '', '', 0, 0, 0, 8, 'MAYOR - 58', '28921', 'ALCORCON', 28, 0, '', '910186677', '', '', 0, 0, 0, 'Alta'),
(2768, 1, '16000041', 14, 1, 21, '', 'TIENDA ORANGE RIVAS CC H2OCIO', '', '', 0, 0, 0, 8, 'MARIE CURIE - 4 (L B 18', '28521', 'RIVAS-VACIAMADRID', 28, 0, '', '', '', '', 0, 0, 0, 'Alta'),
(2769, 1, '16000045', 14, 1, 21, '', 'TIENDA ORANGE MADRID AVDA ALBUFERA', '', '', 0, 0, 0, 6, 'ALBUFERA - 16', '28038', 'MADRID', 28, 0, '', '', '', '', 0, 0, 0, 'Alta'),
(2770, 1, '16000047', 14, 1, 21, '', 'TIENDA ORANGE MOSTOLES C TENIENTE RUIZ', '', '', 0, 0, 0, 8, 'TENIENTE RUIZ - 2', '28934', 'MOSTOLES', 28, 0, '', '', '', '', 0, 0, 0, 'Alta'),
(2771, 1, '16000049', 14, 1, 21, '', 'TIENDA ORANGE MADRID C LAGUNA', '', '', 0, 0, 0, 8, 'LAGUNA - 95', '28025', 'MADRID', 28, 0, '', '', '', '', 0, 0, 0, 'Alta'),
(2772, 1, '16000089', 14, 1, 21, '', 'TIENDA ORANGE MADRID PSO DE EXTREMADURA', '', '', 0, 0, 0, 19, 'EXTREMADURA - 31', '28011', 'MADRID', 28, 0, '', '', '', '', 0, 0, 0, 'Alta'),
(2773, 1, '16000098', 14, 1, 21, '', 'TIENDA ORANGE ALCALA DE HENARES C MAYOR', '', '', 0, 0, 0, 8, 'MAYOR - 7', '28801', 'ALCALA DE HENARES', 28, 0, '', '918775376', '', '', 0, 0, 0, 'Alta'),
(2774, 1, '16000099', 14, 1, 21, '', 'TIENDA ORANGE MADRID C TOLEDO - 47', '', '', 0, 0, 0, 8, 'TOLEDO - 47', '28005', 'MADRID', 28, 0, '', '', '', '', 0, 0, 0, 'Alta'),
(2775, 1, '16000112', 14, 1, 21, '', 'TIENDA ORANGE TALAVERA DE LA REINA C TRINIDAD - LINCE', '', '', 0, 0, 0, 8, 'TRINIDAD - 18', '45600', 'TALAVERA DE LA REINA', 45, 0, '', '', '', '', 0, 0, 0, 'Alta'),
(2776, 1, '16000160', 14, 1, 21, '', 'TIENDA ORANGE ALCALA DE HENARES CC LA DEHESA', '', '', 0, 0, 0, 14, 'NACIONAL II , km 34 - 57', '28805', 'ALCALA DE HENARES', 28, 0, '', '918798407', '', '', 0, 0, 0, 'Alta'),
(2777, 1, '16000172', 14, 6, 21, '', 'TIENDA ORANGE VALLADOLID C MANTERIA', '', '', 0, 0, 0, 8, 'MANTERIA - 1', '47004', 'VALLADOLID', 47, 0, '', '', '', '', 0, 0, 0, 'Alta'),
(2778, 1, '19448871', 14, 1, 21, '', 'TIENDA ORANGE FUENLABRADA C LEGANES - LINCE', '', '', 0, 0, 0, 8, 'LEGANES - 31', '28945', 'FUENLABRADA', 28, 0, '', '914922799', '', '', 0, 0, 0, 'Alta'),
(2779, 1, '26000023', 14, 4, 21, '', 'TIENDA ORANGE BARCELONA R SANT ANTONI', '', '', 0, 0, 0, 22, 'SANT ANTONI - 55', '08011', 'BARCELONA', 8, 0, '', '934512013', '', '', 0, 0, 0, 'Alta'),
(2780, 1, '26000034', 14, 4, 21, '', 'TIENDA ORANGE BADALONA C MAR', '', '', 0, 0, 0, 8, 'DEL MAR - 29', '08911', 'BADALONA', 8, 0, '', '934646240', '', '', 0, 0, 0, 'Alta'),
(2781, 1, '26000036', 14, 7, 21, '', 'TIENDA ORANGE PAMPLONA AVDA SAN IGNACIO', '', '', 0, 0, 0, 6, 'SAN IGNACIO - 14', '31002', 'PAMPLONA', 31, 0, '', '', '', '', 0, 0, 0, 'Alta'),
(2782, 1, '26000051', 14, 4, 21, '', 'TIENDA ORANGE GIRONA C JOAN MARAGALL', '', '', 0, 0, 0, 8, 'JOAN MARAGALL - 14', '17002', 'GERONA', 17, 0, '', '', '', '', 0, 0, 0, 'Alta'),
(2783, 1, '26000071', 14, 4, 21, '', 'TIENDA ORANGE MATARO C LA RIERA', '', '', 0, 0, 0, 8, 'LA RIERA - 18', '08302', 'MATARO', 8, 0, '', '', '', '', 0, 0, 0, 'Alta'),
(2784, 1, '26000092', 14, 4, 21, '', 'TIENDA ORANGE SANT CUGAT DEL VALLES C SANTIAGO RUSI', '', '', 0, 0, 0, 8, 'SANTIAGO RUSI', '08172', 'SANT CUGAT DEL VALLES', 8, 0, '', '', '', '', 0, 0, 0, 'Alta'),
(2785, 1, '26000105', 14, 4, 21, '', 'TIENDA ORANGE TERRASSA ANSELM CLAVE', '', '', 0, 0, 0, 20, 'ANSELM CLAVE - 8', '08221', 'TERRASSA', 8, 0, '', '', '', '', 0, 0, 0, 'Alta'),
(2786, 1, '26000107', 14, 4, 21, '', 'TIENDA ORANGE SABADELL C FILADORS', '', '', 0, 0, 0, 8, 'FILADORS - 26', '08208', 'SABADELL', 8, 0, '', '', '', '', 0, 0, 0, 'Alta'),
(2787, 1, '26000112', 14, 4, 21, '', 'TIENDA ORANGE TARRAGONA C AUGUST', '', '', 0, 0, 0, 8, 'AUGUST - 1', '43003', 'TARRAGONA', 43, 0, '', '', '', '', 0, 0, 0, 'Alta'),
(2788, 1, '26000124', 14, 4, 21, '', 'TIENDA ORANGE BARCELONA C CREU COBERTA - LINCE', '', '', 0, 0, 0, 8, 'CREU COBERTA - 75', '08014', 'BARCELONA', 8, 0, '', '691368682', '', '', 0, 0, 0, 'Alta'),
(2789, 1, '29044749', 14, 4, 21, '', 'TIENDA ORANGE LLEIDA C LLUIS COMPANYS-LINCE', '', '', 0, 0, 0, 8, 'LLUIS COMPANYS - 2', '25003', 'LERIDA', 25, 0, '', '', '', '', 0, 0, 0, 'Alta'),
(2790, 1, '29440074', 14, 4, 21, '', 'TIENDA ORANGE BARCELONA TRAVESSERA DE LES CORTS-LINCE', '', '', 0, 0, 0, 8, 'TRAVESSERA DE LES CORTS LOCAL 2 - 261', '08014', 'BARCELONA', 8, 0, '', '675851280', '', '', 0, 0, 0, 'Alta'),
(2791, 1, '29990072', 14, 4, 21, '', 'TIENDA ORANGE SAN ADRIA DEL BESOS AVDA CATALUNYA-LINCE', '', '', 0, 0, 0, 6, 'CATALUNYA - 1', '08930', 'SANT ADRIA DEL BESOS', 8, 0, '', '', '', '', 0, 0, 0, 'Alta'),
(2792, 1, '29991966', 14, 4, 21, '', 'TIENDA ORANGE BARBERA PSO DOCTOR MORAGAS-LINCE', '', '', 0, 0, 0, 19, 'DOCTOR MORAGAS - 204 2B', '08210', 'BARBERA DEL VALLES', 8, 0, '', '937182898', '', '', 0, 0, 0, 'Alta'),
(2793, 1, '29992488', 14, 4, 21, '', 'TIENDA ORANGE SAN CUGAT DEL VALLES CC EROSKI-LINCE', '', '', 0, 0, 0, 7, 'EROSKI SANT CUGAT CTRA DE SANT CUGAT A RUBI KM 4 LOCAL 58 - S/N', '08190', 'SANT CUGAT DEL VALLES', 8, 0, '', '', '', '', 0, 0, 0, 'Alta'),
(2794, 1, '36000019', 14, 6, 21, '', 'TIENDA ORANGE LA CORU', '', '', 0, 0, 0, 8, 'BETANZOS - 5', '15004', 'LA CORU', 15, 0, '', '', '', '', 0, 0, 0, 'Alta'),
(2795, 1, '36000047', 14, 6, 21, '', 'TIENDA ORANGE GIJON C URIA', '', '', 0, 0, 0, 8, 'URIA - 24', '33202', 'GIJON', 33, 0, '', '', '', '', 0, 0, 0, 'Alta'),
(2796, 1, '36000053', 14, 7, 21, '', 'TIENDA ORANGE TORRELAVEGA C JOSE MARIA PEREDA - LINCE', '', '', 0, 0, 0, 8, 'JOSE MARIA PEREDA - 10', '39300', 'TORRELAVEGA', 39, 0, '', '', '', '', 0, 0, 0, 'Alta'),
(2797, 1, '36000080', 14, 6, 21, '', 'TIENDA ORANGE LUGO AVDA CORU', '', '', 0, 0, 0, 6, 'CORU', '27003', 'LUGO', 27, 0, '', '', '', '', 0, 0, 0, 'Alta'),
(2798, 1, '46000010', 14, 5, 21, '', 'TIENDA ORANGE ELCHE C CORREDORA', '', '', 0, 0, 0, 8, 'CORREDORA - 20', '03203', 'ELCHE', 3, 0, '', '964049557', '', '', 0, 0, 0, 'Alta'),
(2799, 1, '46000014', 14, 5, 21, '', 'TIENDA ORANGE PALMA DE MALLORCA CC PORTO PI', '', '', 0, 0, 0, 7, 'PORTO PI AV GABRIEL ROCA 54 LOCAL 1407 - 54', '07015', 'PALMA DE MALLORCA', 7, 0, '', '', '', '', 0, 0, 0, 'Alta'),
(2800, 1, '46000035', 14, 5, 21, '', 'TIENDA ORANGE CASTELLON C EN MEDIO', '', '', 0, 0, 0, 8, 'EN MEDIO - 33', '12001', 'CASTELLON DE LA PLANA', 12, 0, '', '675571652', '', '', 0, 0, 0, 'Alta'),
(2801, 1, '46000048', 14, 5, 21, '', 'TIENDA ORANGE CARTAGENA C PUERTA DE MURCIA', '', '', 0, 0, 0, 8, 'PUERTAS DE MURCIA - 20', '30201', 'CARTAGENA', 30, 0, '', '968123838', '', '', 0, 0, 0, 'Alta'),
(2802, 1, '46000049', 14, 5, 21, '', 'TIENDA ORANGE VALENCIA CC ARENA', '', '', 0, 0, 0, 7, 'ARENA C/ SANTA GENOVEVA TORRES 21 LOCAL S03 - 21', '46019', 'VALENCIA', 46, 0, '', '', '', '', 0, 0, 0, 'Alta'),
(2803, 1, '46000061', 14, 5, 21, '', 'TIENDA ORANGE ONDARA CC PORTAL DE LA MARINA', '', '', 0, 0, 0, 7, 'PORTAL DE LA MARINA 1 COSTA BLANCA - S/N (L B38/B37', '03760', 'ONDARA', 3, 0, '', '', '', '', 0, 0, 0, 'Alta'),
(2804, 1, '46000101', 14, 5, 21, '', 'TIENDA ORANGE VALENCIA AVD DEL PUERTO - LINCE', '', '', 0, 0, 0, 6, 'DEL PUERTO - 204', '46023', 'VALENCIA', 46, 0, '', '', '', '', 0, 0, 0, 'Alta'),
(2805, 1, '49052842', 14, 5, 21, '', 'TIENDA ORANGE JAVEA AVD LEPANTO-LINCE', '', '', 0, 0, 0, 6, 'LEPANTO - 17', '03730', 'JAVEA', 3, 0, '', '', '', '', 0, 0, 0, 'Alta'),
(2806, 1, '49440082', 14, 5, 21, '', 'TIENDA ORANGE ALCANTARILLA C MAYOR - LINCE', '', '', 0, 0, 0, 8, 'MAYOR - 128', '30820', 'ALCANTARILLA', 30, 0, '', '968941399', '', '', 0, 0, 0, 'Alta'),
(2807, 1, '49440084', 14, 5, 21, '', 'TIENDA ORANGE SEGORBE AVD ESPA', '', '', 0, 0, 0, 6, 'ESPA', '12400', 'SEGORBE', 12, 0, '', '', '', '', 0, 0, 0, 'Alta'),
(2808, 1, '49440090', 14, 5, 21, '', 'TIENDA ORANGE TORRE PACHECO AVD DE LA ESTACION-LINCE', '', '', 0, 0, 0, 6, 'DE LA ESTACION - 16 (L A', '30700', 'TORRE PACHECO', 30, 0, '', '', '', '', 0, 0, 0, 'Alta'),
(2809, 1, '49440162', 14, 5, 21, '', 'TIENDA ORANGE PUZOL AVDA VALENCIA-LINCE', '', '', 0, 0, 0, 6, 'VALENCIA - 48', '46530', 'PUZOL', 46, 0, '', '', '', '', 0, 0, 0, 'Alta'),
(2810, 1, '49446007', 14, 5, 21, '', 'TIENDA ORANGE CATARROJA C FILIBERTO RODRIGO-LINCE', '', '', 0, 0, 0, 8, 'FILIBERTO RODRIGO - 12 BAJO', '46470', 'CATARROJA', 46, 0, '', '960031032', '', '', 0, 0, 0, 'Alta'),
(2811, 1, '49992646', 14, 5, 21, '', 'TIENDA ORANGE CASTELLON AVDA REY DON JAIME-LINCE', '', '', 0, 0, 0, 6, 'REY DON JAIME - 84', '12001', 'CASTELLON DE LA PLANA', 12, 0, '', '964253709', '', '', 0, 0, 0, 'Alta'),
(2812, 1, '56000027', 14, 3, 21, '', 'TIENDA ORANGE ALMENDRALEJO AVDA DE LA PAZ-LINCE', '', '', 0, 0, 0, 6, 'DE LA PAZ - 13', '06200', 'ALMENDRALEJO', 6, 0, '', '924045221', '', '', 0, 0, 0, 'Alta'),
(2813, 1, '56000053', 14, 3, 21, '', 'TIENDA ORANGE SEVILLA C LUIS MONTOTO', '', '', 0, 0, 0, 8, 'LUIS MONTOTO - 105 BAJO', '41007', 'SEVILLA', 41, 0, '', '', '', '', 0, 0, 0, 'Alta'),
(2814, 1, '56000062', 14, 3, 21, '', 'TIENDA ORANGE JAEN AVDA DE ANDALUCIA', '', '', 0, 0, 0, 6, 'ANDALUCIA - 23', '23005', 'JAEN', 23, 0, '', '', '', '', 0, 0, 0, 'Alta'),
(2815, 1, '56000066', 14, 3, 21, '', 'TIENDA ORANGE MERIDA C SANTA EULALIA', '', '', 0, 0, 0, 8, 'SANTA EULALIA - 32', '06800', 'MERIDA', 6, 0, '', '', '', '', 0, 0, 0, 'Alta'),
(2816, 1, '56000145', 14, 3, 21, '', 'TIENDA ORANGE GRANADA C PEDRO DE ALARCON-LINCE', '', '', 0, 0, 0, 8, 'PEDRO ANTONIO DE ALARCON - 37', '18004', 'GRANADA', 18, 0, '', '', '', '', 0, 0, 0, 'Alta'),
(2817, 1, '59044964', 14, 3, 21, '', 'TIENDA ORANGE HUETOR TAJAR C ANCHA-LINCE', '', '', 0, 0, 0, 8, 'ANCHA - 60', '18360', 'HUETOR TAJAR', 18, 0, '', '', '', '', 0, 0, 0, 'Alta'),
(2818, 1, '59080257', 14, 3, 21, '', 'TIENDA ORANGE ZAFRA PZA ESPA', '', '', 0, 0, 0, 20, 'DE ESPA', '06300', 'ZAFRA', 6, 0, '', '', '', '', 0, 0, 0, 'Alta'),
(2819, 1, '59440186', 14, 3, 21, '', 'TIENDA ORANGE JEREZ DE LA FRONTERA CC ALCAMPO-LINCE', '', '', 0, 0, 0, 7, 'ALCAMPO CARRETERA NACIONAL IV - KM 639 (L 7', '11408', 'JEREZ DE LA FRONTERA', 11, 0, '', '', '', '', 0, 0, 0, 'Alta'),
(2820, 1, '59448686', 14, 3, 21, '', 'TIENDA ORANGE SANLUCAR DE BARRAMEDA C ANCHA-LINCE', '', '', 0, 0, 0, 8, 'ANCHA - 58', '11540', 'SANLUCAR DE BARRAMEDA', 11, 0, '', '', '', '', 0, 0, 0, 'Alta'),
(2821, 1, '59990206', 14, 3, 21, '', 'TIENDA ORANGE SEVILLA C ENRAMADILLA', '', '', 0, 0, 0, 8, 'ENRAMADILLA - S/N ED VIAPOL', '41018', 'SEVILLA', 41, 0, '', '', '', '', 0, 0, 0, 'Alta'),
(2822, 1, '66000016', 14, 3, 21, '', 'TIENDA ORANGE PUERTO DEL ROSARIO CC LAS ROTONDAS', '', '', 0, 0, 0, 7, 'LAS ROTONDAS C/ PI ARZUAGA - PLTA 1 (L 11', '35600', 'PUERTO DEL ROSARIO', 35, 0, '', '', '', '', 0, 0, 0, 'Alta'),
(2823, 1, '76000042', 14, 7, 21, '', 'TIENDA ORANGE BILBAO ALM DOCTOR AREILZA', '', '', 0, 0, 0, 3, 'DOCTOR AREILZA - 27', '48010', 'BILBAO', 48, 0, '', '944703167', '', '', 0, 0, 0, 'Alta'),
(2824, 1, '17000020', 14, 1, 37, '', 'TIENDA ORANGE MADRID PZA PUERTA DEL SOL', '', '', 0, 0, 0, 20, 'DE LA PUERTA DEL SOL - 12', '28013', 'MADRID', 28, 0, '', '', '', '', 0, 0, 0, 'Alta'),
(2825, 1, '17010000', 14, 1, 38, '', 'TIENDA ORANGE MADRID C BRAVO MURILLO', '', '', 0, 0, 0, 8, 'BRAVO MURILLO - 103', '28020', 'MADRID', 28, 0, '', '', '', '', 0, 0, 0, 'Alta'),
(2826, 1, '16000037', 14, 1, 22, '', 'TIENDA ORANGE MADRID C ALCALA - 409', '', '', 0, 0, 0, 8, 'ALCALA - 409', '28027', 'MADRID', 28, 0, '', '', '', '', 0, 0, 0, 'Alta'),
(2827, 1, '16000053', 14, 6, 22, '', 'TIENDA ORANGE ZAMORA C SANTA CLARA', '', '', 0, 0, 0, 8, 'SANTA CLARA - 16', '49014', 'ZAMORA', 49, 0, '', '', '', '', 0, 0, 0, 'Alta'),
(2828, 1, '16000117', 14, 1, 22, '', 'TIENDA ORANGE MAJADAHONDA CENTRO COMERCIAL GRAN PLAZA 2', '', '', 0, 0, 0, 7, 'CTRA DE LOS BIOLOGOS - S/N', '28221', 'MAJADAHONDA', 28, 0, '', '', '', '', 0, 0, 0, 'Alta'),
(2829, 1, '16000134', 14, 1, 22, '', 'TIENDA ORANGE ARROYOMOLINOS CC XANADU', '', '', 0, 0, 0, 8, 'PUERTO DE NAVACERRADA - 2-LOC A', '28939', 'ARROYOMOLINOS', 28, 0, '', '916482758', '', '', 0, 0, 0, 'Alta'),
(2830, 1, '16000157', 14, 1, 22, '', 'TIENDA ORANGE CUENCA AVD MEDITERRANEO -LINCE', '', '', 0, 0, 0, 6, 'MEDITERRANEO - S/N (L-B55)', '16004', 'CUENCA', 16, 0, '', '969239606', '', '', 0, 0, 0, 'Alta'),
(2831, 1, '16000166', 14, 6, 22, '', 'TIENDA ORANGE ARROYO CC RIO SHOPPING', '', '', 0, 0, 0, 7, 'RIO SHOPPING C/ ME FALTA UN TORNILLO - 3 LOCAL B66', '47195', 'ARROYO DE LA ENCOMIENDA', 47, 0, '', '983049156', '', '', 0, 0, 0, 'Alta'),
(2832, 1, '19448193', 14, 6, 22, '', 'TIENDA ORANGE VALLADOLID CC VALLSUR-LINCE', '', '', 0, 0, 0, 7, 'VALL SUR LOCAL B18 - PASEO DE ZORRILLA - S/N', '47008', 'VALLADOLID', 47, 0, '', '', '', '', 0, 0, 0, 'Alta'),
(2833, 1, '19990072', 14, 1, 22, '', 'TIENDA ORANGE VALDEMORO CC EL RESTON-LINCE', '', '', 0, 0, 0, 7, 'EL RESTON AVDA MAR MEDITERRANEO - 3', '28340', 'VALDEMORO', 28, 0, '', '', '', '', 0, 0, 0, 'Alta'),
(2834, 1, '19990157', 14, 1, 22, '', 'TIENDA ORANGE SAN SEBASTIAN DE LOS REYES CC PLAZA NORTE', '', '', 0, 0, 0, 7, 'PLAZA NORTE II LOCAL A54A-B PZA COMERCIO (MOSCATELARES) - 11', '28703', 'SAN SEBASTIAN DE LOS REYES', 28, 0, '', '', '', '', 0, 0, 0, 'Alta'),
(2835, 1, '19992621', 14, 1, 22, '', 'TIENDA ORANGE FUENLABRADA CC PLAZA ESTACION - LINCE', '', '', 0, 0, 0, 7, 'PLAZA DE LA ESTACION C/HUNGR', '28941', 'FUENLABRADA', 28, 0, '', '916083856', '', '', 0, 0, 0, 'Alta'),
(2836, 1, '26000003', 14, 4, 22, '', 'TIENDA ORANGE VILANOVA I LA GELTRU RAMBLA PRINCIPAL-LINCE', '', '', 0, 0, 0, 21, 'PRINCIPAL - 106', '08800', 'VILANOVA I LA GELTRU', 8, 0, '', '', '', '', 0, 0, 0, 'Alta'),
(2837, 1, '26000044', 14, 4, 22, '', 'TIENDA ORANGE REUS C LLOVERA', '', '', 0, 0, 0, 8, 'LLOVERA - 43', '43201', 'REUS', 43, 0, '', '', '', '', 0, 0, 0, 'Alta'),
(2838, 1, '26000045', 14, 4, 22, '', 'TIENDA ORANGE BARCELONA CC LA MAQUINISTA', '', '', 0, 0, 0, 7, 'LA MAQUINISTA PSO POTOSI - 2', '08030', 'BARCELONA', 8, 0, '', '933608453', '', '', 0, 0, 0, 'Alta'),
(2839, 1, '26000047', 14, 4, 22, '', 'TIENDA ORANGE LLEIDA PZA SANT JOAN', '', '', 0, 0, 0, 20, 'SANT JOAN - 4', '25007', 'LERIDA', 25, 0, '', '', '', '', 0, 0, 0, 'Alta'),
(2840, 1, '26000070', 14, 4, 22, '', 'TIENDA ORANGE SABADELL C RAMBLA', '', '', 0, 0, 0, 8, 'RAMBLA - 30', '08201', 'SABADELL', 8, 0, '', '', '', '', 0, 0, 0, 'Alta'),
(2841, 1, '26000074', 14, 4, 22, '', 'TIENDA ORANGE HUESCA C COSO', '', '', 0, 0, 0, 8, 'COSO ALTO - 10', '22002', 'HUESCA', 22, 0, '', '', '', '', 0, 0, 0, 'Alta'),
(2842, 1, '26000080', 14, 4, 22, '', 'TIENDA ORANGE CORNELLA CC LLOBREGAT CENTRE', '', '', 0, 0, 0, 7, 'LLOBREGAT CENTRE CARRETERA DE ESPLUGAS - 01-19 (L 57', '08940', 'CORNELLA DE LLOBREGAT', 8, 0, '', '934800219', '', '', 0, 0, 0, 'Alta'),
(2843, 1, '26000088', 14, 4, 22, '', 'TIENDA ORANGE ZARAGOZA PSO DAMAS', '', '', 0, 0, 0, 19, 'DAMAS - 28', '50008', 'ZARAGOZA', 50, 0, '', '', '', '', 0, 0, 0, 'Alta'),
(2844, 1, '26000091', 14, 4, 22, '', 'TIENDA ORANGE SANTA COLOMA RAMBLA SANT SEBASTIA', '', '', 0, 0, 0, 21, 'SAN SEBASTIAN - 41', '08921', 'SANTA COLOMA DE GRAMENET', 8, 0, '', '', '', '', 0, 0, 0, 'Alta'),
(2845, 1, '26000093', 14, 4, 22, '', 'TIENDA ORANGE BADALONA CC MONTIGALA', '', '', 0, 0, 0, 7, 'MONTIGALA C/ OLOF PALME LOCAL 33 - 28-36', '08917', 'BADALONA', 8, 0, '', '934590804', '', '', 0, 0, 0, 'Alta'),
(2846, 1, '26000103', 14, 4, 22, '', 'TIENDA ORANGE HOSPITALET CC MAX CENTER-LINCE', '', '', 0, 0, 0, 7, 'MAX CENTER C/ BARCELONA - 2 (L B3', '08901', 'HOSPITALET DEL LLOBREGAT', 8, 0, '', '', '', '', 0, 0, 0, 'Alta'),
(2847, 1, '26000686', 14, 4, 22, '', 'TIENDA ORANGE TERUEL RAMON Y CAJAL - LINCE', '', '', 0, 0, 0, 8, 'RAMON Y CAJAL - 7', '44001', 'TERUEL', 44, 0, '', '', '', '', 0, 0, 0, 'Alta'),
(2848, 1, '29993433', 14, 4, 22, '', 'TIENDA ORANGE VIC RAMBLA DEL PASSEIG-LINCE', '', '', 0, 0, 0, 21, 'DEL PASSEIG - 13-15-17 (L B', '08500', 'VIC', 8, 0, '', '', '', '', 0, 0, 0, 'Alta'),
(2849, 1, '36000007', 14, 7, 22, '', 'TIENDA ORANGE SANTANDER C JUAN HERRERA', '', '', 0, 0, 0, 8, 'JUAN HERRERA - 2', '39002', 'SANTANDER', 39, 0, '', '', '', '', 0, 0, 0, 'Alta'),
(2850, 1, '36000012', 14, 6, 22, '', 'TIENDA ORANGE OVIEDO C URIA', '', '', 0, 0, 0, 8, 'URIA - 5', '33003', 'OVIEDO', 33, 0, '', '', '', '', 0, 0, 0, 'Alta'),
(2851, 1, '36000016', 14, 6, 22, '', 'TIENDA ORANGE VIGO C PRINCIPE', '', '', 0, 0, 0, 8, 'PRINCIPE - 2', '36202', 'VIGO', 36, 0, '', '', '', '', 0, 0, 0, 'Alta'),
(2852, 1, '36000017', 14, 6, 22, '', 'TIENDA ORANGE GIJON CC LOS FRESNOS', '', '', 0, 0, 0, 7, 'LOS FRESNOS - RIO DE ORO LOCAL B31 - 3', '33209', 'GIJON', 33, 0, '', '', '', '', 0, 0, 0, 'Alta'),
(2853, 1, '36000018', 14, 6, 22, '', 'TIENDA ORANGE VIGO CC GRAN VIA', '', '', 0, 0, 0, 7, 'GRAN VIA - C/ MIRADOIRO, LOCAL 19 - 2', '36204', 'VIGO', 36, 0, '', '', '', '', 0, 0, 0, 'Alta'),
(2854, 1, '36000031', 14, 6, 22, '', 'TIENDA ORANGE PONFERRADA C CAMINO DE SANTIAGO', '', '', 0, 0, 0, 8, 'CAMINO DE SANTIAGO - 7', '24400', 'PONFERRADA', 24, 0, '', '', '', '', 0, 0, 0, 'Alta'),
(2855, 1, '36000054', 14, 7, 22, '', 'TIENDA ORANGE PE', '', '', 0, 0, 0, 7, 'PE', '39011', 'SANTANDER', 39, 0, '', '', '', '', 0, 0, 0, 'Alta'),
(2856, 1, '46000013', 14, 5, 22, '', 'TIENDA ORANGE ALICANTE CC L ALJUB', '', '', 0, 0, 0, 7, 'EL ALJUB LOCAL B05/B06 C/ JACARILLAS - S/N', '03205', 'ELCHE', 3, 0, '', '965464949', '', '', 0, 0, 0, 'Alta'),
(2857, 1, '46000063', 14, 5, 22, '', 'TIENDA ORANGE ALICANTE CC GRAN VIA', '', '', 0, 0, 0, 7, 'GRAN VIA C/ JOSE GARCIA SELLES 2 LOCAL C13 A - S/N', '03015', 'ALICANTE', 3, 0, '', '964048900', '', '', 0, 0, 0, 'Alta'),
(2858, 1, '46000067', 14, 5, 22, '', 'TIENDA ORANGE ALICANTE AVD ALFONSO X EL SABIO', '', '', 0, 0, 0, 6, 'ALFONSO X EL SABIO - 39', '03001', 'ALICANTE', 3, 0, '', '965144966', '', '', 0, 0, 0, 'Alta'),
(2859, 1, '49990032', 14, 5, 22, '', 'TIENDA ORANGE CARTAGENA CC ESPACIO MEDITERRANEO-LINCE', '', '', 0, 0, 0, 7, 'ESPACIO MEDITERRANEO C/ LONDRES SN POLIG IND CABEZO BAEZA LOCAL 158 - S/N', '30353', 'CARTAGENA', 30, 0, '', '968197473', '', '', 0, 0, 0, 'Alta'),
(2860, 1, '56000020', 14, 3, 22, '', 'TIENDA ORANGE JEREZ CC JEREZ NORTE', '', '', 0, 0, 0, 7, 'JEREZ NORTE AVDA EUROPA S/N - (L 21', '11405', 'JEREZ DE LA FRONTERA', 11, 0, '', '', '', '', 0, 0, 0, 'Alta'),
(2861, 1, '56000021', 14, 3, 22, '', 'TIENDA ORANGE CADIZ C ANCHA', '', '', 0, 0, 0, 8, 'ANCHA - 34', '11001', 'CADIZ', 11, 0, '', '956229063', '', '', 0, 0, 0, 'Alta'),
(2862, 1, '56000049', 14, 3, 22, '', 'TIENDA ORANGE GRANADA CC ALCAMPO', '', '', 0, 0, 0, 7, 'ALCAMPO CTRA NACIONAL 323 - 127 CC ALCAMPO', '18013', 'GRANADA', 18, 0, '', '', '', '', 0, 0, 0, 'Alta'),
(2863, 1, '56000083', 14, 3, 22, '', 'TIENDA ORANGE HUELVA AVDA FEDERICO MOLINA', '', '', 0, 0, 0, 6, 'ALCALDE FEDERICO MOLINA - 38', '21006', 'HUELVA', 21, 0, '', '', '', '', 0, 0, 0, 'Alta'),
(2864, 1, '56000106', 14, 3, 22, '', 'TIENDA ORANGE HUELVA C BOCAS', '', '', 0, 0, 0, 8, 'DE LAS BOCAS - 16', '21001', 'HUELVA', 21, 0, '', '', '', '', 0, 0, 0, 'Alta'),
(2865, 1, '56000138', 14, 3, 22, '', 'TIENDA ORANGE BADAJOZ C MENACHO', '', '', 0, 0, 0, 8, 'MENACHO - 22', '06001', 'BADAJOZ', 6, 0, '', '924255740', '', '', 0, 0, 0, 'Alta'),
(2866, 1, '57120000', 14, 3, 22, '', 'TIENDA ORANGE MALAGA C NUEVA', '', '', 0, 0, 0, 8, 'NUEVA - 32', '29005', 'MALAGA', 29, 0, '', '', '', '', 0, 0, 0, 'Alta'),
(2867, 1, '66000010', 14, 3, 22, '', 'TIENDA ORANGE LAS PALMAS CC SIETE PALMAS', '', '', 0, 0, 0, 7, 'SIETE PALMAS AVDA PINTOR FELO MONZON - 44', '35019', 'LAS PALMAS DE GRAN CANARIA', 35, 0, '', '', '', '', 0, 0, 0, 'Alta'),
(2868, 1, '66000014', 14, 3, 22, '', 'TIENDA ORANGE LAS PALMAS CC EL MIRADOR', '', '', 0, 0, 0, 7, 'EL MIRADOR AVDA SANTA RITA DE CASIA - 55 LCL B34', '35220', 'LAS PALMAS DE GRAN CANARIA', 35, 0, '', '', '', '', 0, 0, 0, 'Alta'),
(2869, 1, '67000000', 14, 3, 22, '', 'TIENDA ORANGE LAS PALMAS C GALICIA', '', '', 0, 0, 0, 8, 'GALICIA - 25 (ESQUINA AVDA JOSE MESA Y LOPEZ 23)', '35006', 'LAS PALMAS DE GRAN CANARIA', 35, 0, '', '', '', '', 0, 0, 0, 'Alta'),
(2870, 1, '76000040', 14, 7, 22, '', 'TIENDA ORANGE BILBAO C CORREO', '', '', 0, 0, 0, 8, 'CORREO - 9', '48005', 'BILBAO', 48, 0, '', '946792359', '', '', 0, 0, 0, 'Alta'),
(2871, 1, '76000041', 14, 7, 22, '', 'TIENDA ORANGE DONOSTI CC GARBERA', '', '', 0, 0, 0, 7, 'GARBERA - TRAVESIA DE GARBERA LOCAL 35 - 1', '20017', 'SAN SEBASTIAN', 20, 0, '', '', '', '', 0, 0, 0, 'Alta'),
(2872, 1, '16000035', 14, 1, 23, '', 'TIENDA ORANGE PARLA C REAL', '', '', 0, 0, 0, 8, 'REAL - 73', '28289', 'PARLA', 28, 0, '', '', '', '', 0, 0, 0, 'Alta'),
(2873, 1, '16000063', 14, 1, 23, '', 'TIENDA ORANGE LEGANES C MADRID', '', '', 0, 0, 0, 8, 'MADRID - 4', '28911', 'LEGANES', 28, 0, '', '', '', '', 0, 0, 0, 'Alta'),
(2874, 1, '16000068', 14, 1, 23, '', 'TIENDA ORANGE MADRID C BRAVO MURILLO 170', '', '', 0, 0, 0, 8, 'BRAVO MURILLO - 170', '28020', 'MADRID', 28, 0, '', '', '', '', 0, 0, 0, 'Alta'),
(2875, 1, '16000091', 14, 6, 23, '', 'TIENDA ORANGE SALAMANCA C MARIA AUXILIADORA - LINCE', '', '', 0, 0, 0, 8, 'MARIA AUXILIADORA - 59', '37005', 'SALAMANCA', 37, 0, '', '', '', '', 0, 0, 0, 'Alta'),
(2876, 1, '16000124', 14, 1, 23, '', 'TIENDA ORANGE LAS ROZAS MADRID CC EL PINAR', '', '', 0, 0, 0, 7, 'EL PINAR DE LAS ROZAS CRTRA CORU', '28230', 'LAS ROZAS', 28, 0, '', '', '', '', 0, 0, 0, 'Alta'),
(2877, 1, '16000129', 14, 6, 23, '', 'TIENDA ORANGE MEDINA DEL CAMPO C PADILLA', '', '', 0, 0, 0, 8, 'PADILLA - 13', '47400', 'MEDINA DEL CAMPO', 47, 0, '', '', '', '', 0, 0, 0, 'Alta'),
(2878, 1, '16000131', 14, 7, 23, '', 'TIENDA ORANGE BURGOS C ARZOBISPO DE CASTRO- LINCE', '', '', 0, 0, 0, 8, 'ARZOBISPO DE CASTRO - 2', '09007', 'BURGOS', 9, 0, '', '947040367', '', '', 0, 0, 0, 'Alta'),
(2879, 1, '16000161', 14, 1, 23, '', 'TIENDA ORANGE MADRID C ORENSE', '', '', 0, 0, 0, 8, 'ORENSE - 9', '28020', 'MADRID', 28, 0, '', '', '', '', 0, 0, 0, 'Alta'),
(2880, 1, '19440000', 14, 1, 23, '', 'TIENDA ORANGE PARLA AVDA PINTO-LINCE', '', '', 0, 0, 0, 6, 'PINTO - 43', '28289', 'PARLA', 28, 0, '', '', '', '', 0, 0, 0, 'Alta'),
(2881, 1, '19990133', 14, 1, 23, '', 'TIENDA ORANGE MOSTOLES C SANTANDER-LINCE', '', '', 0, 0, 0, 8, 'SANTANDER - 1 (L 2', '28931', 'MOSTOLES', 28, 0, '', '', '', '', 0, 0, 0, 'Alta'),
(2882, 1, '19992165', 14, 1, 23, '', 'TIENDA ORANGE ILLESCAS AVD CASTILLA DE LA MANCHA - LINCE', '', '', 0, 0, 0, 6, 'CASTILLA LA MANCHA - 28', '45200', 'ILLESCAS', 45, 0, '', '', '', '', 0, 0, 0, 'Alta'),
(2883, 1, '19992465', 14, 1, 23, '', 'TIENDA ORANGE FUENLABRADA CC LORANCA-LINCE', '', '', 0, 0, 0, 7, 'ALCAMPO LORANCA AVDA PABLO IGLESIAS - S/N (L A70', '28942', 'FUENLABRADA', 28, 0, '', '916893077', '', '', 0, 0, 0, 'Alta'),
(2884, 1, '19993887', 14, 6, 23, '', 'TIENDA ORANGE SALAMANCA C PRIOR-LINCE', '', '', 0, 0, 0, 8, 'PRIOR - 4', '37002', 'SALAMANCA', 37, 0, '', '', '', '', 0, 0, 0, 'Alta'),
(2885, 1, '26000031', 14, 4, 23, '', 'TIENDA ORANGE BARCELONA CC GLORIES', '', '', 0, 0, 0, 7, 'LES GLORIES AVDA DIAGONAL 208 LOCAL A109 - 208', '08018', 'BARCELONA', 8, 0, '', '934861792', '', '', 0, 0, 0, 'Alta'),
(2886, 1, '26000056', 14, 4, 23, '', 'TIENDA ORANGE BARCELONA PSO FABRA I PUIG', '', '', 0, 0, 0, 19, 'FABRA I PUIG - 189', '08016', 'BARCELONA', 8, 0, '', '934085163', '', '', 0, 0, 0, 'Alta'),
(2887, 1, '26000086', 14, 4, 23, '', 'TIENDA ORANGE MANRESA C ANGEL GUIMERA', '', '', 0, 0, 0, 8, 'ANGEL GUIMERA - 2', '08241', 'MANRESA', 8, 0, '', '', '', '', 0, 0, 0, 'Alta'),
(2888, 1, '26000104', 14, 4, 23, '', 'TIENDA ORANGE BARCELONA VIA LAIETANA', '', '', 0, 0, 0, 8, 'VIA LAETANA - 38', '08003', 'BARCELONA', 8, 0, '', '933190303', '', '', 0, 0, 0, 'Alta'),
(2889, 1, '26000113', 14, 4, 23, '', 'TIENDA ORANGE OLOT C SAN RAFAEL-LINCE', '', '', 0, 0, 0, 8, 'SANT RAFAEL - 44', '17800', 'OLOT', 17, 0, '', '', '', '', 0, 0, 0, 'Alta'),
(2890, 1, '26000115', 14, 4, 23, '', 'TIENDA ORANGE VILLAFRANCA DEL PENEDES AVDA TARRAGONA-LINCE', '', '', 0, 0, 0, 6, 'TARRAGONA - 8', '08720', 'VILLAFRANCA DEL PENEDES', 8, 0, '', '', '', '', 0, 0, 0, 'Alta'),
(2891, 1, '26000116', 14, 4, 23, '', 'TIENDA ORANGE BARCELONA P SANT JOAN', '', '', 0, 0, 0, 19, 'SANT JOAN - 206', '08037', 'BARCELONA', 8, 0, '', '934762781', '', '', 0, 0, 0, 'Alta'),
(2892, 1, '26000118', 14, 4, 23, '', 'TIENDA ORANGE REUS C ARRAVAL MARTI FOLGUERA-LINCE', '', '', 0, 0, 0, 8, 'ARRAVAL MARTI FOLGUERA BAJOS - 24', '43201', 'REUS', 43, 0, '', '', '', '', 0, 0, 0, 'Alta'),
(2893, 1, '29444861', 14, 4, 23, '', 'TIENDA ORANGE MOLLERUSSA C FERRER I BUSQUETS BAJOS-LINCE', '', '', 0, 0, 0, 8, 'FERRER I BUSQUETS BAJOS - 49', '25230', 'MOLLERUSSA', 25, 0, '', '', '', '', 0, 0, 0, 'Alta'),
(2894, 1, '29447838', 14, 4, 23, '', 'TIENDA ORANGE ZARAGOZA FERNANDO EL CATOLICO-LINCE', '', '', 0, 0, 0, 19, 'FERNANDO EL CATOLICO - 29', '50006', 'ZARAGOZA', 50, 0, '', '', '', '', 0, 0, 0, 'Alta'),
(2895, 1, '29990088', 14, 4, 23, '', 'TIENDA ORANGE CABRERA DEL MAR CC CARREFOUR CABRERA-LINCE', '', '', 0, 0, 0, 7, 'CARREFOUR CABRERA CTRA N II KM - 644', '08349', 'CABRERA DE MAR', 8, 0, '', '937502247', '', '', 0, 0, 0, 'Alta'),
(2896, 1, '29992922', 14, 4, 23, '', 'TIENDA ORANGE IGUALADA RAMBLA SANT ISIDRE-LINCE', '', '', 0, 0, 0, 21, 'SANT ISIDRE - S/N (L 2', '08700', 'IGUALADA', 8, 0, '', '', '', '', 0, 0, 0, 'Alta'),
(2897, 1, '29993166', 14, 4, 23, '', 'TIENDA ORANGE MOLLET C BARCELONA LINCE', '', '', 0, 0, 0, 8, 'BARCELONA - 1', '08100', 'MOLLET DEL VALLES', 8, 0, '', '', '', '', 0, 0, 0, 'Alta'),
(2898, 1, '36000021', 14, 6, 23, '', 'TIENDA ORANGE PALENCIA C MAYOR PRINCIPAL', '', '', 0, 0, 0, 8, 'MAYOR - 21', '34001', 'PALENCIA', 34, 0, '', '', '', '', 0, 0, 0, 'Alta'),
(2899, 1, '36000058', 14, 6, 23, '', 'TIENDA ORANGE ORENSE CC PONTEVELLA', '', '', 0, 0, 0, 7, 'PONTEVELLA C DA RIBEIRA SAGRADA - 50', '32003', 'ORENSE', 32, 0, '', '', '', '', 0, 0, 0, 'Alta'),
(2900, 1, '36000061', 14, 6, 23, '', 'TIENDA ORANGE CORU', '', '', 0, 0, 0, 8, 'BARCELONA - 44', '15010', 'LA CORU', 15, 0, '', '', '', '', 0, 0, 0, 'Alta'),
(2901, 1, '36000076', 14, 6, 23, '', 'TIENDA ORANGE SANTIAGO C DOUTOR TEIXEIRO', '', '', 0, 0, 0, 8, 'DOUTOR TEIXEIRO - 1', '15701', 'SANTIAGO DE COMPOSTELA', 15, 0, '', '', '', '', 0, 0, 0, 'Alta'),
(2902, 1, '36000079', 14, 6, 23, '', 'TIENDA ORANGE VIGO CC ALCAMPO', '', '', 0, 0, 0, 6, 'DE MADRID - S/N (L 3', '36214', 'VIGO', 36, 0, '', '', '', '', 0, 0, 0, 'Alta');
INSERT INTO `pds` (`id_pds`, `client_pds`, `reference`, `type_pds`, `territory`, `panelado_pds`, `dispo`, `commercial`, `cif`, `picture_url`, `m2_fo`, `m2_bo`, `m2_total`, `type_via`, `address`, `zip`, `city`, `province`, `county`, `schedule`, `phone`, `mobile`, `email`, `contact_contact_person`, `contact_in_charge`, `contact_supervisor`, `status`) VALUES
(2903, 1, '39990044', 14, 6, 23, '', 'TIENDA ORANGE VIGO C URZAIZ - LINCE', '', '', 0, 0, 0, 8, 'URZAIZ - 152', '36205', 'VIGO', 36, 0, '', '', '', '', 0, 0, 0, 'Alta'),
(2904, 1, '46000037', 14, 5, 23, '', 'TIENDA ORANGE LORCA CC ALMENARA', '', '', 0, 0, 0, 7, 'PARQUE ALMENARA CAMINO DE ENMEDIO S/N - S/N', '30813', 'LORCA', 30, 0, '', '', '', '', 0, 0, 0, 'Alta'),
(2905, 1, '46000055', 14, 5, 23, '', 'TIENDA ORANGE BENIDORM C GAMBO', '', '', 0, 0, 0, 8, 'GAMBO - 9', '03000', 'BENIDORM', 3, 0, '', '966811861', '', '', 0, 0, 0, 'Alta'),
(2906, 1, '46000081', 14, 5, 23, '', 'TIENDA ORANGE GANDIA CC CARREFOUR-LINCE', '', '', 0, 0, 0, 7, 'CARREFOUR GANDIA AVDA BLASCO IBA', '46701', 'GANDIA', 46, 0, '', '692863268', '', '', 0, 0, 0, 'Alta'),
(2907, 1, '46000082', 14, 5, 23, '', 'TIENDA ORANGE VALENCIA CC CARREFOUR CAMPANAR-LINCE', '', '', 0, 0, 0, 7, 'CARREFOUR CAMPANAR 13 MANUEL DE FALLA - S/N', '46015', 'VALENCIA', 46, 0, '', '', '', '', 0, 0, 0, 'Alta'),
(2908, 1, '46000087', 14, 5, 23, '', 'TIENDA ORANGE PALMA DE MALLORCA C ARAGON', '', '', 0, 0, 0, 8, 'ARAGON - 2', '07006', 'PALMA DE MALLORCA', 7, 0, '', '', '', '', 0, 0, 0, 'Alta'),
(2909, 1, '46000089', 14, 5, 23, '', 'TIENDA ORANGE VALENCIA C XATIVA', '', '', 0, 0, 0, 8, 'XATIVA - 4', '46002', 'VALENCIA', 46, 0, '', '', '', '', 0, 0, 0, 'Alta'),
(2910, 1, '46000100', 14, 5, 23, '', 'TIENDA ORANGE CIEZA AVDA GRAN VIA JUAN CARLOS I - LINCE', '', '', 0, 0, 0, 6, 'GRAN VIA JUAN CARLOS I - 115', '30530', 'CIEZA', 30, 0, '', '', '', '', 0, 0, 0, 'Alta'),
(2911, 1, '46000105', 14, 5, 23, '', 'TIENDA ORANGE GANDIA C MAYOR', '', '', 0, 0, 0, 8, 'MAYOR - 22', '46700', 'GANDIA', 46, 0, '', '654302426', '', '', 0, 0, 0, 'Alta'),
(2912, 1, '46000110', 14, 5, 23, '', 'TIENDA ORANGE GANDIA CC LA VITAL -LINCE', '', '', 0, 0, 0, 6, 'DE LA VITAL  - 10 (L B23A)', '46701', 'GANDIA', 46, 0, '', '962881080', '', '', 0, 0, 0, 'Alta'),
(2913, 1, '46000112', 14, 5, 23, '', 'TIENDA ORANGE LORCA C JUAN CARLOS I - LINCE', '', '', 0, 0, 0, 8, 'JUAN CARLOS I - 2 (L 2', '30800', 'LORCA', 30, 0, '', '', '', '', 0, 0, 0, 'Alta'),
(2914, 1, '46000113', 14, 5, 23, '', 'TIENDA ORANGE SUECA C BONAGUIA-LINCE', '', '', 0, 0, 0, 8, 'BONAGUIA CRUCE CON SEQUIAL - 44', '46410', 'SUECA', 46, 0, '', '', '', '', 0, 0, 0, 'Alta'),
(2915, 1, '49440180', 14, 5, 23, '', 'TIENDA ORANGE VALENCIA C ARCHIDUQUE CARLOS-LINCE', '', '', 0, 0, 0, 8, 'ARQUIDUQUE CARLOS - 135 BAJO', '46014', 'VALENCIA', 46, 0, '', '', '', '', 0, 0, 0, 'Alta'),
(2916, 1, '49447174', 14, 5, 23, '', 'TIENDA ORANGE TORRENTE AVD EL VEDAT-LINCE', '', '', 0, 0, 0, 6, 'EL VEDAT - 90', '46900', 'TORRENTE', 46, 0, '', '', '', '', 0, 0, 0, 'Alta'),
(2917, 1, '49990046', 14, 5, 23, '', 'TIENDA ORANGE CASTELLON DE LA PLANA PLAZA DE LA INDEPENDENCIA-LINCE', '', '', 0, 0, 0, 20, 'DE LA INDEPENDENCIA - 8 BAJO', '12001', 'CASTELLON DE LA PLANA', 12, 0, '', '964215748', '', '', 0, 0, 0, 'Alta'),
(2918, 1, '49990066', 14, 5, 23, '', 'TIENDA ORANGE ALICANTE AVDA HISTORIADOR VICENTE RAMOS-LINCE', '', '', 0, 0, 0, 6, 'HISTORIADOR VICENTE RAMOS - (L 7', '03540', 'SAN JUAN DE ALICANTE', 3, 0, '', '', '', '', 0, 0, 0, 'Alta'),
(2919, 1, '49990076', 14, 5, 23, '', 'TIENDA ORANGE SAN VICENTE DEL RASPEIG C PINTOR PICASSO-LINCE', '', '', 0, 0, 0, 8, 'PINTOR PICASSO - 30', '03690', 'SAN VICENTE DEL RASPEIG', 3, 0, '', '', '', '', 0, 0, 0, 'Alta'),
(2920, 1, '56000033', 14, 3, 23, '', 'TIENDA ORANGE EL EJIDO AVDA BOULEVAR DE EL EJIDO', '', '', 0, 0, 0, 6, 'BOULEVAR DE EL EJIDO - 263', '04700', 'EL EJIDO', 4, 0, '', '950480966', '', '', 0, 0, 0, 'Alta'),
(2921, 1, '56000050', 14, 3, 23, '', 'TIENDA ORANGE ALMERIA PSO DE ALMERIA', '', '', 0, 0, 0, 19, 'DE ALMERIA - 40', '04001', 'ALMERIA', 4, 0, '', '950270976', '', '', 0, 0, 0, 'Alta'),
(2922, 1, '56000061', 14, 3, 23, '', 'TIENDA ORANGE ANTEQUERA C CANTAREROS', '', '', 0, 0, 0, 8, 'CANTAREROS - 22', '29200', 'ANTEQUERA', 29, 0, '', '952845629', '', '', 0, 0, 0, 'Alta'),
(2923, 1, '56000080', 14, 3, 23, '', 'TIENDA ORANGE SEVILLA PZA DUQUE DE LA VICTORIA', '', '', 0, 0, 0, 20, 'DUQUE DE LA VICTORIA - 6', '41002', 'SEVILLA', 41, 0, '', '', '', '', 0, 0, 0, 'Alta'),
(2924, 1, '56000092', 14, 3, 23, '', 'TIENDA ORANGE PULIANAS CC KINEPOLIS-LINCE', '', '', 0, 0, 0, 7, 'KINEPOLIS C/ BOULEVARD SAMUEL BILLY WILDER - (L 7', '18197', 'PULIANAS', 18, 0, '', '', '', '', 0, 0, 0, 'Alta'),
(2925, 1, '56000103', 14, 3, 23, '', 'TIENDA ORANGE CARMONA AVDA DOCTOR VILLA DIAZ-LINCE', '', '', 0, 0, 0, 6, 'DOCTOR VILLA DIAZ - 15', '41410', 'CARMONA', 41, 0, '', '954143928', '', '', 0, 0, 0, 'Alta'),
(2926, 1, '56000111', 14, 3, 23, '', 'TIENDA ORANGE CORIA AVDA PRIMERO DE MAYO-LINCE', '', '', 0, 0, 0, 8, 'PRIMERO DE MAYO - 7 BAJO', '41100', 'CORIA DEL RIO', 41, 0, '', '954779213', '', '', 0, 0, 0, 'Alta'),
(2927, 1, '56000133', 14, 3, 23, '', 'TIENDA ORANGE CORDOBA AVDA MANUEL REINA-LINCE', '', '', 0, 0, 0, 6, 'MANUEL REINA - 14 (L BAJO', '14500', 'PUENTE GENIL', 14, 0, '', '', '', '', 0, 0, 0, 'Alta'),
(2928, 1, '56000198', 14, 3, 23, '', 'TIENDA ORANGE ROQUETAS CC GRAN PLAZA', '', '', 0, 0, 0, 7, 'G PLAZA CRTA DE ALICUM - S/N LCL 75-76', '04740', 'ROQUETAS DE MAR', 4, 0, '', '', '', '', 0, 0, 0, 'Alta'),
(2929, 1, '56000200', 14, 3, 23, '', 'TIENDA ORANGE SEVILLA AVDA RONDA DE TRIANA-LINCE', '', '', 0, 0, 0, 6, 'RONDA DE TRIANA - 31', '41010', 'SEVILLA', 41, 0, '', '', '', '', 0, 0, 0, 'Alta'),
(2930, 1, '56001201', 14, 3, 23, '', 'TIENDA ORANGE SAN FERNANDO CC BAHIA SUR-LINCE', '', '', 0, 0, 0, 7, 'BAHIA SUR CRTA CA', '11100', 'SAN FERNANDO', 11, 0, '', '', '', '', 0, 0, 0, 'Alta'),
(2931, 1, '59448531', 14, 3, 23, '', 'TIENDA ORANGE RONDA C VICENTE ESPINEL', '', '', 0, 0, 0, 8, 'VICENTE ESPINEL - 54', '29400', 'RONDA', 29, 0, '', '', '', '', 0, 0, 0, 'Alta'),
(2932, 1, '59448964', 14, 3, 23, '', 'TIENDA ORANGE HUELVA C MIGUEL REDONDO - LINCE', '', '', 0, 0, 0, 8, 'MIGUEL REDONDO - 2', '21003', 'HUELVA', 21, 0, '', '', '', '', 0, 0, 0, 'Alta'),
(2933, 1, '59449253', 14, 3, 23, '', 'TIENDA ORANGE CORDOBA AVDA MEDINA AZAHARA-LINCE', '', '', 0, 0, 0, 6, 'MEDINA AZAHARA - 15', '14005', 'CORDOBA', 14, 0, '', '957812193', '', '', 0, 0, 0, 'Alta'),
(2934, 1, '59449375', 14, 3, 23, '', 'TIENDA ORANGE MARCHENA C MANUEL ROJAS-LINCE', '', '', 0, 0, 0, 8, 'MANUEL ROJAS MARCOS - 16', '41620', 'MARCHENA', 41, 0, '', '', '', '', 0, 0, 0, 'Alta'),
(2935, 1, '59990104', 14, 3, 23, '', 'TIENDA ORANGE MALAGA CC ROSALEDA', '', '', 0, 0, 0, 7, 'LA ROSALEDA AVD SIMON BOLIVAR - S/N (L B56/57', '29011', 'MALAGA', 29, 0, '', '', '', '', 0, 0, 0, 'Alta'),
(2936, 1, '59992025', 14, 3, 23, '', 'TIENDA ORANGE MELILLA C PAREJA-LINCE', '', '', 0, 0, 0, 8, 'PAREJA - 12', '52006', 'MELILLA', 52, 0, '', '', '', '', 0, 0, 0, 'Alta'),
(2937, 1, '66000024', 14, 3, 23, '', 'TIENDA ORANGE LA OROTAVA CC LA VILLA II', '', '', 0, 0, 0, 7, 'LA VILLA II POLIGONO SAN JERONIMO - S/N LCL 72', '38300', 'LA OROTAVA', 38, 0, '', '', '', '', 0, 0, 0, 'Alta'),
(2938, 1, '76000048', 14, 7, 23, '', 'TIENDA ORANGE BARAKALDO CC MAX CENTER', '', '', 0, 0, 0, 7, 'MAXCENTER BARRIO KAREGA - S/N', '48903', 'BARAKALDO', 48, 0, '', '944905164', '', '', 0, 0, 0, 'Alta'),
(2939, 1, '76990000', 14, 7, 23, '', 'TIENDA ORANGE BARAKALDO PSO LOS FUEROS', '', '', 0, 0, 0, 19, 'LOS FUEROS - 10', '48901', 'BARAKALDO', 48, 0, '', '944385592', '', '', 0, 0, 0, 'Alta'),
(2940, 1, '77000007', 14, 7, 25, '', 'TIENDA ORANGE SAN SEBASTIAN C LOYOLA', '', '', 0, 0, 0, 8, 'LOYOLA - 10', '20005', 'SAN SEBASTIAN', 20, 0, '', '', '', '', 0, 0, 0, 'Alta'),
(2941, 1, '16000038', 14, 1, 24, '', 'TIENDA ORANGE MADRID C FUENCARRAL', '', '', 0, 0, 0, 8, 'FUENCARRAL - 132', '28010', 'MADRID', 28, 0, '', '', '', '', 0, 0, 0, 'Alta'),
(2942, 1, '16000044', 14, 1, 24, '', 'TIENDA ORANGE TALAVERA CC LOS ALFARES-LINCE', '', '', 0, 0, 0, 7, 'LOS ALFARES AVDA MADRID - S/N (L 52', '45600', 'TALAVERA DE LA REINA', 45, 0, '', '', '', '', 0, 0, 0, 'Alta'),
(2943, 1, '16000094', 14, 1, 24, '', 'TIENDA ORANGE MADRID CC LA VAGUADA', '', '', 0, 0, 0, 6, 'MONFORTE DE LEMOS - 36 (L21)', '28029', 'MADRID', 28, 0, '', '', '', '', 0, 0, 0, 'Alta'),
(2944, 1, '16000116', 14, 1, 24, '', 'TIENDA ORANGE MADRID C BRAVO MURILLO 373', '', '', 0, 0, 0, 8, 'BRAVO MURILLO - 373', '28020', 'MADRID', 28, 0, '', '', '', '', 0, 0, 0, 'Alta'),
(2945, 1, '16000126', 14, 6, 24, '', 'TIENDA ORANGE SALAMANCA CC EL TORMES', '', '', 0, 0, 0, 7, 'EL TORMES AVDA SALAMANCA - S/N', '37900', 'SANTA MARTA DE TORMES', 37, 0, '', '', '', '', 0, 0, 0, 'Alta'),
(2946, 1, '16000156', 14, 1, 24, '', 'TIENDA ORANGE MADRID CC PLENILUNIO', '', '', 0, 0, 0, 8, 'ARACNE - S/N (L55)', '28022', 'MADRID', 28, 0, '', '', '', '', 0, 0, 0, 'Alta'),
(2947, 1, '17000017', 14, 1, 24, '', 'TIENDA ORANGE MADRID C PRINCESA', '', '', 0, 0, 0, 8, 'PRINCESA - 51', '28008', 'MADRID', 28, 0, '', '', '', '', 0, 0, 0, 'Alta'),
(2948, 1, '26000035', 14, 4, 24, '', 'TIENDA ORANGE GRANOLLERS PZA PORXADA', '', '', 0, 0, 0, 20, 'PORXADA - 19', '08401', 'GRANOLLERS', 8, 0, '', '', '', '', 0, 0, 0, 'Alta'),
(2949, 1, '26000049', 14, 4, 24, '', 'TIENDA ORANGE HOSPITALET CC GRAN VIA', '', '', 0, 0, 0, 7, 'GRAN VIA II, GRAN VIA 75-97 LOCAL B64 - 75-97', '08908', 'HOSPITALET DEL LLOBREGAT', 8, 0, '', '', '', '', 0, 0, 0, 'Alta'),
(2950, 1, '26000079', 14, 4, 24, '', 'TIENDA ORANGE BARCELONA C GRAN DE SANT ANDREU', '', '', 0, 0, 0, 8, 'GRAN DE SANT ANDREU - 258', '08030', 'BARCELONA', 8, 0, '', '933463430', '', '', 0, 0, 0, 'Alta'),
(2951, 1, '26000102', 14, 4, 24, '', 'TIENDA ORANGE BARCELONA C BALMES', '', '', 0, 0, 0, 8, 'BALMES - 206', '08006', 'BARCELONA', 8, 0, '', '933685749', '', '', 0, 0, 0, 'Alta'),
(2952, 1, '26000106', 14, 4, 24, '', 'TIENDA ORANGE ZARAGOZA CC PUERTO VENECIA', '', '', 0, 0, 0, 7, 'PUERTO VENECIA LOCAL 166A AVDA PUERTO VENECIA - S/N', '50021', 'ZARAGOZA', 50, 0, '', '', '', '', 0, 0, 0, 'Alta'),
(2953, 1, '26360002', 14, 4, 24, '', 'TIENDA ORANGE CASTELLDEFELS ANEC BLAU-LINCE', '', '', 0, 0, 0, 7, 'ANEC BLAU AV CANAL OLIMPIC - 24 - LC A13', '08860', 'CASTELLDEFELS', 8, 0, '', '936321533', '', '', 0, 0, 0, 'Alta'),
(2954, 1, '29990074', 14, 4, 24, '', 'TIENDA ORANGE FIGUERES C NOU-LINCE', '', '', 0, 0, 0, 8, 'NOU - 46', '17600', 'FIGUERES', 17, 0, '', '972514220', '', '', 0, 0, 0, 'Alta'),
(2955, 1, '36000029', 14, 6, 24, '', 'TIENDA ORANGE CORU', '', '', 0, 0, 0, 7, 'CUATRO CAMINOS LOCAL B2 - C/ RAMON Y CAJAL - 53', '15006', 'LA CORU', 15, 0, '', '', '', '', 0, 0, 0, 'Alta'),
(2956, 1, '36000043', 14, 6, 24, '', 'TIENDA ORANGE LUGO CC AS TERMAS', '', '', 0, 0, 0, 7, 'AS TERMAS AVDA INFANTA ELENA - 93 (L 19', '27003', 'LUGO', 27, 0, '', '', '', '', 0, 0, 0, 'Alta'),
(2957, 1, '36000051', 14, 6, 24, '', 'TIENDA ORANGE PONTEVEDRA PZA PEREGRINA', '', '', 0, 0, 0, 20, 'PEREGRINA - 1', '36001', 'PONTEVEDRA', 36, 0, '', '', '', '', 0, 0, 0, 'Alta'),
(2958, 1, '36000060', 14, 6, 24, '', 'TIENDA ORANGE SANTIAGO CC AS CANCELAS', '', '', 0, 0, 0, 7, 'AS CANCELAS C DO VINTECINCO DE XULLO - S/N', '15703', 'SANTIAGO DE COMPOSTELA', 15, 0, '', '', '', '', 0, 0, 0, 'Alta'),
(2959, 1, '46000042', 14, 5, 24, '', 'TIENDA ORANGE ALFAFAR CC MN4', '', '', 0, 0, 0, 7, 'MN4 LOCAL B31 PEREZ LLACER - S/N', '46910', 'ALFAFAR', 46, 0, '', '963755779', '', '', 0, 0, 0, 'Alta'),
(2960, 1, '46000052', 14, 5, 24, '', 'TIENDA ORANGE CASTELLON CC SALERA', '', '', 0, 0, 0, 7, 'SALERA 1', '12006', 'CASTELLON DE LA PLANA', 12, 0, '', '964049444', '', '', 0, 0, 0, 'Alta'),
(2961, 1, '46000090', 14, 5, 24, '', 'TIENDA ORANGE XIRIVELLA CC GRAN TURIA', '', '', 0, 0, 0, 20, ' EUROPA - S/N (L1747Z)', '46950', 'XIRIVELLA', 46, 0, '', '', '', '', 0, 0, 0, 'Alta'),
(2962, 1, '46000097', 14, 5, 24, '', 'TIENDA ORANGE VALENCIA CC EL OSITO-LINCE', '', '', 0, 0, 0, 8, 'TUEJAR - S/N L15', '46183', 'LA ELIANA', 46, 0, '', '', '', '', 0, 0, 0, 'Alta'),
(2963, 1, '46000106', 14, 5, 24, '', 'TIENDA ORANGE VALENCIA CC EL SALER', '', '', 0, 0, 0, 4, 'DEL SALER - 16 LOCAL C10-27', '46013', 'VALENCIA', 46, 0, '', '', '', '', 0, 0, 0, 'Alta'),
(2964, 1, '46000111', 14, 5, 24, '', 'TIENDA ORANGE IBIZA C OBISPO HUIX', '', '', 0, 0, 0, 8, 'OBISPO HUIX - 2 Y 4', '07800', 'IBIZA', 7, 0, '', '', '', '', 0, 0, 0, 'Alta'),
(2965, 1, '49447052', 14, 5, 24, '', 'TIENDA ORANGE VALL D''UIXO AVD CORTES VALENCIANAS - LINCE', '', '', 0, 0, 0, 6, 'CORTES VALENCIANAS - 8', '12600', 'VALL DE UXO', 12, 0, '', '', '', '', 0, 0, 0, 'Alta'),
(2966, 1, '56000023', 14, 3, 24, '', 'TIENDA ORANGE MALAGA CC PLAZA MAYOR', '', '', 0, 0, 0, 7, 'PLAZA MAYOR C/ALFONSO PONCE DE LEON - 3 (L 58', '29004', 'MALAGA', 29, 0, '', '', '', '', 0, 0, 0, 'Alta'),
(2967, 1, '56000024', 14, 3, 24, '', 'TIENDA ORANGE JAEN PSO DE LA ESTACION', '', '', 0, 0, 0, 19, 'DE LA ESTACION - 2', '23001', 'JAEN', 23, 0, '', '', '', '', 0, 0, 0, 'Alta'),
(2968, 1, '56000054', 14, 3, 24, '', 'TIENDA ORANGE ALGECIRAS C REGINO MARTINEZ', '', '', 0, 0, 0, 8, 'REGINO MARTINEZ - 14', '11201', 'ALGECIRAS', 11, 0, '', '956660710', '', '', 0, 0, 0, 'Alta'),
(2969, 1, '56000082', 14, 3, 24, '', 'TIENDA ORANGE DOS HERMANAS C REAL UTRERA - LINCE', '', '', 0, 0, 0, 8, 'REAL UTRERA - 23 BAJO', '41700', 'DOS HERMANAS', 41, 0, '', '955675270', '', '', 0, 0, 0, 'Alta'),
(2970, 1, '56000086', 14, 3, 24, '', 'TIENDA ORANGE CACERES C PINTORES', '', '', 0, 0, 0, 8, 'PINTORES - 7', '10003', 'CACERES', 10, 0, '', '927211511', '', '', 0, 0, 0, 'Alta'),
(2971, 1, '57140000', 14, 3, 24, '', 'TIENDA ORANGE CORDOBA C JOSE CRUZ CONDE', '', '', 0, 0, 0, 8, 'JOSE CRUZ CONDE - 10 (ESQUINA GONGORA)', '14002', 'CORDOBA', 14, 0, '', '957474533', '', '', 0, 0, 0, 'Alta'),
(2972, 1, '59449719', 14, 3, 24, '', 'TIENDA ORANGE ANTEQUERA CC LA VERONICA-LINCE', '', '', 0, 0, 0, 7, 'LA VERONICA CUESTA TALAVERA - S/N (L12B)', '29200', 'ANTEQUERA', 29, 0, '', '952846840', '', '', 0, 0, 0, 'Alta'),
(2973, 1, '59991792', 14, 3, 24, '', 'TIENDA ORANGE JEREZ CC AREASUR-LINCE', '', '', 0, 0, 0, 7, 'AREA SUR CRTA N IV - KM 639 (L B26', '11408', 'JEREZ DE LA FRONTERA', 11, 0, '', '', '', '', 0, 0, 0, 'Alta'),
(2974, 1, '66000008', 14, 3, 24, '', 'TIENDA ORANGE LAS PALMAS CC LA BALLENA', '', '', 0, 0, 0, 7, 'LA BALLENA CTRA DEL NORTE - 99 (L B31 B', '35013', 'LAS PALMAS DE GRAN CANARIA', 35, 0, '', '', '', '', 0, 0, 0, 'Alta'),
(2975, 1, '66000022', 14, 3, 24, '', 'TIENDA ORANGE SANTA CRUZ CC A', '', '', 0, 0, 0, 7, 'SANTA CRUZ C/ AUTOPISTA TF 1 SUR - 27 kM 5,3 CC ST CRUZ', '38111', 'SANTA CRUZ DE TENERIFE', 38, 0, '', '', '', '', 0, 0, 0, 'Alta'),
(2976, 1, '66000026', 14, 3, 24, '', 'TIENDA ORANGE STA CRUZ TENERIFE CC MERIDIANO - LINCE', '', '', 0, 0, 0, 7, 'MERIDIANO C/ AUREA DIAZ FLORES - LOCAL 16', '38005', 'SANTA CRUZ DE TENERIFE', 38, 0, '', '', '', '', 0, 0, 0, 'Alta'),
(2977, 1, '79440062', 14, 7, 24, '', 'TIENDA ORANGE PORTUGALETE VIZCAYA CC BALLONTI-LINCE', '', '', 0, 0, 0, 7, 'BALLONTI AVDA BALLONTI - 1 (L B 29', '48920', 'PORTUGALETE', 48, 0, '', '', '', '', 0, 0, 0, 'Alta'),
(2978, 1, '16000025', 14, 1, 26, '', 'TIENDA ORANGE PARQUE RIVAS CC CARREFOUR - LINCE', '', '', 0, 0, 0, 6, 'DE LA TECNICA - S/N (L8)', '28529', 'RIVAS-VACIAMADRID', 28, 0, '', '', '', '', 0, 0, 0, 'Alta'),
(2979, 1, '16000031', 14, 1, 26, '', 'TIENDA ORANGE MOSTOLES CC CARREFOUR-LINCE', '', '', 0, 0, 0, 7, 'CARREFOUR MOSTOLES CTRA EXTREMADURA - KM 19', '28935', 'MOSTOLES', 28, 0, '', '', '', '', 0, 0, 0, 'Alta'),
(2980, 1, '16000051', 14, 1, 26, '', 'TIENDA ORANGE MADRID PSO DELICIAS', '', '', 0, 0, 0, 19, 'DELICIAS - 17', '28045', 'MADRID', 28, 0, '', '', '', '', 0, 0, 0, 'Alta'),
(2981, 1, '16000057', 14, 1, 26, '', 'TIENDA ORANGE AVILA AVDA PORTUGAL', '', '', 0, 0, 0, 6, 'PORTUGAL - 26', '05001', 'AVILA', 5, 0, '', '920251989', '', '', 0, 0, 0, 'Alta'),
(2982, 1, '16000058', 14, 1, 26, '', 'TIENDA ORANGE SEGOVIA C GOBERNADOR FDEZ JMNEZ', '', '', 0, 0, 0, 8, 'DEL GOBERNADOR FERNANDEZ JIMENEZ - 10', '40002', 'SEGOVIA', 40, 0, '', '', '', '', 0, 0, 0, 'Alta'),
(2983, 1, '16000059', 14, 1, 26, '', 'TIENDA ORANGE TALAVERA C SAN FRANCISCO', '', '', 0, 0, 0, 8, 'SAN FRANCISCO - 13', '45600', 'TALAVERA DE LA REINA', 45, 0, '', '', '', '', 0, 0, 0, 'Alta'),
(2984, 1, '16000083', 14, 1, 26, '', 'TIENDA ORANGE SORIA C COLLADO', '', '', 0, 0, 0, 8, 'EL COLLADO - 49', '42002', 'SORIA', 42, 0, '', '', '', '', 0, 0, 0, 'Alta'),
(2985, 1, '16000086', 14, 1, 26, '', 'TIENDA ORANGE GETAFE CC SECTOR 3', '', '', 0, 0, 0, 7, 'SECTOR 3 GETAFE (AVDA JUAN CARLOS I, S/N) - S/N', '28905', 'GETAFE', 28, 0, '', '', '', '', 0, 0, 0, 'Alta'),
(2986, 1, '16000096', 14, 1, 26, '', 'TIENDA ORANGE MADRID C PRINCIPE DE VERGARA', '', '', 0, 0, 0, 8, 'PRINCIPE DE VERGARA - 260', '28016', 'MADRID', 28, 0, '', '', '', '', 0, 0, 0, 'Alta'),
(2987, 1, '16000097', 14, 6, 26, '', 'TIENDA ORANGE SALAMANCA C TORO', '', '', 0, 0, 0, 8, 'TORO - 47', '37002', 'SALAMANCA', 37, 0, '', '', '', '', 0, 0, 0, 'Alta'),
(2988, 1, '16000103', 14, 6, 26, '', 'TIENDA ORANGE VALLADOLID PSO ZORRILLA', '', '', 0, 0, 0, 19, 'DE ZORRILLA - 62', '47007', 'VALLADOLID', 47, 0, '', '', '', '', 0, 0, 0, 'Alta'),
(2989, 1, '16000105', 14, 1, 26, '', 'TIENDA ORANGE MADRID C NARVAEZ', '', '', 0, 0, 0, 8, 'NARVAEZ - 33', '28009', 'MADRID', 28, 0, '', '', '', '', 0, 0, 0, 'Alta'),
(2990, 1, '16000106', 14, 1, 26, '', 'TIENDA ORANGE TOLEDO CC LA ABADIA', '', '', 0, 0, 0, 7, 'CARRETERA CM-4003 - 0,5 (L 5', '45005', 'TOLEDO', 45, 0, '', '', '', '', 0, 0, 0, 'Alta'),
(2991, 1, '16000111', 14, 1, 26, '', 'TIENDA ORANGE MADRID C CORBERA-LINCE', '', '', 0, 0, 0, 8, 'MARQUES DE CORBERA - 17-19', '28017', 'MADRID', 28, 0, '', '', '', '', 0, 0, 0, 'Alta'),
(2992, 1, '16000137', 14, 6, 26, '', 'TIENDA ORANGE ZAMORA C AMARGURA-LINCE', '', '', 0, 0, 0, 8, 'AMARGURA - 1', '49013', 'ZAMORA', 49, 0, '', '', '', '', 0, 0, 0, 'Alta'),
(2993, 1, '16000155', 14, 1, 26, '', 'TIENDA ORANGE MADRID C ALCALA - 353', '', '', 0, 0, 0, 8, 'ALCALA - 353', '28027', 'MADRID', 28, 0, '', '', '', '', 0, 0, 0, 'Alta'),
(2994, 1, '16000874', 14, 1, 26, '', 'TIENDA ORANGE GUADALAJARA C MAYOR - LINCE', '', '', 0, 0, 0, 8, 'MAYOR - 22', '19001', 'GUADALAJARA', 19, 0, '', '', '', '', 0, 0, 0, 'Alta'),
(2995, 1, '16001241', 14, 1, 26, '', 'TIENDA ORANGE TORRELODONES CC ESPACIO - LINCE', '', '', 0, 0, 0, 7, 'ESPACIO TORRELODONES AVDA FONTANILLA - S/N', '28250', 'TORRELODONES', 28, 0, '', '', '', '', 0, 0, 0, 'Alta'),
(2996, 1, '16280027', 14, 1, 26, '', 'TIENDA ORANGE MADRID C OCA-LINCE', '', '', 0, 0, 0, 8, 'LA OCA - 2', '28025', 'MADRID', 28, 0, '', '', '', '', 0, 0, 0, 'Alta'),
(2997, 1, '16540003', 14, 1, 26, '', 'TIENDA ORANGE MADRID C PEDRO LABORDE-LINCE', '', '', 0, 0, 0, 8, 'PEDRO LABORDE - 1', '28038', 'MADRID', 28, 0, '', '', '', '', 0, 0, 0, 'Alta'),
(2998, 1, '18810011', 14, 1, 26, '', 'TIENDA ORANGE ALCOBENDAS CC CARREFOUR - LINCE', '', '', 0, 0, 0, 7, 'CARREFOUR LOCAL 38 CTRA DE BURGOS - KM 14,500', '28100', 'ALCOBENDAS', 28, 0, '', '916610653', '', '', 0, 0, 0, 'Alta'),
(2999, 1, '19440113', 14, 1, 26, '', 'TIENDA ORANGE ALCOBENDAS CC LA GRAN MANZANA-LINCE', '', '', 0, 0, 0, 7, 'LA GRAN MANZANA AVDA DE ESPA', '28100', 'ALCOBENDAS', 28, 0, '', '916588401', '', '', 0, 0, 0, 'Alta'),
(3000, 1, '19440152', 14, 1, 26, '', 'TIENDA ORANGE GOLMAYO CC CAMARETAS-LINCE', '', '', 0, 0, 0, 7, 'LAS CAMARETAS LOCAL 54 URB LAS CAMARETAS, CARRETERA NACIONAL N 122 - S/N', '42190', 'GOLMAYO', 42, 0, '', '', '', '', 0, 0, 0, 'Alta'),
(3001, 1, '19440209', 14, 1, 26, '', 'TIENDA ORANGE TRES CANTOS CC CIUDAD DE TRES CANTOS - LINCE', '', '', 0, 0, 0, 7, 'CIUDAD DE TRES CANTOS AVDA LABRADORES - 9 y 11', '28760', 'TRES CANTOS', 28, 0, '', '', '', '', 0, 0, 0, 'Alta'),
(3002, 1, '19446337', 14, 1, 26, '', 'TIENDA ORANGE TOMELLOSO AVDA ANTONIO HUERTAS-LINCE', '', '', 0, 0, 0, 6, 'ANTONIO HUERTAS - 40', '13700', 'TOMELLOSO', 13, 0, '', '', '', '', 0, 0, 0, 'Alta'),
(3003, 1, '19449237', 14, 1, 26, '', 'TIENDA ORANGE AVILA CC BULEVAR-LINCE', '', '', 0, 0, 0, 7, 'BULEVAR AVDA JUAN CARLOS I - 45', '05004', 'AVILA', 5, 0, '', '920221441', '', '', 0, 0, 0, 'Alta'),
(3004, 1, '19990090', 14, 1, 26, '', 'TIENDA ORANGE MADRID CC LA VAGUADA II', '', '', 0, 0, 0, 6, 'MONFORTE DE LEMOS - 36', '28029', 'MADRID', 28, 0, '', '', '', '', 0, 0, 0, 'Alta'),
(3005, 1, '19990122', 14, 1, 26, '', 'TELANDCOM MORATALAZ', '', '', 0, 0, 0, 10, 'DE LOS VINATEROS - S/N (L24)', '28030', 'MADRID', 28, 0, '', '', '', '', 0, 0, 0, 'Alta'),
(3006, 1, '19993109', 14, 6, 26, '', 'TIENDA ORANGE LAGUNA C MI', '', '', 0, 0, 0, 8, 'MI', '47140', 'LAGUNA DE DUERO', 47, 0, '', '', '', '', 0, 0, 0, 'Alta'),
(3007, 1, '19993443', 14, 6, 26, '', 'TIENDA ORANGE VALLADOLID AVDA DE PALENCIA - LINCE', '', '', 0, 0, 0, 6, 'PALENCIA - 24', '47010', 'VALLADOLID', 47, 0, '', '', '', '', 0, 0, 0, 'Alta'),
(3008, 1, '26000042', 14, 4, 26, '', 'TIENDA ORANGE ZARAGOZA CC ARAGONIA', '', '', 0, 0, 0, 7, 'ARAGONIA AV JUAN CARLOS I - 44', '50009', 'ZARAGOZA', 50, 0, '', '', '', '', 0, 0, 0, 'Alta'),
(3009, 1, '26000058', 14, 4, 26, '', 'TIENDA ORANGE BARCELONA C GRAN DE GRACIA', '', '', 0, 0, 0, 8, 'GRAN GRACIA - 126', '08012', 'BARCELONA', 8, 0, '', '932176261', '', '', 0, 0, 0, 'Alta'),
(3010, 1, '26000075', 14, 4, 26, '', 'TIENDA ORANGE BARCELONA CC ARENAS PLAZA', '', '', 0, 0, 0, 7, 'ARENAS PLAZA C GRAN VIA DE LES CORTS CATALANES - 373- 385 (L 8', '08015', 'BARCELONA', 8, 0, '', '932924229', '', '', 0, 0, 0, 'Alta'),
(3011, 1, '26000076', 14, 4, 26, '', 'TIENDA ORANGE TARRAGONA CC PARC CENTRAL', '', '', 0, 0, 0, 7, 'PARC CENTRAL AVDA VIDAL I BARRAQUER - 15-17 (L 35', '43005', 'TARRAGONA', 43, 0, '', '', '', '', 0, 0, 0, 'Alta'),
(3012, 1, '26000114', 14, 4, 26, '', 'TIENDA ORANGE TARRAGONA C RAMON I CAJAL- LINCE', '', '', 0, 0, 0, 8, 'RAMON Y CAJAL - 30', '43001', 'TARRAGONA', 43, 0, '', '', '', '', 0, 0, 0, 'Alta'),
(3013, 1, '26000122', 14, 4, 26, '', 'TIENDA ORANGE ZARAGOZA CC UTRILLAS-LINCE', '', '', 0, 0, 0, 20, 'UTRILLAS - 6 LOCAL 0-7', '50013', 'ZARAGOZA', 50, 0, '', '', '', '', 0, 0, 0, 'Alta'),
(3014, 1, '26000136', 14, 4, 26, '', 'TIENDA ORANGE LLEIDA C SANT ANTONI-LINCE', '', '', 0, 0, 0, 8, 'SANT ANTONI - 43', '25002', 'LERIDA', 25, 0, '', '', '', '', 0, 0, 0, 'Alta'),
(3015, 1, '26000319', 14, 4, 26, '', 'TIENDA ORANGE GIRONA PZA MARQUES DE CAMPS-LINCE', '', '', 0, 0, 0, 20, 'MARQUES DE CAMPS - 19', '17001', 'GERONA', 17, 0, '', '', '', '', 0, 0, 0, 'Alta'),
(3016, 1, '26360082', 14, 4, 26, '', 'TIENDA ORANGE EL VENDRELL C ALT - LINCE', '', '', 0, 0, 0, 8, 'ALT - 19', '43700', 'EL VENDRELL', 43, 0, '', '977154660', '', '', 0, 0, 0, 'Alta'),
(3017, 1, '29040194', 14, 4, 26, '', 'TIENDA ORANGE ZARAGOZA CC ACTUR - LINCE', '', '', 0, 0, 0, 7, 'CARREFOUR ACTUR C/ MARIA ZANBRANO S/N LOCAL 13 PL SOTANO - S/N', '50018', 'ZARAGOZA', 50, 0, '', '', '', '', 0, 0, 0, 'Alta'),
(3018, 1, '29040727', 14, 4, 26, '', 'TIENDA ORANGE ZARAGOZA CC GRAN CASA-LINCE', '', '', 0, 0, 0, 7, 'GRANCASA AVDA MARIA ZAMBRANO LOCAL S-1 - 35', '50018', 'ZARAGOZA', 50, 0, '', '', '', '', 0, 0, 0, 'Alta'),
(3019, 1, '29046783', 14, 4, 26, '', 'TIENDA ORANGE ZARAGOZA CC AUGUSTA-LINCE', '', '', 0, 0, 0, 7, 'CARREFOUR AUGUSTA AVDA NAVARRA 180 LOCAL B62 - 180', '50011', 'ZARAGOZA', 50, 0, '', '', '', '', 0, 0, 0, 'Alta'),
(3020, 1, '29440006', 14, 7, 26, '', 'TIENDA ORANGE PAMPLONA CC ITAROA-LINCE', '', '', 0, 0, 0, 7, 'ITAROA - AVDA INTXAURDIA - LOCAL 26 - 5', '31620', 'HUARTE', 31, 0, '', '', '', '', 0, 0, 0, 'Alta'),
(3021, 1, '29990041', 14, 4, 26, '', 'TIENDA ORANGE MANRESA CC CARREFOUR MANRESA - LINCE', '', '', 0, 0, 0, 7, 'CARREFOUR MANRESA C/ ALVAR ALTO S/N LOCAL 26 - S/N', '08243', 'MANRESA', 8, 0, '', '', '', '', 0, 0, 0, 'Alta'),
(3022, 1, '29990084', 14, 4, 26, '', 'TIENDA ORANGE SANT FELIU DE GUIXOLS AVD CANARIAS-LINCE', '', '', 0, 0, 0, 6, 'CANARIAS - 27', '17220', 'SANT FELIU DE GUIXOLS', 17, 0, '', '', '', '', 0, 0, 0, 'Alta'),
(3023, 1, '29991566', 14, 4, 26, '', 'TIENDA ORANGE UTEBO CC ALCAMPO - LINCE', '', '', 0, 0, 0, 7, 'ALCAMPO CTRA LOGRO', '50180', 'UTEBO', 50, 0, '', '', '', '', 0, 0, 0, 'Alta'),
(3024, 1, '29993466', 14, 4, 26, '', 'TIENDA ORANGE SANTA SUSANNA CC SANTA SUSANNA - LINCE', '', '', 0, 0, 0, 7, 'SANTA SUSANNA CTRA NACIONAL II KM 673 - S/N', '08398', 'SANTA SUSANNA', 8, 0, '', '', '', '', 0, 0, 0, 'Alta'),
(3025, 1, '29993777', 14, 4, 26, '', 'TIENDA ORANGE GAVA CC BARNASUD-LINCE', '', '', 0, 0, 0, 7, 'BARNASUD C/ PROGRES LOCAL 79-80 - 69', '08850', 'GAVA', 8, 0, '', '', '', '', 0, 0, 0, 'Alta'),
(3026, 1, '36000015', 14, 6, 26, '', 'TIENDA ORANGE ORENSE C SAN LAZARO', '', '', 0, 0, 0, 8, 'PARQUE SAN LAZARO - 2', '32003', 'ORENSE', 32, 0, '', '', '', '', 0, 0, 0, 'Alta'),
(3027, 1, '36000020', 14, 6, 26, '', 'TIENDA ORANGE LEON AVDA SAN MARCOS', '', '', 0, 0, 0, 6, 'SAN MARCOS - 2', '24002', 'LEON', 24, 0, '', '', '', '', 0, 0, 0, 'Alta'),
(3028, 1, '36000024', 14, 6, 26, '', 'TIENDA ORANGE GIJON C TOMAS ZARRACINA', '', '', 0, 0, 0, 8, 'TOMAS ZARRACINA - 5', '33206', 'GIJON', 33, 0, '', '', '', '', 0, 0, 0, 'Alta'),
(3029, 1, '36000033', 14, 6, 26, '', 'TIENDA ORANGE SANTIAGO C REPUBLICA EL SALVADOR', '', '', 0, 0, 0, 8, 'REPUBLICA EL SALVADOR - 20', '15701', 'SANTIAGO DE COMPOSTELA', 15, 0, '', '', '', '', 0, 0, 0, 'Alta'),
(3030, 1, '36000040', 14, 6, 26, '', 'TIENDA ORANGE CORU', '', '', 0, 0, 0, 7, 'MARINEDA CTRA BA', '15008', 'LA CORU', 15, 0, '', '', '', '', 0, 0, 0, 'Alta'),
(3031, 1, '36000070', 14, 6, 26, '', 'TIENDA ORANGE FERROL CC ALCAMPO', '', '', 0, 0, 0, 7, 'ALCAMPO FERROL- POLIGONO LA GANDARA LOCAL 16 - S/N', '15047', 'FERROL', 15, 0, '', '981322694', '', '', 0, 0, 0, 'Alta'),
(3032, 1, '36000071', 14, 6, 26, '', 'TIENDA ORANGE VIGO CC TRAVESIA - LINCE', '', '', 0, 0, 0, 7, 'O TRONCAL TRAVESIA DE VIGO - S/N (L B12)', '36207', 'VIGO', 36, 0, '', '', '', '', 0, 0, 0, 'Alta'),
(3033, 1, '39446628', 14, 6, 26, '', 'TIENDA ORANGE PONFERRADA CC EL ROSAL-LINCE', '', '', 0, 0, 0, 7, 'EL ROSAL - LOCAL 159 A2 AVDA CONSTITUCION - 2', '24400', 'PONFERRADA', 24, 0, '', '', '', '', 0, 0, 0, 'Alta'),
(3034, 1, '39990043', 14, 6, 26, '', 'TIENDA ORANGE VIGO PZA AMERICA-LINCE', '', '', 0, 0, 0, 20, 'AMERICA - 3', '36211', 'VIGO', 36, 0, '', '', '', '', 0, 0, 0, 'Alta'),
(3035, 1, '46000068', 14, 5, 26, '', 'TIENDA ORANGE ALFAFAR CC CARREFOUR ALFAFAR', '', '', 0, 0, 0, 7, 'CARREFOUR ALFAFAR AVDA ALBUFERA - S/N', '46910', 'ALFAFAR', 46, 0, '', '963960386', '', '', 0, 0, 0, 'Alta'),
(3036, 1, '46000073', 14, 5, 26, '', 'TIENDA ORANGE PALMA DE MALLORCA CC CARREFOUR COLL', '', '', 0, 0, 0, 7, 'CARREFOUR COLL D', '07007', 'PALMA DE MALLORCA', 7, 0, '', '', '', '', 0, 0, 0, 'Alta'),
(3037, 1, '46000074', 14, 5, 26, '', 'TIENDA ORANGE PALMA DE MALLORCA AVD JAIME III', '', '', 0, 0, 0, 6, 'JAUME III - 13', '07012', 'PALMA DE MALLORCA', 7, 0, '', '', '', '', 0, 0, 0, 'Alta'),
(3038, 1, '46000083', 14, 5, 26, '', 'TIENDA ORANGE SAGUNTO CC CARREFOUR SAGUNTO-LINCE', '', '', 0, 0, 0, 7, 'CARREFOUR SAGUNTO LOCAL 3 SAGUNTO PUERTO SAGUNTO KM 2 - S/N', '46500', 'SAGUNTO', 46, 0, '', '', '', '', 0, 0, 0, 'Alta'),
(3039, 1, '46000086', 14, 5, 26, '', 'TIENDA ORANGE PALMA DE MALLORCA AVD ARGENTINA - LINCE', '', '', 0, 0, 0, 6, 'ARGENTINA - 8', '07011', 'PALMA DE MALLORCA', 7, 0, '', '', '', '', 0, 0, 0, 'Alta'),
(3040, 1, '46000098', 14, 5, 26, '', 'TIENDA ORANGE MURCIA CC EROSKI INFANTE - LINCE', '', '', 0, 0, 0, 6, 'LOPE DE VEGA - S/N (L2)', '30011', 'MURCIA', 30, 0, '', '', '', '', 0, 0, 0, 'Alta'),
(3041, 1, '46000099', 14, 5, 26, '', 'TIENDA ORANGE MURCIA CC NUEVA CONDOMINA', '', '', 0, 0, 0, 14, 'MURCIA ALICANTE - S/N (L B60)', '30110', 'MURCIA', 30, 0, '', '', '', '', 0, 0, 0, 'Alta'),
(3042, 1, '46000102', 14, 5, 26, '', 'TIENDA ORANGE ALBACETE HELLIN C FEDERICO COULLAUT VALERA-LINCE', '', '', 0, 0, 0, 8, 'FEDERICO COULLAUT VALERA - 2', '02400', 'HELLIN', 2, 0, '', '', '', '', 0, 0, 0, 'Alta'),
(3043, 1, '46000103', 14, 5, 26, '', 'TIENDA ORANGE ALMANSA C SAN FRANCISCO DE ASIS - LINCE', '', '', 0, 0, 0, 8, 'SAN FRANCISCO DE ASIS - 8', '02640', 'ALMANSA', 2, 0, '', '967310695', '', '', 0, 0, 0, 'Alta'),
(3044, 1, '46000104', 14, 5, 26, '', 'TIENDA ORANGE YECLA C HOSPITAL -LINCE', '', '', 0, 0, 0, 8, 'HOSPITAL - 2', '30510', 'YECLA', 30, 0, '', '', '', '', 0, 0, 0, 'Alta'),
(3045, 1, '46000108', 14, 5, 26, '', 'TIENDA ORANGE ORIHUELA CC OCIOPIA-LINCE', '', '', 0, 0, 0, 8, 'OBISPO VICTORIO OLIVER  - 2 (L9)', '03300', 'ORIHUELA', 3, 0, '', '', '', '', 0, 0, 0, 'Alta'),
(3046, 1, '46000109', 14, 5, 26, '', 'TIENDA ORANGE FINESTRAT CC LA MARINA - LINCE', '', '', 0, 0, 0, 6, 'PAIS VALENCIA - 2', '03509', 'FINESTRAT', 3, 0, '', '965851669', '', '', 0, 0, 0, 'Alta'),
(3047, 1, '46000114', 14, 5, 26, '', 'TIENDA ORANGE ALICANTE C REYES CATOLICOS - LINCE', '', '', 0, 0, 0, 8, 'REYES CATOLICOS - 25', '03003', 'ALICANTE', 3, 0, '', '965125790', '', '', 0, 0, 0, 'Alta'),
(3048, 1, '46000159', 14, 5, 26, '', 'TIENDA ORANGE CARCAIXENT CC RIBERA DEL XUQUER', '', '', 0, 0, 0, 7, 'RIBERA DEL XUQUER C/ BOTICARI BODI - S/N', '46740', 'CARCAIXENT', 46, 0, '', '962461194', '', '', 0, 0, 0, 'Alta'),
(3049, 1, '49440034', 14, 5, 26, '', 'TIENDA ORANGE NULES AVDA DIAGONAL-LINCE', '', '', 0, 0, 0, 6, 'DIAGONAL - 21', '12520', 'NULES', 12, 0, '', '', '', '', 0, 0, 0, 'Alta'),
(3050, 1, '49440173', 14, 5, 26, '', 'TIENDA ORANGE ALAQUAS AVD BLASCO IBA', '', '', 0, 0, 0, 6, 'BLASCO IBA', '46970', 'ALAQUAS', 46, 0, '', '961051228', '', '', 0, 0, 0, 'Alta'),
(3051, 1, '49447230', 14, 5, 26, '', 'TIENDA ORANGE MISLATA AVD GREGORIO GEA - LINCE', '', '', 0, 0, 0, 6, 'GREGORIO GEA - 36', '46920', 'MISLATA', 46, 0, '', '', '', '', 0, 0, 0, 'Alta'),
(3052, 1, '49990008', 14, 5, 26, '', 'TIENDA ORANGE ALICANTE C DEVESA-LINCE', '', '', 0, 0, 0, 8, 'DEVESA - 1', '03010', 'ALICANTE', 3, 0, '', '966148792', '', '', 0, 0, 0, 'Alta'),
(3053, 1, '49990072', 14, 5, 26, '', 'TIENDA ORANGE BENICARLO C JUAN CARLOS I -LINCE', '', '', 0, 0, 0, 8, 'JUAN CARLOS I - 26 BAJO', '12580', 'BENICARLO', 12, 0, '', '964470863', '', '', 0, 0, 0, 'Alta'),
(3054, 1, '49990075', 14, 5, 26, '', 'TIENDA ORANGE VINAROZ PLZA JOVELLAR-LINCE', '', '', 0, 0, 0, 20, 'JOVELLAR - 8', '12500', 'VINAROZ', 12, 0, '', '', '', '', 0, 0, 0, 'Alta'),
(3055, 1, '56000012', 14, 3, 26, '', 'TIENDA ORANGE MOTRIL AVD ANDALUCIA-LINCE', '', '', 0, 0, 0, 6, 'ANDALUCIA - 12', '18600', 'MOTRIL', 18, 0, '', '', '', '', 0, 0, 0, 'Alta'),
(3056, 1, '56000029', 14, 3, 26, '', 'TIENDA ORANGE BADAJOZ CC CARREFOUR VALVERDE-LINCE', '', '', 0, 0, 0, 7, 'CARREFOUR CTRA VALVERDE - S/N (L 4', '06010', 'BADAJOZ', 6, 0, '', '924255221', '', '', 0, 0, 0, 'Alta'),
(3057, 1, '56000030', 14, 3, 26, '', 'TIENDA ORANGE MARBELLA CC LA CA', '', '', 0, 0, 0, 7, 'LA CA', '29603', 'MARBELLA', 29, 0, '', '', '', '', 0, 0, 0, 'Alta'),
(3058, 1, '56000040', 14, 3, 26, '', 'TIENDA ORANGE PLASENCIA C SOL', '', '', 0, 0, 0, 8, 'SOL - 1', '10600', 'PLASENCIA', 10, 0, '', '', '', '', 0, 0, 0, 'Alta'),
(3059, 1, '56000051', 14, 3, 26, '', 'TIENDA ORANGE CORDOBA C REYES CATOLICOS', '', '', 0, 0, 0, 8, 'REYES CATOLICOS - 2 ESQ AVDA GRAN CAPITAN', '14001', 'CORDOBA', 14, 0, '', '957481438', '', '', 0, 0, 0, 'Alta'),
(3060, 1, '56000069', 14, 3, 26, '', 'TIENDA ORANGE SEVILLA C MARIA AUXILIADORA-LINCE', '', '', 0, 0, 0, 8, 'MARIA AUXILIADORA - 14 (L', '41003', 'SEVILLA', 41, 0, '', '', '', '', 0, 0, 0, 'Alta'),
(3061, 1, '56000088', 14, 3, 26, '', 'TIENDA ORANGE GRANADA AVD GRAN CAPITAN', '', '', 0, 0, 0, 8, 'GRAN CAPITAN - 27', '18002', 'GRANADA', 18, 0, '', '', '', '', 0, 0, 0, 'Alta'),
(3062, 1, '56000102', 14, 3, 26, '', 'TIENDA ORANGE GRANADA AVDA DE LA CONSTITUCION-LINCE', '', '', 0, 0, 0, 6, 'CONSTITUCION - 33-36', '18014', 'GRANADA', 18, 0, '', '', '', '', 0, 0, 0, 'Alta'),
(3063, 1, '56000146', 14, 3, 26, '', 'TIENDA ORANGE JEREZ DE LA FRONTERA CENTRO', '', '', 0, 0, 0, 8, 'LARGA - 27', '11402', 'JEREZ DE LA FRONTERA', 11, 0, '', '', '', '', 0, 0, 0, 'Alta'),
(3064, 1, '56000154', 14, 3, 26, '', 'TIENDA ORANGE SEVILLA CC ALCAMPO - LINCE', '', '', 0, 0, 0, 22, 'DEL TAMARGUILLO - 27 (L14)', '41006', 'SEVILLA', 41, 0, '', '', '', '', 0, 0, 0, 'Alta'),
(3065, 1, '56000199', 14, 3, 26, '', 'TIENDA ORANGE GRANADA C RECOGIDAS', '', '', 0, 0, 0, 8, 'RECOGIDAS - 6', '18002', 'GRANADA', 18, 0, '', '', '', '', 0, 0, 0, 'Alta'),
(3066, 1, '56000201', 14, 3, 26, '', 'TIENDA ORANGE SEVILLA C AGRICULTORES-LINCE', '', '', 0, 0, 0, 8, 'AGRICULTORES - 1', '41015', 'SEVILLA', 41, 0, '', '', '', '', 0, 0, 0, 'Alta'),
(3067, 1, '59440112', 14, 3, 26, '', 'TIENDA ORANGE ROQUETAS AVDA JUAN CARLOS I-LINCE', '', '', 0, 0, 0, 6, 'JUAN CARLOS I - 54 (L 1 DCHA', '04740', 'ROQUETAS DE MAR', 4, 0, '', '', '', '', 0, 0, 0, 'Alta'),
(3068, 1, '59440187', 14, 3, 26, '', 'TIENDA ORANGE SEVILLA AVDA EMILIO LEMOS-LINCE', '', '', 0, 0, 0, 7, 'PARQUE COMERCIAL SEVILLA ESTE AVDA EMILIO LEMOS ESQ/TAIWAN - S/N', '41020', 'SEVILLA', 41, 0, '', '', '', '', 0, 0, 0, 'Alta'),
(3069, 1, '59447408', 14, 3, 26, '', 'TIENDA ORANGE GUADIX C OBISPO-LINCE', '', '', 0, 0, 0, 8, 'OBISPO MEDINA OLMOS - 15 BAJO', '18500', 'GUADIX', 18, 0, '', '', '', '', 0, 0, 0, 'Alta'),
(3070, 1, '59449408', 14, 3, 26, '', 'TIENDA ORANGE MALAGA CC RINCON DE LA VICTORIA', '', '', 0, 0, 0, 7, 'RINCON DE LA VICTORIA C/ARROYO TOTALAN - S/N (L', '29730', 'RINCON DE LA VICTORIA', 29, 0, '', '', '', '', 0, 0, 0, 'Alta'),
(3071, 1, '59990065', 14, 3, 26, '', 'TIENDA ORANGE TORREMOLINOS CC EL PINILLO-LINCE', '', '', 0, 0, 0, 7, 'CARREFOUR EL PINILLO C/ DEL PINILLO - S/N (L 37', '29620', 'TORREMOLINOS', 29, 0, '', '', '', '', 0, 0, 0, 'Alta'),
(3072, 1, '66000020', 14, 3, 26, '', 'TIENDA ORANGE LANZAROTE C LEON Y CASTILLO', '', '', 0, 0, 0, 8, 'LEON Y CASTILLO - 9', '35550', 'ARRECIFE', 35, 0, '', '928807260', '', '', 0, 0, 0, 'Alta'),
(3073, 1, '66000023', 14, 3, 26, '', 'TIENDA ORANGE STA CRUZ TENERIFE C SUAREZ GUERRA-LINCE', '', '', 0, 0, 0, 8, 'SUAREZ GUERRA - 50', '38002', 'SANTA CRUZ DE TENERIFE', 38, 0, '', '', '', '', 0, 0, 0, 'Alta'),
(3074, 1, '66000027', 14, 3, 26, '', 'TIENDA ORANGE LAS PALMAS CC ALCAMPO TELDE-LINCE', '', '', 0, 0, 0, 7, 'ALCAMPO TELDE LUGAR FINCA LA MARETA - 1 LCL 2', '35212', 'TELDE', 35, 0, '', '', '', '', 0, 0, 0, 'Alta'),
(3075, 1, '66000028', 14, 3, 26, '', 'TIENDA ORANGE TENERIFE CC LA LAGUNA', '', '', 0, 0, 0, 7, 'ALCAMPO AUTOPISTA TF-2 SALIDA LAS CHUMBERAS - S/N', '38296', 'SAN CRISTOBAL DE LA LAGUNA', 38, 0, '', '', '', '', 0, 0, 0, 'Alta'),
(3076, 1, '69440039', 14, 3, 26, '', 'TIENDA ORANGE CANDELARIA CC PUNTA LARGA-LINCE', '', '', 0, 0, 0, 7, 'PUNTA LARGA RAMBLA LOS MENCEYES - S/N (L 105', '38530', 'CANDELARIA', 38, 0, '', '922956668', '', '', 0, 0, 0, 'Alta'),
(3077, 1, '76000007', 14, 7, 26, '', 'TIENDA ORANGE VITORIA C POSTAS-LINCE', '', '', 0, 0, 0, 8, 'POSTAS - 2', '01001', 'VITORIA', 1, 0, '', '', '', '', 0, 0, 0, 'Alta'),
(3078, 1, '76000034', 14, 7, 26, '', 'TIENDA ORANGE SAN SEBASTIAN C TXURRUCA', '', '', 0, 0, 0, 8, 'CHURRUCA - 2', '20004', 'SAN SEBASTIAN', 20, 0, '', '', '', '', 0, 0, 0, 'Alta'),
(3079, 1, '76000045', 14, 7, 26, '', 'TIENDA ORANGE GETXO C MAYOR', '', '', 0, 0, 0, 8, 'MAYOR - 31', '48930', 'GETXO', 48, 0, '', '', '', '', 0, 0, 0, 'Alta'),
(3080, 1, '76000046', 14, 7, 26, '', 'TIENDA ORANGE BILBAO C CARMELO', '', '', 0, 0, 0, 8, 'CARMELO - 11', '48004', 'BILBAO', 48, 0, '', '944113830', '', '', 0, 0, 0, 'Alta'),
(3081, 1, '76000050', 14, 7, 26, '', 'TIENDA ORANGE VITORIA CC LAKUA - LINCE', '', '', 0, 0, 0, 7, 'LAKUA LOCAL B4 C/ DUQUE DE WELLINGTON - 6', '01010', 'VITORIA', 1, 0, '', '', '', '', 0, 0, 0, 'Alta'),
(3082, 1, '79990007', 14, 7, 26, '', 'TIENDA ORANGE VITORIA CC DENDARABA-LINCE', '', '', 0, 0, 0, 7, 'DEDENDARABA C/PAZ - 7', '01004', 'VITORIA', 1, 0, '', '', '', '', 0, 0, 0, 'Alta');

--
-- Triggers `pds`
--
DELIMITER //
CREATE TRIGGER `m2_totales_create` BEFORE INSERT ON `pds`
 FOR EACH ROW SET NEW.m2_total = NEW.m2_fo + NEW.m2_bo
//
DELIMITER ;
DELIMITER //
CREATE TRIGGER `m2_totales_update` BEFORE UPDATE ON `pds`
 FOR EACH ROW SET NEW.m2_total = NEW.m2_fo + NEW.m2_bo
//
DELIMITER ;

-- --------------------------------------------------------

--
-- Table structure for table `province`
--

CREATE TABLE IF NOT EXISTS `province` (
  `id_province` smallint(6) unsigned NOT NULL,
  `province` varchar(30) NOT NULL
) ENGINE=InnoDB DEFAULT CHARSET=utf8;

--
-- Dumping data for table `province`
--

INSERT INTO `province` (`id_province`, `province`) VALUES
(2, 'Albacete'),
(3, 'Alicante/Alacant'),
(4, 'Almera'),
(1, 'Araba/lava'),
(33, 'Asturias'),
(5, 'vila'),
(6, 'Badajoz'),
(7, 'Balears, Illes'),
(8, 'Barcelona'),
(48, 'Bizkaia'),
(9, 'Burgos'),
(10, 'Cceres'),
(11, 'Cdiz'),
(39, 'Cantabria'),
(12, 'Castelln/Castell'),
(51, 'Ceuta'),
(13, 'Ciudad Real'),
(14, 'Crdoba'),
(15, 'Corua, A'),
(16, 'Cuenca'),
(20, 'Gipuzkoa'),
(17, 'Girona'),
(18, 'Granada'),
(19, 'Guadalajara'),
(21, 'Huelva'),
(22, 'Huesca'),
(23, 'Jan'),
(24, 'Len'),
(25, 'Lleida'),
(27, 'Lugo'),
(28, 'Madrid'),
(29, 'Mlaga'),
(52, 'Melilla'),
(30, 'Murcia'),
(31, 'Navarra'),
(32, 'Ourense'),
(34, 'Palencia'),
(35, 'Palmas, Las'),
(36, 'Pontevedra'),
(26, 'Rioja, La'),
(37, 'Salamanca'),
(38, 'Santa Cruz de Tenerife'),
(40, 'Segovia'),
(41, 'Sevilla'),
(42, 'Soria'),
(43, 'Tarragona'),
(44, 'Teruel'),
(45, 'Toledo'),
(46, 'Valencia/Valncia'),
(47, 'Valladolid'),
(49, 'Zamora'),
(50, 'Zaragoza');

-- --------------------------------------------------------

--
-- Table structure for table `status_device`
--

CREATE TABLE IF NOT EXISTS `status_device` (
`id_status_device` tinyint(3) unsigned NOT NULL,
  `status_device` varchar(200) NOT NULL
) ENGINE=InnoDB AUTO_INCREMENT=4 DEFAULT CHARSET=utf8;

--
-- Dumping data for table `status_device`
--

INSERT INTO `status_device` (`id_status_device`, `status_device`) VALUES
(1, 'Nuevo'),
(2, 'Usado / Poco'),
(3, 'Usado / Trasera rayada');

-- --------------------------------------------------------

--
-- Table structure for table `status_packaging_device`
--

CREATE TABLE IF NOT EXISTS `status_packaging_device` (
`id_status_packaging_device` tinyint(3) unsigned NOT NULL,
  `status_packaging_device` varchar(200) NOT NULL
) ENGINE=InnoDB AUTO_INCREMENT=13 DEFAULT CHARSET=utf8;

--
-- Dumping data for table `status_packaging_device`
--

INSERT INTO `status_packaging_device` (`id_status_packaging_device`, `status_packaging_device`) VALUES
(4, 'Abierto'),
(5, 'Caja demo'),
(6, 'Cerrado con precinto seguridad ICS'),
(7, 'Embolsado'),
(8, 'Embolsado sin proteccin'),
(9, 'Original'),
(10, 'Pegatina quitada'),
(11, 'Precintado'),
(12, 'Sin sellar');

-- --------------------------------------------------------

--
-- Table structure for table `territory`
--

CREATE TABLE IF NOT EXISTS `territory` (
`id_territory` tinyint(3) unsigned NOT NULL,
  `territory` varchar(100) NOT NULL
) ENGINE=InnoDB AUTO_INCREMENT=8 DEFAULT CHARSET=utf8;

--
-- Dumping data for table `territory`
--

INSERT INTO `territory` (`id_territory`, `territory`) VALUES
(1, 'CENTRO'),
(4, 'ESTE'),
(5, 'LEVANTE'),
(6, 'NORTE'),
(7, 'PAIS VASCO'),
(3, 'SUR');

-- --------------------------------------------------------

--
-- Table structure for table `type_alarm`
--

CREATE TABLE IF NOT EXISTS `type_alarm` (
`id_type_alarm` tinyint(3) unsigned NOT NULL,
  `type` varchar(100) NOT NULL
) ENGINE=InnoDB AUTO_INCREMENT=58 DEFAULT CHARSET=utf8;

--
-- Dumping data for table `type_alarm`
--

INSERT INTO `type_alarm` (`id_type_alarm`, `type`) VALUES
(31, 'abrazadera'),
(32, 'botn desconexin'),
(33, 'brazo'),
(34, 'cable'),
(36, 'cable iphone'),
(37, 'cable micro usb 20cm'),
(38, 'cable micro usb 8cm'),
(39, 'cargador llave'),
(40, 'central programacin'),
(41, 'centralita 4 conexiones'),
(42, 'centralita 8 conexiones'),
(43, 'fuente alimentacin'),
(44, 'herramienta'),
(45, 'llave'),
(46, 'llave mute'),
(47, 'llave on/off'),
(48, 'llave programacin'),
(49, 'pegatina'),
(50, 'pegatina centralita'),
(51, 'pegatina sensor'),
(52, 'rosca'),
(53, 'sensor'),
(54, 'soporte tablet'),
(55, 'varilla smartphone'),
(56, 'varilla tablet'),
(57, 'varios');

-- --------------------------------------------------------

--
-- Table structure for table `type_device`
--

CREATE TABLE IF NOT EXISTS `type_device` (
`id_type_device` tinyint(3) unsigned NOT NULL,
  `type` varchar(100) NOT NULL
) ENGINE=InnoDB AUTO_INCREMENT=6 DEFAULT CHARSET=utf8;

--
-- Dumping data for table `type_device`
--

INSERT INTO `type_device` (`id_type_device`, `type`) VALUES
(3, 'Accesorio'),
(1, 'Smartphone'),
(4, 'Smartwatch'),
(2, 'Tablet'),
(5, 'Wearable');

-- --------------------------------------------------------

--
-- Table structure for table `type_pds`
--

CREATE TABLE IF NOT EXISTS `type_pds` (
`id_type_pds` tinyint(3) unsigned NOT NULL,
  `client_type_pds` tinyint(3) unsigned NOT NULL,
  `pds` varchar(100) NOT NULL,
  `description` text,
  `status` enum('Alta','Baja') NOT NULL DEFAULT 'Alta'
) ENGINE=InnoDB AUTO_INCREMENT=24 DEFAULT CHARSET=utf8;

--
-- Dumping data for table `type_pds`
--

INSERT INTO `type_pds` (`id_type_pds`, `client_type_pds`, `pds`, `description`, `status`) VALUES
(13, 1, 'DHO NEXT PLUS', '', 'Alta'),
(14, 1, 'TTPP/FF', '', 'Alta'),
(15, 1, 'ECI', '', 'Alta'),
(16, 1, 'DHO GGSS MEDIAMARKT', '', 'Alta'),
(17, 1, 'DHO GGSS ALCAMPO', '', 'Alta'),
(18, 1, 'DHO GGSS CARREFOUR', '', 'Alta'),
(19, 1, 'MAIN', '', 'Alta'),
(20, 1, 'DHO GGSS E.LECLERC', '', 'Alta'),
(21, 1, 'TIENDA MOVIL', '', 'Alta'),
(22, 1, 'TELANDCOM', '', 'Alta'),
(23, 2, 'Almacn', '', 'Alta');

-- --------------------------------------------------------

--
-- Table structure for table `type_profile`
--

CREATE TABLE IF NOT EXISTS `type_profile` (
`id_type_profile` tinyint(3) unsigned NOT NULL,
  `type` varchar(100) NOT NULL
) ENGINE=InnoDB AUTO_INCREMENT=6 DEFAULT CHARSET=utf8;

--
-- Dumping data for table `type_profile`
--

INSERT INTO `type_profile` (`id_type_profile`, `type`) VALUES
(5, 'Agente'),
(2, 'Fabricante'),
(4, 'Instalador'),
(1, 'Operador'),
(3, 'Proveedor');

-- --------------------------------------------------------

--
-- Table structure for table `type_via`
--

CREATE TABLE IF NOT EXISTS `type_via` (
`id_type_via` tinyint(3) unsigned NOT NULL,
  `via` varchar(100) NOT NULL
) ENGINE=InnoDB AUTO_INCREMENT=30 DEFAULT CHARSET=utf8;

--
-- Dumping data for table `type_via`
--

INSERT INTO `type_via` (`id_type_via`, `via`) VALUES
(1, 'Acceso'),
(2, 'Acera'),
(3, 'Alameda'),
(4, 'Autopista'),
(5, 'Autova'),
(6, 'Avenida'),
(7, 'C. Comercial'),
(8, 'Calle'),
(9, 'Callejn'),
(10, 'Camino'),
(11, 'Caada'),
(12, 'Carrer'),
(13, 'Carrera'),
(14, 'Carretera'),
(15, 'Cuesta'),
(27, 'Explanada'),
(16, 'Glorieta'),
(17, 'Pasadizo'),
(18, 'Pasaje'),
(19, 'Paseo'),
(20, 'Plaza'),
(28, 'Plazoleta'),
(29, 'Polgono'),
(21, 'Rambla'),
(22, 'Ronda'),
(23, 'Sendero'),
(24, 'Travesa'),
(25, 'Urbanizacin'),
(26, 'Va');

-- --------------------------------------------------------

--
-- Table structure for table `users`
--

CREATE TABLE IF NOT EXISTS `users` (
`id` int(11) unsigned NOT NULL,
  `ip_address` varchar(15) NOT NULL,
  `username` varchar(100) NOT NULL,
  `password` varchar(255) NOT NULL,
  `salt` varchar(255) DEFAULT NULL,
  `email` varchar(100) NOT NULL,
  `activation_code` varchar(40) DEFAULT NULL,
  `forgotten_password_code` varchar(40) DEFAULT NULL,
  `forgotten_password_time` int(11) unsigned DEFAULT NULL,
  `remember_code` varchar(40) DEFAULT NULL,
  `created_on` int(11) unsigned NOT NULL,
  `last_login` int(11) unsigned DEFAULT NULL,
  `active` tinyint(1) unsigned DEFAULT NULL,
  `first_name` varchar(50) DEFAULT NULL,
  `last_name` varchar(50) DEFAULT NULL,
  `company` varchar(100) DEFAULT NULL,
  `phone` varchar(20) DEFAULT NULL
) ENGINE=InnoDB AUTO_INCREMENT=2 DEFAULT CHARSET=utf8;

--
-- Dumping data for table `users`
--

INSERT INTO `users` (`id`, `ip_address`, `username`, `password`, `salt`, `email`, `activation_code`, `forgotten_password_code`, `forgotten_password_time`, `remember_code`, `created_on`, `last_login`, `active`, `first_name`, `last_name`, `company`, `phone`) VALUES
(1, '127.0.0.1', 'gzapico', '$2y$08$Vvox9aCbxuOc/f.KoyG96umehGNSAVh3s3orvb9QSpPWaHWqsrMbW', '', 'gzapico@altabox.net', '', '7HY4YQoKCRYe3RKBdes1O.a0c209e589ae0b76b9', 1422976432, NULL, 1268889823, 1422971565, 1, 'Gustavo', 'Zapico', 'Altabox', '+34608037206');

-- --------------------------------------------------------

--
-- Table structure for table `users_groups`
--

CREATE TABLE IF NOT EXISTS `users_groups` (
`id` int(11) unsigned NOT NULL,
  `user_id` int(11) unsigned NOT NULL,
  `group_id` mediumint(8) unsigned NOT NULL
) ENGINE=InnoDB AUTO_INCREMENT=5 DEFAULT CHARSET=utf8;

--
-- Dumping data for table `users_groups`
--

INSERT INTO `users_groups` (`id`, `user_id`, `group_id`) VALUES
(3, 1, 1),
(4, 1, 2);

--
-- Indexes for dumped tables
--

--
-- Indexes for table `agent`
--
ALTER TABLE `agent`
 ADD PRIMARY KEY (`agent_id`);

--
-- Indexes for table `alarm`
--
ALTER TABLE `alarm`
 ADD PRIMARY KEY (`id_alarm`);

--
-- Indexes for table `alarms_device_display`
--
ALTER TABLE `alarms_device_display`
 ADD PRIMARY KEY (`id_alarms_device_display`);

--
-- Indexes for table `alarms_device_pds`
--
ALTER TABLE `alarms_device_pds`
 ADD PRIMARY KEY (`id_alarms_device_pds`);

--
-- Indexes for table `alarms_display`
--
ALTER TABLE `alarms_display`
 ADD PRIMARY KEY (`id_alarms_display`);

--
-- Indexes for table `alarms_display_pds`
--
ALTER TABLE `alarms_display_pds`
 ADD PRIMARY KEY (`id_alarms_display_pds`);

--
-- Indexes for table `brand_alarm`
--
ALTER TABLE `brand_alarm`
 ADD PRIMARY KEY (`id_brand_alarm`), ADD UNIQUE KEY `brand_UNIQUE` (`brand`);

--
-- Indexes for table `brand_device`
--
ALTER TABLE `brand_device`
 ADD PRIMARY KEY (`id_brand_device`), ADD UNIQUE KEY `brand_UNIQUE` (`brand`);

--
-- Indexes for table `ci_sessions`
--
ALTER TABLE `ci_sessions`
 ADD PRIMARY KEY (`session_id`);

--
-- Indexes for table `client`
--
ALTER TABLE `client`
 ADD PRIMARY KEY (`id_client`), ADD UNIQUE KEY `client` (`client`);

--
-- Indexes for table `color_device`
--
ALTER TABLE `color_device`
 ADD PRIMARY KEY (`id_color_device`), ADD UNIQUE KEY `color_device` (`color_device`);

--
-- Indexes for table `complement_device`
--
ALTER TABLE `complement_device`
 ADD PRIMARY KEY (`id_complement_device`), ADD UNIQUE KEY `complement_device` (`complement_device`);

--
-- Indexes for table `contact`
--
ALTER TABLE `contact`
 ADD PRIMARY KEY (`id_contact`);

--
-- Indexes for table `county`
--
ALTER TABLE `county`
 ADD PRIMARY KEY (`id_county`), ADD UNIQUE KEY `county_UNIQUE` (`county`);

--
-- Indexes for table `device`
--
ALTER TABLE `device`
 ADD PRIMARY KEY (`id_device`);

--
-- Indexes for table `devices_display`
--
ALTER TABLE `devices_display`
 ADD PRIMARY KEY (`id_devices_display`);

--
-- Indexes for table `devices_pds`
--
ALTER TABLE `devices_pds`
 ADD PRIMARY KEY (`id_devices_pds`);

--
-- Indexes for table `display`
--
ALTER TABLE `display`
 ADD PRIMARY KEY (`id_display`);

--
-- Indexes for table `displays_panelado`
--
ALTER TABLE `displays_panelado`
 ADD PRIMARY KEY (`id_displays_panelado`);

--
-- Indexes for table `displays_pds`
--
ALTER TABLE `displays_pds`
 ADD PRIMARY KEY (`id_displays_pds`);

--
-- Indexes for table `groups`
--
ALTER TABLE `groups`
 ADD PRIMARY KEY (`id`);

--
-- Indexes for table `incidencias`
--
ALTER TABLE `incidencias`
 ADD PRIMARY KEY (`id_incidencia`);

--
-- Indexes for table `login_attempts`
--
ALTER TABLE `login_attempts`
 ADD PRIMARY KEY (`id`);

--
-- Indexes for table `panelado`
--
ALTER TABLE `panelado`
 ADD PRIMARY KEY (`id_panelado`);

--
-- Indexes for table `pds`
--
ALTER TABLE `pds`
 ADD PRIMARY KEY (`id_pds`,`reference`);

--
-- Indexes for table `province`
--
ALTER TABLE `province`
 ADD PRIMARY KEY (`id_province`), ADD UNIQUE KEY `province_UNIQUE` (`province`), ADD UNIQUE KEY `id_province_UNIQUE` (`id_province`);

--
-- Indexes for table `status_device`
--
ALTER TABLE `status_device`
 ADD PRIMARY KEY (`id_status_device`), ADD UNIQUE KEY `status_device` (`status_device`);

--
-- Indexes for table `status_packaging_device`
--
ALTER TABLE `status_packaging_device`
 ADD PRIMARY KEY (`id_status_packaging_device`), ADD UNIQUE KEY `status_packaging_device` (`status_packaging_device`);

--
-- Indexes for table `territory`
--
ALTER TABLE `territory`
 ADD PRIMARY KEY (`id_territory`), ADD UNIQUE KEY `territory` (`territory`);

--
-- Indexes for table `type_alarm`
--
ALTER TABLE `type_alarm`
 ADD PRIMARY KEY (`id_type_alarm`), ADD UNIQUE KEY `type_UNIQUE` (`type`);

--
-- Indexes for table `type_device`
--
ALTER TABLE `type_device`
 ADD PRIMARY KEY (`id_type_device`), ADD UNIQUE KEY `type_UNIQUE` (`type`);

--
-- Indexes for table `type_pds`
--
ALTER TABLE `type_pds`
 ADD PRIMARY KEY (`id_type_pds`);

--
-- Indexes for table `type_profile`
--
ALTER TABLE `type_profile`
 ADD PRIMARY KEY (`id_type_profile`), ADD UNIQUE KEY `type_UNIQUE` (`type`);

--
-- Indexes for table `type_via`
--
ALTER TABLE `type_via`
 ADD PRIMARY KEY (`id_type_via`), ADD UNIQUE KEY `via_UNIQUE` (`via`);

--
-- Indexes for table `users`
--
ALTER TABLE `users`
 ADD PRIMARY KEY (`id`);

--
-- Indexes for table `users_groups`
--
ALTER TABLE `users_groups`
 ADD PRIMARY KEY (`id`), ADD UNIQUE KEY `uc_users_groups` (`user_id`,`group_id`), ADD KEY `fk_users_groups_users1_idx` (`user_id`), ADD KEY `fk_users_groups_groups1_idx` (`group_id`);

--
-- AUTO_INCREMENT for dumped tables
--

--
-- AUTO_INCREMENT for table `agent`
--
ALTER TABLE `agent`
MODIFY `agent_id` int(10) unsigned NOT NULL AUTO_INCREMENT,AUTO_INCREMENT=1546;
--
-- AUTO_INCREMENT for table `alarm`
--
ALTER TABLE `alarm`
MODIFY `id_alarm` smallint(5) unsigned NOT NULL AUTO_INCREMENT,AUTO_INCREMENT=106;
--
-- AUTO_INCREMENT for table `alarms_device_display`
--
ALTER TABLE `alarms_device_display`
MODIFY `id_alarms_device_display` mediumint(8) unsigned NOT NULL AUTO_INCREMENT;
--
-- AUTO_INCREMENT for table `alarms_device_pds`
--
ALTER TABLE `alarms_device_pds`
MODIFY `id_alarms_device_pds` mediumint(8) unsigned NOT NULL AUTO_INCREMENT,AUTO_INCREMENT=6;
--
-- AUTO_INCREMENT for table `alarms_display`
--
ALTER TABLE `alarms_display`
MODIFY `id_alarms_display` mediumint(8) unsigned NOT NULL AUTO_INCREMENT;
--
-- AUTO_INCREMENT for table `alarms_display_pds`
--
ALTER TABLE `alarms_display_pds`
MODIFY `id_alarms_display_pds` mediumint(8) unsigned NOT NULL AUTO_INCREMENT,AUTO_INCREMENT=5;
--
-- AUTO_INCREMENT for table `brand_alarm`
--
ALTER TABLE `brand_alarm`
MODIFY `id_brand_alarm` smallint(5) unsigned NOT NULL AUTO_INCREMENT,AUTO_INCREMENT=6;
--
-- AUTO_INCREMENT for table `brand_device`
--
ALTER TABLE `brand_device`
MODIFY `id_brand_device` smallint(5) unsigned NOT NULL AUTO_INCREMENT,AUTO_INCREMENT=18;
--
-- AUTO_INCREMENT for table `client`
--
ALTER TABLE `client`
MODIFY `id_client` tinyint(3) unsigned NOT NULL AUTO_INCREMENT,AUTO_INCREMENT=4;
--
-- AUTO_INCREMENT for table `color_device`
--
ALTER TABLE `color_device`
MODIFY `id_color_device` tinyint(3) unsigned NOT NULL AUTO_INCREMENT,AUTO_INCREMENT=12;
--
-- AUTO_INCREMENT for table `complement_device`
--
ALTER TABLE `complement_device`
MODIFY `id_complement_device` tinyint(3) unsigned NOT NULL AUTO_INCREMENT,AUTO_INCREMENT=7;
--
-- AUTO_INCREMENT for table `contact`
--
ALTER TABLE `contact`
MODIFY `id_contact` smallint(5) unsigned NOT NULL AUTO_INCREMENT,AUTO_INCREMENT=4;
--
-- AUTO_INCREMENT for table `county`
--
ALTER TABLE `county`
MODIFY `id_county` tinyint(4) unsigned NOT NULL AUTO_INCREMENT,AUTO_INCREMENT=20;
--
-- AUTO_INCREMENT for table `device`
--
ALTER TABLE `device`
MODIFY `id_device` smallint(5) unsigned NOT NULL AUTO_INCREMENT,AUTO_INCREMENT=80;
--
-- AUTO_INCREMENT for table `devices_display`
--
ALTER TABLE `devices_display`
MODIFY `id_devices_display` smallint(5) unsigned NOT NULL AUTO_INCREMENT,AUTO_INCREMENT=172;
--
-- AUTO_INCREMENT for table `devices_pds`
--
ALTER TABLE `devices_pds`
MODIFY `id_devices_pds` mediumint(8) unsigned NOT NULL AUTO_INCREMENT,AUTO_INCREMENT=7;
--
-- AUTO_INCREMENT for table `display`
--
ALTER TABLE `display`
MODIFY `id_display` tinyint(3) unsigned NOT NULL AUTO_INCREMENT,AUTO_INCREMENT=76;
--
-- AUTO_INCREMENT for table `displays_panelado`
--
ALTER TABLE `displays_panelado`
MODIFY `id_displays_panelado` smallint(5) unsigned NOT NULL AUTO_INCREMENT,AUTO_INCREMENT=296;
--
-- AUTO_INCREMENT for table `displays_pds`
--
ALTER TABLE `displays_pds`
MODIFY `id_displays_pds` smallint(5) unsigned NOT NULL AUTO_INCREMENT,AUTO_INCREMENT=8;
--
-- AUTO_INCREMENT for table `groups`
--
ALTER TABLE `groups`
MODIFY `id` mediumint(8) unsigned NOT NULL AUTO_INCREMENT,AUTO_INCREMENT=3;
--
-- AUTO_INCREMENT for table `incidencias`
--
ALTER TABLE `incidencias`
MODIFY `id_incidencia` int(10) unsigned NOT NULL AUTO_INCREMENT,AUTO_INCREMENT=11;
--
-- AUTO_INCREMENT for table `login_attempts`
--
ALTER TABLE `login_attempts`
MODIFY `id` int(11) unsigned NOT NULL AUTO_INCREMENT;
--
-- AUTO_INCREMENT for table `panelado`
--
ALTER TABLE `panelado`
MODIFY `id_panelado` tinyint(3) unsigned NOT NULL AUTO_INCREMENT,AUTO_INCREMENT=69;
--
-- AUTO_INCREMENT for table `pds`
--
ALTER TABLE `pds`
MODIFY `id_pds` smallint(5) unsigned NOT NULL AUTO_INCREMENT,AUTO_INCREMENT=3083;
--
-- AUTO_INCREMENT for table `status_device`
--
ALTER TABLE `status_device`
MODIFY `id_status_device` tinyint(3) unsigned NOT NULL AUTO_INCREMENT,AUTO_INCREMENT=4;
--
-- AUTO_INCREMENT for table `status_packaging_device`
--
ALTER TABLE `status_packaging_device`
MODIFY `id_status_packaging_device` tinyint(3) unsigned NOT NULL AUTO_INCREMENT,AUTO_INCREMENT=13;
--
-- AUTO_INCREMENT for table `territory`
--
ALTER TABLE `territory`
MODIFY `id_territory` tinyint(3) unsigned NOT NULL AUTO_INCREMENT,AUTO_INCREMENT=8;
--
-- AUTO_INCREMENT for table `type_alarm`
--
ALTER TABLE `type_alarm`
MODIFY `id_type_alarm` tinyint(3) unsigned NOT NULL AUTO_INCREMENT,AUTO_INCREMENT=58;
--
-- AUTO_INCREMENT for table `type_device`
--
ALTER TABLE `type_device`
MODIFY `id_type_device` tinyint(3) unsigned NOT NULL AUTO_INCREMENT,AUTO_INCREMENT=6;
--
-- AUTO_INCREMENT for table `type_pds`
--
ALTER TABLE `type_pds`
MODIFY `id_type_pds` tinyint(3) unsigned NOT NULL AUTO_INCREMENT,AUTO_INCREMENT=24;
--
-- AUTO_INCREMENT for table `type_profile`
--
ALTER TABLE `type_profile`
MODIFY `id_type_profile` tinyint(3) unsigned NOT NULL AUTO_INCREMENT,AUTO_INCREMENT=6;
--
-- AUTO_INCREMENT for table `type_via`
--
ALTER TABLE `type_via`
MODIFY `id_type_via` tinyint(3) unsigned NOT NULL AUTO_INCREMENT,AUTO_INCREMENT=30;
--
-- AUTO_INCREMENT for table `users`
--
ALTER TABLE `users`
MODIFY `id` int(11) unsigned NOT NULL AUTO_INCREMENT,AUTO_INCREMENT=2;
--
-- AUTO_INCREMENT for table `users_groups`
--
ALTER TABLE `users_groups`
MODIFY `id` int(11) unsigned NOT NULL AUTO_INCREMENT,AUTO_INCREMENT=5;
--
-- Constraints for dumped tables
--

--
-- Constraints for table `users_groups`
--
ALTER TABLE `users_groups`
ADD CONSTRAINT `fk_users_groups_users1` FOREIGN KEY (`user_id`) REFERENCES `users` (`id`) ON DELETE CASCADE ON UPDATE NO ACTION,
ADD CONSTRAINT `fk_users_groups_groups1` FOREIGN KEY (`group_id`) REFERENCES `groups` (`id`) ON DELETE CASCADE ON UPDATE NO ACTION;

/*!40101 SET CHARACTER_SET_CLIENT=@OLD_CHARACTER_SET_CLIENT */;
/*!40101 SET CHARACTER_SET_RESULTS=@OLD_CHARACTER_SET_RESULTS */;
/*!40101 SET COLLATION_CONNECTION=@OLD_COLLATION_CONNECTION */;
